<?xml version="1.0" encoding="UTF-8"?><kml xmlns="http://www.opengis.net/kml/2.2"><Document><name>JalRekha flags to check</name><Style id="flag"><LineStyle><color>ff335aff</color><width>3</width></LineStyle><PolyStyle><color>40335aff</color></PolyStyle></Style><Placemark><name>ameenpur-3</name><description>Ameenpur Lake · buffer · fill_or_construction · 1.14 ac · first seen 2023-dry · new · low</description><styleUrl>#flag</styleUrl><MultiGeometry><Polygon><outerBoundaryIs><LinearRing><coordinates>78.32904131637024,17.528342373595716,0 78.32903637309073,17.528071661516655,0 78.32894231833995,17.52807324236272,0 78.32893243232483,17.527531818126487,0 78.32883837784226,17.527533398876177,0 78.3288317875478,17.527172449331353,0 78.32873773324074,17.527174030001966,0 78.32873608573809,17.527083792604685,0 78.3288301399988,17.52708221194272,0 78.32882849245964,17.526991974553113,0 78.32901660085884,17.52698881311306,0 78.3290182484907,17.527079050485366,0 78.32911230272187,17.527077469689978,0 78.32911395040989,17.52716770705266,0 78.328925841845,17.52717086861626,0 78.3289274894502,17.527261105995272,0 78.3290215437839,17.527259525227052,0 78.32902648679756,17.527530237332325,0 78.32912054126045,17.52752865649368,0 78.32912218899772,17.527618893851518,0 78.32921624349709,17.527617312959755,0 78.32921459571348,17.527527075610564,0 78.32940270459002,17.527523913710912,0 78.3294076482484,17.527794625703642,0 78.32931359367605,17.52779620670166,0 78.32931688940485,17.527976681375918,0 78.32922283472993,17.527978262346764,0 78.32922448256278,17.52806849969109,0 78.32931853728401,17.5280669187116,0 78.3293218330719,17.528247393380045,0 78.32922777825796,17.52824897437684,0 78.32922942612034,17.528339211718258,0 78.32904131637024,17.528342373595716,0</coordinates></LinearRing></outerBoundaryIs></Polygon></MultiGeometry></Placemark><Placemark><name>ameenpur-8</name><description>Ameenpur Lake · lakebed · fill_or_construction · 0.67 ac · first seen 2023-dry · confirmed · medium</description><styleUrl>#flag</styleUrl><MultiGeometry><Polygon><outerBoundaryIs><LinearRing><coordinates>78.32787331587858,17.52105052383612,0 78.32787002296303,17.52087004877029,0 78.3277759718106,17.520871628435337,0 78.32777761821713,17.520961865977384,0 78.32768356700852,17.520963445606615,0 78.32768685975847,17.521143920705093,0 78.3277809110597,17.52114234105857,0 78.32777926463349,17.521052103518457,0 78.32787331587858,17.52105052383612,0</coordinates></LinearRing></outerBoundaryIs></Polygon><Polygon><outerBoundaryIs><LinearRing><coordinates>78.32768685975847,17.521143920705093,0 78.32749875712645,17.52114707986478,0 78.32750204973046,17.521327554993956,0 78.32759610114402,17.521325975419053,0 78.32759445479078,17.521235737863595,0 78.32768850614819,17.521234158252877,0 78.32768685975847,17.521143920705093,0</coordinates></LinearRing></outerBoundaryIs></Polygon><Polygon><outerBoundaryIs><LinearRing><coordinates>78.3274096445775,17.521419372096187,0 78.32750369604723,17.521417792557095,0 78.32750204973046,17.521327554993956,0 78.3273139468738,17.521330714010393,0 78.32731723933188,17.521511189170276,0 78.32741129085777,17.521509609666996,0 78.3274096445775,17.521419372096187,0</coordinates></LinearRing></outerBoundaryIs></Polygon><Polygon><outerBoundaryIs><LinearRing><coordinates>78.32712913625056,17.52151434804345,0 78.32713242856269,17.52169482323404,0 78.3273205318293,17.52169166432628,0 78.32731723933188,17.521511189170276,0 78.32712913625056,17.52151434804345,0</coordinates></LinearRing></outerBoundaryIs></Polygon><Polygon><outerBoundaryIs><LinearRing><coordinates>78.32713242856269,17.52169482323404,0 78.32694432525672,17.52169798196396,0 78.3269476174229,17.52187845718525,0 78.32704166917345,17.52187687782523,0 78.32704002303913,17.521786640223713,0 78.32713407473351,17.521785060827877,0 78.32713242856269,17.52169482323404,0</coordinates></LinearRing></outerBoundaryIs></Polygon><Polygon><outerBoundaryIs><LinearRing><coordinates>78.3269476174229,17.52187845718525,0 78.3267595138923,17.521881615771903,0 78.32676115989749,17.52197185339838,0 78.32694926352076,17.52196869479443,0 78.3269476174229,17.52187845718525,0</coordinates></LinearRing></outerBoundaryIs></Polygon><Polygon><outerBoundaryIs><LinearRing><coordinates>78.32832710545622,17.520140249821992,0 78.32832875206195,17.52023048731991,0 78.3284228028311,17.52022890744866,0 78.32842115617906,17.520138669959387,0 78.32832710545622,17.520140249821992,0</coordinates></LinearRing></outerBoundaryIs></Polygon><Polygon><outerBoundaryIs><LinearRing><coordinates>78.32823634785221,17.520322304652304,0 78.32833039867752,17.52032072481686,0 78.32832875206195,17.52023048731991,0 78.32823470128297,17.520232067146708,0 78.32823634785221,17.520322304652304,0</coordinates></LinearRing></outerBoundaryIs></Polygon><Polygon><outerBoundaryIs><LinearRing><coordinates>78.32823634785221,17.520322304652304,0 78.32814229701707,17.520323884443297,0 78.32814394354983,17.520414121956573,0 78.3282379944313,17.520412542156937,0 78.32823634785221,17.520322304652304,0</coordinates></LinearRing></outerBoundaryIs></Polygon><Polygon><outerBoundaryIs><LinearRing><coordinates>78.32804989265853,17.52041570171176,0 78.32805318566095,17.520596176752697,0 78.3281472366449,17.520594596980214,0 78.32814394354983,17.520414121956573,0 78.32804989265853,17.52041570171176,0</coordinates></LinearRing></outerBoundaryIs></Polygon><Polygon><outerBoundaryIs><LinearRing><coordinates>78.32796078113681,17.520687994008373,0 78.32805483217692,17.520686414271708,0 78.32805318566095,17.520596176752697,0 78.32795913466717,17.52059775648071,0 78.32796078113681,17.520687994008373,0</coordinates></LinearRing></outerBoundaryIs></Polygon><Polygon><outerBoundaryIs><LinearRing><coordinates>78.32796078113681,17.520687994008373,0 78.32786673008685,17.520689573700587,0 78.32787002296303,17.52087004877029,0 78.32796407410562,17.520868469060787,0 78.32796078113681,17.520687994008373,0</coordinates></LinearRing></outerBoundaryIs></Polygon></MultiGeometry></Placemark><Placemark><name>ameenpur-5</name><description>Ameenpur Lake · buffer · fill_or_construction · 0.52 ac · first seen 2023-dry · confirmed · medium</description><styleUrl>#flag</styleUrl><MultiGeometry><Polygon><outerBoundaryIs><LinearRing><coordinates>78.32749197064561,17.52593124944865,0 78.3273979168495,17.525932829375577,0 78.32739627013339,17.525842591843645,0 78.32711410882504,17.525847331331654,0 78.32711575540215,17.52593756888953,0 78.32645737834729,17.52594862619891,0 78.32645902460986,17.526038863816314,0 78.3263649706592,17.52604044326271,0 78.32636661688527,17.526130680887785,0 78.32693094071976,17.52612120349054,0 78.32692929421566,17.526030965917318,0 78.3274936174179,17.526021486970965,0 78.32749197064561,17.52593124944865,0</coordinates></LinearRing></outerBoundaryIs></Polygon><Polygon><outerBoundaryIs><LinearRing><coordinates>78.32749526420004,17.52611172449231,0 78.32758931807898,17.52611014450362,0 78.32758767125051,17.526019906990918,0 78.3274936174179,17.526021486970965,0 78.32749526420004,17.52611172449231,0</coordinates></LinearRing></outerBoundaryIs></Polygon></MultiGeometry></Placemark><Placemark><name>ameenpur-1</name><description>Ameenpur Lake · lakebed · fill_or_construction · 0.49 ac · first seen 2023-dry · confirmed · medium</description><styleUrl>#flag</styleUrl><MultiGeometry><Polygon><outerBoundaryIs><LinearRing><coordinates>78.32988780993551,17.528328143746098,0 78.32979375513432,17.528329725018413,0 78.32979210699389,17.528239487728904,0 78.32988616174873,17.528237906465243,0 78.32988451357181,17.52814766918341,0 78.3297904588633,17.528149250438418,0 78.32978386643944,17.52778830126681,0 78.32959575736362,17.52779146357418,0 78.32960234941673,17.528152412815004,0 78.32969640414494,17.52815083164895,0 78.32969805222919,17.528241068948084,0 78.32960399745464,17.52824265012279,0 78.32960729355997,17.52842312473544,0 78.32970134842721,17.528421543543434,0 78.32970464466463,17.528602018134904,0 78.32979869961471,17.52860043688111,0 78.32979705144473,17.528510199594514,0 78.32989110633862,17.5285086183049,0 78.32988780993551,17.528328143746098,0</coordinates></LinearRing></outerBoundaryIs></Polygon><Polygon><outerBoundaryIs><LinearRing><coordinates>78.32989440278112,17.528689092859818,0 78.32998845775784,17.52868751150842,0 78.32998516122265,17.528507036970804,0 78.32989110633862,17.5285086183049,0 78.32989440278112,17.528689092859818,0</coordinates></LinearRing></outerBoundaryIs></Polygon></MultiGeometry></Placemark><Placemark><name>ameenpur-4</name><description>Ameenpur Lake · lakebed · fill_or_construction · 0.35 ac · first seen 2023-dry · confirmed · medium</description><styleUrl>#flag</styleUrl><MultiGeometry><Polygon><outerBoundaryIs><LinearRing><coordinates>78.32863544174069,17.52672442358875,0 78.32863379433358,17.52663418617797,0 78.3285397402849,17.52663576670774,0 78.32853809293397,17.526545529287336,0 78.32844403892176,17.52654710976399,0 78.32844239162702,17.526456872333966,0 78.32825428366576,17.526460033136548,0 78.32825263647355,17.526369795688264,0 78.32806452856559,17.52637295629566,0 78.3280628814759,17.526282718829112,0 78.32834504318407,17.52627797787725,0 78.32834669041277,17.526368215317856,0 78.32853479826167,17.526365054443627,0 78.3285364455929,17.526455291865968,0 78.32863049954892,17.526453711353494,0 78.32863214693633,17.526543948766214,0 78.32872620092884,17.52654236820062,0 78.32872784837245,17.526632605603726,0 78.32901001042994,17.526627863614152,0 78.32901165802241,17.52671810099033,0 78.32863544174069,17.52672442358875,0</coordinates></LinearRing></outerBoundaryIs></Polygon></MultiGeometry></Placemark><Placemark><name>ameenpur-6</name><description>Ameenpur Lake · lakebed · fill_or_construction · 0.25 ac · first seen 2023-dry · confirmed · medium</description><styleUrl>#flag</styleUrl><MultiGeometry><Polygon><outerBoundaryIs><LinearRing><coordinates>78.32592621249911,17.522617728818034,0 78.32583216025992,17.522619307713665,0 78.32583380588054,17.522709545418817,0 78.32592785816608,17.52270796651455,0 78.32592621249911,17.522617728818034,0</coordinates></LinearRing></outerBoundaryIs></Polygon><Polygon><outerBoundaryIs><LinearRing><coordinates>78.32573975358517,17.522711124278622,0 78.32574139916932,17.52280136199144,0 78.325835451511,17.522799783122995,0 78.32583380588054,17.522709545418817,0 78.32573975358517,17.522711124278622,0</coordinates></LinearRing></outerBoundaryIs></Polygon><Polygon><outerBoundaryIs><LinearRing><coordinates>78.32546088754019,17.522896336067785,0 78.32546253300501,17.522986573804594,0 78.32565063792289,17.522983416255446,0 78.32564899236542,17.522893178535917,0 78.32574304476329,17.522891599703293,0 78.32574139916932,17.52280136199144,0 78.3255532944564,17.522804519594946,0 78.32555493995771,17.52289475732408,0 78.32546088754019,17.522896336067785,0</coordinates></LinearRing></outerBoundaryIs></Polygon><Polygon><outerBoundaryIs><LinearRing><coordinates>78.32536848053131,17.522988152512465,0 78.32537012595964,17.52307839025694,0 78.32546417847965,17.523076811540424,0 78.32546253300501,17.522986573804594,0 78.32536848053131,17.522988152512465,0</coordinates></LinearRing></outerBoundaryIs></Polygon><Polygon><outerBoundaryIs><LinearRing><coordinates>78.3253717713978,17.523168628000445,0 78.32537012595964,17.52307839025694,0 78.32527607342978,17.523079968928997,0 78.32527771882161,17.52317020668114,0 78.3253717713978,17.523168628000445,0</coordinates></LinearRing></outerBoundaryIs></Polygon><Polygon><outerBoundaryIs><LinearRing><coordinates>78.32518366623559,17.523171785317373,0 78.32518531159093,17.523262023077194,0 78.32527936422328,17.523260444432317,0 78.32527771882161,17.52317020668114,0 78.32518366623559,17.523171785317373,0</coordinates></LinearRing></outerBoundaryIs></Polygon><Polygon><outerBoundaryIs><LinearRing><coordinates>78.32518695695609,17.523352260836035,0 78.32518531159093,17.523262023077194,0 78.32509125894873,17.523263601677595,0 78.32509290426756,17.523353839445083,0 78.32518695695609,17.523352260836035,0</coordinates></LinearRing></outerBoundaryIs></Polygon></MultiGeometry></Placemark><Placemark><name>ameenpur-9</name><description>Ameenpur Lake · lakebed · fill_or_construction · 0.25 ac · first seen 2023-dry · confirmed · medium</description><styleUrl>#flag</styleUrl><MultiGeometry><Polygon><outerBoundaryIs><LinearRing><coordinates>78.32983521054365,17.520295441403725,0 78.32974115987585,17.52029702195046,0 78.32974280719606,17.520387259316696,0 78.32983685791018,17.520385678761304,0 78.32983521054365,17.520295441403725,0</coordinates></LinearRing></outerBoundaryIs></Polygon><Polygon><outerBoundaryIs><LinearRing><coordinates>78.33021470822983,17.520469593417182,0 78.33021306066817,17.520379356095187,0 78.32983685791018,17.520385678761304,0 78.32983850528655,17.520475916117917,0 78.33012065750879,17.520471174159056,0 78.33012230503395,17.520561411488732,0 78.33049850804434,17.520555088219915,0 78.33049686033387,17.520464850924846,0 78.33021470822983,17.520469593417182,0</coordinates></LinearRing></outerBoundaryIs></Polygon><Polygon><outerBoundaryIs><LinearRing><coordinates>78.33059420653895,17.520643744577015,0 78.33059255877231,17.52055350729157,0 78.33049850804434,17.520555088219915,0 78.33050015576465,17.52064532551401,0 78.33059420653895,17.520643744577015,0</coordinates></LinearRing></outerBoundaryIs></Polygon></MultiGeometry></Placemark><Placemark><name>ameenpur-7</name><description>Ameenpur Lake · lakebed · fill_or_construction · 0.15 ac · first seen 2023-dry · confirmed · medium</description><styleUrl>#flag</styleUrl><MultiGeometry><Polygon><outerBoundaryIs><LinearRing><coordinates>78.32676445193741,17.522152328648424,0 78.32676280591252,17.52206209102389,0 78.32657470215726,17.522065249467282,0 78.32657634808949,17.522155487109107,0 78.32676445193741,17.522152328648424,0</coordinates></LinearRing></outerBoundaryIs></Polygon><Polygon><outerBoundaryIs><LinearRing><coordinates>78.32657634808949,17.522155487109107,0 78.32648229615076,17.522157066272758,0 78.3264839420465,17.52224730392226,0 78.32657799403154,17.522245724749965,0 78.32657634808949,17.522155487109107,0</coordinates></LinearRing></outerBoundaryIs></Polygon><Polygon><outerBoundaryIs><LinearRing><coordinates>78.32639153591086,17.522339120707258,0 78.3262974838598,17.52234069979927,0 78.32629912968257,17.522430937464115,0 78.32648723386748,17.522427779218344,0 78.3264839420465,17.52224730392226,0 78.32638989005162,17.52224888305009,0 78.32639153591086,17.522339120707258,0</coordinates></LinearRing></outerBoundaryIs></Polygon></MultiGeometry></Placemark><Placemark><name>ameenpur-2</name><description>Ameenpur Lake · buffer · fill_or_construction · 0.12 ac · first seen 2025-dry · new · low</description><styleUrl>#flag</styleUrl><MultiGeometry><Polygon><outerBoundaryIs><LinearRing><coordinates>78.3312986307715,17.528304419324158,0 78.33129533301748,17.528123945021104,0 78.33120127845673,17.528125526943253,0 78.33120457611807,17.52830600126363,0 78.3312986307715,17.528304419324158,0</coordinates></LinearRing></outerBoundaryIs></Polygon><Polygon><outerBoundaryIs><LinearRing><coordinates>78.33111052145476,17.528307583158618,0 78.33111217025387,17.528397820325996,0 78.33101811553438,17.52839940218517,0 78.331019764297,17.528489639360238,0 78.33120787381881,17.52848647558011,0 78.33120457611807,17.52830600126363,0 78.33111052145476,17.528307583158618,0</coordinates></LinearRing></outerBoundaryIs></Polygon></MultiGeometry></Placemark><Placemark><name>bellandur-6</name><description>Bellandur Lake · lakebed · vegetated_land · 60.86 ac · first seen 2025-dry · new · low</description><styleUrl>#flag</styleUrl><MultiGeometry><Polygon><outerBoundaryIs><LinearRing><coordinates>77.67367734892153,12.933160485459977,0 77.67376943907597,12.933159541338336,0 77.67376847652945,12.933069212750373,0 77.67367638640806,12.933070156865197,0 77.67367734892153,12.933160485459977,0</coordinates></LinearRing></outerBoundaryIs></Polygon><Polygon><outerBoundaryIs><LinearRing><coordinates>77.67395843253558,12.933609295859023,0 77.67386634223048,12.933610240079592,0 77.6738653796144,12.933519911501918,0 77.6740495601512,12.93351802304198,0 77.67404859747631,12.933427694477242,0 77.6741406877007,12.933426750205443,0 77.67413972500006,12.933336421646825,0 77.67404763480872,12.933337365911804,0 77.67404667214842,12.933247037345676,0 77.67386249180997,12.933248925764724,0 77.67386152922309,12.93315859718427,0 77.67376943907597,12.933159541338336,0 77.67377521450838,12.933701512851533,0 77.67395939519201,12.933699624429192,0 77.67395843253558,12.933609295859023,0</coordinates></LinearRing></outerBoundaryIs></Polygon><Polygon><outerBoundaryIs><LinearRing><coordinates>77.67193725385586,12.934081704813892,0 77.67193821582151,12.934172033530464,0 77.67203030647823,12.934171089950032,0 77.67202934447953,12.934080761240265,0 77.67193725385586,12.934081704813892,0</coordinates></LinearRing></outerBoundaryIs></Polygon><Polygon><outerBoundaryIs><LinearRing><coordinates>77.67157177681037,12.934356465013444,0 77.67147968605106,12.934357408445345,0 77.67148064787331,12.934447737193887,0 77.67166482945076,12.934445850284032,0 77.67166290568134,12.934265192813495,0 77.67157081496237,12.934266136271019,0 77.67157177681037,12.934356465013444,0</coordinates></LinearRing></outerBoundaryIs></Polygon><Polygon><outerBoundaryIs><LinearRing><coordinates>77.67093291119465,12.93490504108164,0 77.67074872916989,12.934906927540673,0 77.67074776757566,12.934816598741142,0 77.67056358558784,12.934818485056834,0 77.67056262406703,12.934728156242993,0 77.67037844211616,12.934730042415342,0 77.67037940357085,12.9348203712428,0 77.67028731255142,12.934821314287136,0 77.67028827398035,12.934911643120701,0 77.67038036503284,12.934910700069558,0 77.67038132650211,12.93500102889562,0 77.67047341758037,12.935000085805243,0 77.67047437909,12.935090414623806,0 77.6710269256048,12.93508475535961,0 77.67102596389681,12.934994426581886,0 77.6709338728623,12.93499536986686,0 77.67093291119465,12.93490504108164,0</coordinates></LinearRing></outerBoundaryIs></Polygon><Polygon><outerBoundaryIs><LinearRing><coordinates>77.67420135256219,12.939117447998047,0 77.67429344486234,12.939116503264408,0 77.67429537127175,12.9392971602784,0 77.67457164832683,12.93929432584194,0 77.674569721719,12.93911366886885,0 77.67484599850991,12.939110834181305,0 77.67484503511773,12.939020505714167,0 77.67502921954234,12.939018615773895,0 77.67502825609131,12.938928287319701,0 77.67521244042055,12.938926397263295,0 77.67521340393773,12.939016725703853,0 77.6753975883039,12.939014835504041,0 77.67539662472059,12.938924507077123,0 77.67548871685965,12.938923561935374,0 77.67548968047602,12.939013890355474,0 77.67585804909147,12.939010109436776,0 77.6758570853428,12.938919781043957,0 77.67594917744533,12.938918835739997,0 77.67595014122706,12.939009164125997,0 77.67650269388719,12.939003491580035,0 77.676501729907,12.938913163234961,0 77.67668591400243,12.938911272140414,0 77.67668494996343,12.938820943808292,0 77.67677704196711,12.938819998219179,0 77.67677511384488,12.938639341566489,0 77.67686720577511,12.938638395958577,0 77.6768623854321,12.938186754348811,0 77.67677029366723,12.938187699922606,0 77.67676932965362,12.938097371591748,0 77.67667723791452,12.93809831712628,0 77.67667530997537,12.937917660448829,0 77.67658321829508,12.937918605937279,0 77.6765803265404,12.937647620895422,0 77.67667241812148,12.937646675427438,0 77.67666663461105,12.937104705365897,0 77.6767587259864,12.937103759906412,0 77.67675197865867,12.93647146151742,0 77.67684406979527,12.936470516073259,0 77.67684214198701,12.93628985939808,0 77.67675005091654,12.9362908048286,0 77.67674908705642,12.936200476483148,0 77.6766569960117,12.93620142187441,0 77.67665603219197,12.93611109352144,0 77.67656394117301,12.936112038873445,0 77.67656201362159,12.935931382151777,0 77.67646992266145,12.935932327457703,0 77.67646895892976,12.935841999089003,0 77.67656104985684,12.935841053789897,0 77.67655815860645,12.9355700687001,0 77.67646606777858,12.935571013978738,0 77.6764679952054,12.93575167071961,0 77.67637590430407,12.935752615979462,0 77.67637108595713,12.935300974087964,0 77.67646317669315,12.93530002886222,0 77.67646414038099,12.93539035723509,0 77.67655623114275,12.935389411970093,0 77.67655526742185,12.935299083604049,0 77.67664735814324,12.935298138313442,0 77.6766463943966,12.93520780995352,0 77.67646221301261,12.935209700488661,0 77.67645739471962,12.93475805861043,0 77.67654948524996,12.934757113393184,0 77.67654659426269,12.934486128278374,0 77.67645450383152,12.934487073475154,0 77.67645546745358,12.934577401854272,0 77.67617919601707,12.934580237270486,0 77.67618015954726,12.934670565669375,0 77.67608806902074,12.934671510750075,0 77.67608710552362,12.934581182344363,0 77.67590292451479,12.934583072394826,0 77.67590196109109,12.934492743974781,0 77.67580987060877,12.934493688944546,0 77.67581468763505,12.934945331071926,0 77.67572259698014,12.934946276043362,0 77.67571970684163,12.934675290748558,0 77.67553552570824,12.934677180553212,0 77.67553359911801,12.934496523659256,0 77.67544150860645,12.9344974684993,0 77.67544054535536,12.93440714004446,0 77.67534845486958,12.934408084845254,0 77.67534363888896,12.933956442526544,0 77.67525154856116,12.933957387260813,0 77.67525347486537,12.934138044204017,0 77.67516138446418,12.934138988919495,0 77.67516620018725,12.934590631299445,0 77.67507410961343,12.934591576016583,0 77.675068330966,12.93404960511765,0 77.67479205979578,12.934052438951765,0 77.67479398578404,12.934233095961758,0 77.67460980483513,12.934234985049622,0 77.67460787897912,12.934054328012358,0 77.67451578855984,12.93405527249401,0 77.67451771434973,12.934235929544908,0 77.67442562385703,12.934236874007766,0 77.67442754961002,12.934417531069522,0 77.67424336847047,12.93441941992521,0 77.67424529412041,12.93460007701145,0 77.67415320347357,12.93460102140428,0 77.67415416627644,12.934691349953173,0 77.67396998489473,12.934693238655177,0 77.67396517128397,12.934241595835601,0 77.67387308074747,12.934242540103877,0 77.67387211808028,12.934152211531064,0 77.67378002756952,12.934153155760095,0 77.67377906494269,12.934062827179773,0 77.67387115542039,12.934061882957554,0 77.67386826748454,12.933790897232859,0 77.67377617710602,12.933791841434632,0 77.67377521450838,12.933701512851533,0 77.67349894342819,12.933704345241832,0 77.67349701845319,12.933523688032656,0 77.67340492814462,12.93352463208427,0 77.6734078155189,12.933795617917433,0 77.67331572510388,12.933796561957058,0 77.67332246233461,12.934428862257827,0 77.67323037168089,12.93442980631272,0 77.67323807154663,12.935152435240719,0 77.67314598062113,12.93515337931769,0 77.67315079310913,12.935605022409181,0 77.673058702011,12.935605966487785,0 77.67305100238227,12.934883337478558,0 77.6731430932159,12.934882393454458,0 77.67313828101983,12.934430750335183,0 77.6730461903515,12.934431694325218,0 77.67304715274307,12.934522022957273,0 77.67295506203438,12.934522966921689,0 77.67295891154133,12.934884281470223,0 77.67286682069309,12.934885225429461,0 77.67286874542424,12.935065882713186,0 77.6727766545026,12.935066826653616,0 77.67277472983756,12.934886169356265,0 77.67240636634246,12.93488994473916,0 77.67240540415312,12.934799616062193,0 77.67231331329418,12.934800559820026,0 77.67231235114521,12.934710231135554,0 77.67212816947152,12.934712118540306,0 77.67212720739597,12.934621789841517,0 77.67203511658124,12.934622733488434,0 77.67203415454605,12.934532404782145,0 77.67194206375709,12.93453334838982,0 77.6719401397747,12.934352690961529,0 77.67203223049755,12.934351747367476,0 77.67203126848425,12.9342614186591,0 77.67193917779447,12.934262362246345,0 77.67193821582151,12.934172033530464,0 77.6718461251575,12.934172977078468,0 77.67184804904457,12.934353634523152,0 77.67175595830714,12.934354578052348,0 77.67175692022856,12.934444906780461,0 77.67166482945076,12.934445850284032,0 77.67166675324938,12.934626507751789,0 77.67175884409329,12.934625564234597,0 77.6717598060366,12.934715892960627,0 77.67166771515961,12.934716836484629,0 77.67166867707716,12.934807165216773,0 77.6717607679872,12.93480622168596,0 77.67176172994509,12.934896550410599,0 77.67166963900199,12.93489749394822,0 77.67167252482028,12.9351684801384,0 77.67158043377071,12.935169423664016,0 77.67157947185706,12.935079094927842,0 77.67148738083326,12.935080038414219,0 77.67148641895994,12.934989709670537,0 77.67157850995068,12.93498876619097,0 77.67157370052827,12.934537122496211,0 77.67148160970284,12.934538065941732,0 77.67148064787331,12.934447737193887,0 77.67138855707363,12.934448680600166,0 77.6713895188701,12.934539009354822,0 77.67111324632813,12.934541839399502,0 77.67111613146379,12.934812825720574,0 77.67120822241759,12.934811882384354,0 77.67120918417712,12.934902211149845,0 77.67111709319026,12.934903154492877,0 77.67111901666509,12.935083812035396,0 77.6710269256048,12.93508475535961,0 77.67102884904268,12.935265412912969,0 77.6713051224,12.935262582802178,0 77.67130608422907,12.935352911557391,0 77.67112190193203,12.935354798343969,0 77.6711238254798,12.935535455879542,0 77.6710317342542,12.935536399237797,0 77.67103077250974,12.935446070463549,0 77.67093868130992,12.93544701378256,0 77.6709377196058,12.935356685000809,0 77.67084562843176,12.935357628280581,0 77.67084370511155,12.935176970701383,0 77.67075161399633,12.935177913935105,0 77.67075257561973,12.935268242731857,0 77.6705683933013,12.93527012911562,0 77.67057031643772,12.935450786734274,0 77.67066240766671,12.935449843544998,0 77.67066336927893,12.935540172346476,0 77.67075546053368,12.935539229117955,0 77.67075642218624,12.935629557911932,0 77.67084851346678,12.93562861464417,0 77.67084947515971,12.935718943430645,0 77.67057320119704,12.935721773157047,0 77.67057416279808,12.935812101963249,0 77.67075834551328,12.935810215497801,0 77.67075930718772,12.935900544289696,0 77.67094348993986,12.935898657680896,0 77.67094445168773,12.935988986458478,0 77.67103654308592,12.93598804309862,0 77.67103750487416,12.936078371868703,0 77.67140587052626,12.936074598077685,0 77.67140683245405,12.93616492681984,0 77.6714989238819,12.936163983284187,0 77.67149988585004,12.936254312018834,0 77.67159197730366,12.93625336844394,0 77.67159101530245,12.936163039716101,0 77.67168310671572,12.936162096115579,0 77.67168214468875,12.936071767393852,0 77.67177423606165,12.936070823767704,0 77.6717751981217,12.936161152482619,0 77.67186728952036,12.936160208817228,0 77.67186825162077,12.93625053752464,0 77.67251289143864,12.936243930911035,0 77.67251385377779,12.936334259570074,0 77.67260594518422,12.936333315631575,0 77.67261556930768,12.937236602115657,0 77.67279975275999,12.937234714005113,0 77.67279782774463,12.937054056741102,0 77.6728899193937,12.937053112650798,0 77.67288606931832,12.936691798141693,0 77.67297816082782,12.936690854046203,0 77.67298393618307,12.937232825764818,0 77.67289184447517,12.937233769901185,0 77.67289761989478,12.937775741635669,0 77.67280552798117,12.937776685780472,0 77.67280937827462,12.938138000283484,0 77.67271728622143,12.938138944423102,0 77.67271921134581,12.93831960168406,0 77.67290339557715,12.938317713345139,0 77.67290243294516,12.93822738472863,0 77.67299452501683,12.938226440517324,0 77.67299548768187,12.938316769127018,0 77.6730875797793,12.938315824876458,0 77.67308950519742,12.93849648208014,0 77.67327368950266,12.93849459345444,0 77.67327272672381,12.938404264866572,0 77.6733648188324,12.938403320511874,0 77.67336963296503,12.938854963410192,0 77.67355381749104,12.93885307453533,0 77.6735547804056,12.93894340309928,0 77.67364687269072,12.938942458606375,0 77.67364590974309,12.938852130049238,0 77.67373800198783,12.938851185530703,0 77.67373896496855,12.938941514081025,0 77.67383105723907,12.938940569523233,0 77.67383202026016,12.939030898066042,0 77.67420038940152,12.939027119483187,0 77.67420135256219,12.939117447998047,0</coordinates></LinearRing></outerBoundaryIs></Polygon><Polygon><outerBoundaryIs><LinearRing><coordinates>77.67441695833007,12.933423917195489,0 77.67450904852527,12.933422972793982,0 77.67450808569238,12.933332644262626,0 77.67441599553027,12.933333588657318,0 77.67441503273774,12.933243260118454,0 77.67450712286681,12.933242315730583,0 77.67450616004855,12.933151987197839,0 77.67422988973858,12.93315482024373,0 77.6742327779178,12.93342580590122,0 77.67432486812758,12.93342486156457,0 77.67432583090165,12.93351519010886,0 77.67441792113718,12.933514245732967,0 77.67441695833007,12.933423917195489,0</coordinates></LinearRing></outerBoundaryIs></Polygon><Polygon><outerBoundaryIs><LinearRing><coordinates>77.6742327779178,12.93342580590122,0 77.6741406877007,12.933426750205443,0 77.67414165040866,12.93351707876337,0 77.67423374065879,12.93351613445233,0 77.6742327779178,12.93342580590122,0</coordinates></LinearRing></outerBoundaryIs></Polygon><Polygon><outerBoundaryIs><LinearRing><coordinates>77.6766396483747,12.934575511414641,0 77.67664157577299,12.934756168143513,0 77.67673366628871,12.934755222861405,0 77.67673173882432,12.934574566146182,0 77.6766396483747,12.934575511414641,0</coordinates></LinearRing></outerBoundaryIs></Polygon><Polygon><outerBoundaryIs><LinearRing><coordinates>77.67673463003187,12.934845551217975,0 77.6766425394831,12.934846496506902,0 77.67664157577299,12.934756168143513,0 77.67654948524996,12.934757113393184,0 77.67655334000199,12.935118426869874,0 77.67664543065726,12.935117481592911,0 77.67664350320051,12.934936824869599,0 77.67673559378235,12.934935879573848,0 77.67673463003187,12.934845551217975,0</coordinates></LinearRing></outerBoundaryIs></Polygon><Polygon><outerBoundaryIs><LinearRing><coordinates>77.67665603219197,12.93611109352144,0 77.67674812320362,12.936110148136999,0 77.67674908705642,12.936200476483148,0 77.67684117809382,12.936199531059449,0 77.67683925032941,12.936018874380103,0 77.67665506837955,12.936020765167772,0 77.67665603219197,12.93611109352144,0</coordinates></LinearRing></outerBoundaryIs></Polygon></MultiGeometry></Placemark><Placemark><name>bellandur-18</name><description>Bellandur Lake · lakebed · fill_or_construction · 31.75 ac · first seen 2021-dry · confirmed · medium</description><styleUrl>#flag</styleUrl><MultiGeometry><Polygon><outerBoundaryIs><LinearRing><coordinates>77.66704587849938,12.933138047913749,0 77.66713796914574,12.9331371061337,0 77.66713700898654,12.933046777054978,0 77.66704491837325,12.93304771882823,0 77.66704587849938,12.933138047913749,0</coordinates></LinearRing></outerBoundaryIs></Polygon><Polygon><outerBoundaryIs><LinearRing><coordinates>77.6676089863182,12.934126016193197,0 77.66760802591361,12.934035687156108,0 77.66770011684685,12.934034745113497,0 77.66770203772943,12.934215403173386,0 77.66779412872151,12.934214461084741,0 77.6677970101992,12.934485448148973,0 77.66788910128317,12.934484506007498,0 77.66789102237084,12.934665164033246,0 77.66770684006337,12.934667048310953,0 77.66770780055202,12.934757377336386,0 77.66798407410147,12.934754550850775,0 77.66798311351364,12.934664221845743,0 77.66825938689833,12.934661395088648,0 77.66825842621863,12.934571066103324,0 77.66835051729922,12.934570123792895,0 77.66834955659372,12.934479794813676,0 77.66853373866695,12.934477910109132,0 77.66853277790263,12.93438758114282,0 77.66871695988058,12.934385696322154,0 77.66871599905741,12.934295367368751,0 77.6688080900024,12.934294424916574,0 77.66880712915348,12.93420409596928,0 77.66871503824154,12.934205038414657,0 77.66871407743295,12.93411470945987,0 77.66880616831183,12.934113767021296,0 77.66880520747746,12.934023438072613,0 77.66898938914723,12.93402155311178,0 77.66898650648952,12.93375056630239,0 77.6690785972143,12.933749623793735,0 77.66907763630991,12.933659294862686,0 77.66926181767147,12.933657409761695,0 77.66926470060484,12.933928396511943,0 77.66917260982852,12.933929339099063,0 77.66917357078783,12.934019668021225,0 77.66926566159721,12.934018725427306,0 77.66926662259687,12.934109054341972,0 77.669358713432,12.934108111708818,0 77.6693606355193,12.934288769522459,0 77.66908436279365,12.934291597365457,0 77.66908724568171,12.934562584141942,0 77.66917933669674,12.934561641539634,0 77.66918029770706,12.934651970456935,0 77.66945657080755,12.934649142435006,0 77.66945560969806,12.934558813538114,0 77.66973188263378,12.934555985244714,0 77.66973092143238,12.93446565636754,0 77.66963883049416,12.934466599157634,0 77.66963498589371,12.934105283614771,0 77.66972707669969,12.934104340851896,0 77.66972803787193,12.934194669731847,0 77.66982012870368,12.934193726929736,0 77.66982397359777,12.934555042415385,0 77.66991606455449,12.934554099553626,0 77.6699131807738,12.934283112960845,0 77.67009736246698,12.934281227180863,0 77.67009928511237,12.934461884882857,0 77.67019137601415,12.934460941930608,0 77.67018945330263,12.934280284242224,0 77.670281544131,12.934279341271157,0 77.67028250551617,12.934369670108891,0 77.6703745963703,12.934368727098587,0 77.67037555779584,12.934459055928818,0 77.67046764867573,12.934458112879279,0 77.67046668721713,12.93436778405585,0 77.67065086888894,12.934365897873088,0 77.67064894586142,12.934185240251384,0 77.67074103662026,12.93418429712497,0 77.67074007508437,12.934093968319884,0 77.67064798435858,12.93409491143949,0 77.6706460613748,12.933914253813615,0 77.67073815203446,12.933913310707624,0 77.67073719052046,12.933822981900455,0 77.67082928113977,12.93382203876884,0 77.67082735806751,12.933641381166028,0 77.67091944861342,12.933640438015603,0 77.67091656396055,12.933369451626598,0 77.6710086544,12.933368508464167,0 77.67100769283057,12.933278179673252,0 77.67109978322966,12.933277236485202,0 77.67110074483216,12.933367565269304,0 77.67119283525702,12.933366622042016,0 77.67119187362147,12.93327629326472,0 77.6713760543832,12.933274406726472,0 77.67137509268883,12.933184077962096,0 77.6714671830257,12.93318313465114,0 77.67147102997913,12.93354444967724,0 77.67128684903365,12.933546336321195,0 77.67128588735046,12.933456007552094,0 77.67119379689984,12.93345695081862,0 77.67119475854997,12.93354727959453,0 77.67110266805899,12.933548222835437,0 77.67110459131501,12.93372888039879,0 77.67101250075063,12.933729823620885,0 77.67101730885304,12.93418146755115,0 77.67120149030508,12.934179581006456,0 77.6712005286039,12.934089252235408,0 77.67110843791458,12.934090195517165,0 77.67110555295397,12.933819209179424,0 77.67156600583175,12.933814492548478,0 77.67156504402752,12.93372416380189,0 77.67165713454813,12.933723220385222,0 77.67165521089542,12.933542562903575,0 77.67156312044091,12.933543506306622,0 77.67156023511573,12.933272520058512,0 77.67165232547107,12.933271576675896,0 77.67165040189131,12.933090919187302,0 77.67146622130558,12.93309280589288,0 77.67146429788721,12.932912148374275,0 77.67137220764951,12.932913091664803,0 77.67137028432644,12.932732434129804,0 77.67127819414758,12.932733377374289,0 77.67127723253003,12.932643048598935,0 77.6710009620488,12.932645878117407,0 77.67099807753743,12.932374891725921,0 77.67109016760598,12.932373948605946,0 77.67108920608372,12.932283619814196,0 77.67118129611193,12.932282676668606,0 77.6711803345639,12.932192347882976,0 77.67127242455174,12.932191404711768,0 77.67127146297797,12.932101075932252,0 77.67136355292547,12.932100132735428,0 77.67136259132593,12.932009803962025,0 77.67191513065944,12.932004144141011,0 77.6719160924573,12.93209447287356,0 77.67210027224287,12.932092585993539,0 77.67209931037891,12.932002257274613,0 77.67255975954991,12.931997539541188,0 77.67256072157915,12.932087868226061,0 77.6726528114245,12.932086924575291,0 77.67264896321919,12.93172560985889,0 77.67237269405783,12.931728440632188,0 77.67237173212389,12.93163811193092,0 77.67191128354098,12.931642829203886,0 77.67191224530966,12.931733157939208,0 77.67071507771091,12.931745419143885,0 77.6707160390572,12.931835747967025,0 77.67043976933714,12.931838576718045,0 77.67044073059155,12.931928905560913,0 77.67016446070672,12.931931734040534,0 77.67016542186927,12.932022062903124,0 77.66961288170445,12.932027719027737,0 77.66961384267597,12.932118047930462,0 77.66915339217289,12.93212276050998,0 77.66915435298644,12.932213089446027,0 77.66906226283089,12.932214031871458,0 77.66906322361868,12.932304360813614,0 77.66887904321963,12.93230624558081,0 77.6688800039486,12.932396574535879,0 77.66878791370509,12.93239751687764,0 77.66878983511876,12.932578174799296,0 77.66869774480186,12.932579117122236,0 77.66869870548656,12.932669446088827,0 77.66842243439298,12.932672272883488,0 77.66842339498581,12.932762601869793,0 77.66833130457366,12.93276354407663,0 77.66832938346138,12.93258288608973,0 77.66823729310805,12.932583828250536,0 77.6682363325959,12.932493499249244,0 77.66786797124193,12.932497267541011,0 77.66786989200908,12.932677925597302,0 77.66796198242461,12.932676983559398,0 77.66796294285217,12.932767312579704,0 77.66787085240358,12.932768254624406,0 77.66787181280536,12.932858583650818,0 77.66768763182023,12.932860467656537,0 77.66768859216319,12.932950796695856,0 77.66759650162665,12.932951738656875,0 77.6675984222683,12.933132396747025,0 77.66732215041661,12.933135222476313,0 77.66732119019132,12.933044893411187,0 77.66722909959257,12.933045835249295,0 77.66723005978481,12.933136164321217,0 77.66713796914574,12.9331371061337,0 77.66713988948595,12.933317764289052,0 77.66750825226303,12.933313996790183,0 77.66750921257629,12.933404325839625,0 77.6673250311362,12.933406209667515,0 77.66732695165236,12.933586867791512,0 77.66741904244216,12.933585925880188,0 77.66742288369407,12.933947242092657,0 77.66751497460884,12.933946300121704,0 77.66751689534462,12.93412695821018,0 77.6676089863182,12.934126016193197,0</coordinates></LinearRing></outerBoundaryIs></Polygon><Polygon><outerBoundaryIs><LinearRing><coordinates>77.6690785972143,12.933749623793735,0 77.66908051904493,12.933930281653751,0 77.66917260982852,12.933929339099063,0 77.66917068793178,12.933748681252652,0 77.6690785972143,12.933749623793735,0</coordinates></LinearRing></outerBoundaryIs></Polygon><Polygon><outerBoundaryIs><LinearRing><coordinates>77.66973188263378,12.934555985244714,0 77.66973284384247,12.934646314121194,0 77.66982493483953,12.93464537128506,0 77.66982397359777,12.934555042415385,0 77.66973188263378,12.934555985244714,0</coordinates></LinearRing></outerBoundaryIs></Polygon><Polygon><outerBoundaryIs><LinearRing><coordinates>77.66660078552215,12.934588022145238,0 77.66660174560678,12.934678351252941,0 77.66650965435474,12.934679292953962,0 77.6665106144136,12.934769622067767,0 77.66660270569871,12.934768680359948,0 77.66660654613915,12.93512999678104,0 77.66669863754923,12.935129055013597,0 77.66669287673386,12.934587080418579,0 77.6667849679383,12.934586138659485,0 77.66678208752973,12.934315151372994,0 77.66650581419215,12.934317976491801,0 77.66650869430316,12.934588963839467,0 77.66660078552215,12.934588022145238,0</coordinates></LinearRing></outerBoundaryIs></Polygon><Polygon><outerBoundaryIs><LinearRing><coordinates>77.66679072895202,12.935128113213723,0 77.66679552999705,12.935579758656498,0 77.66670343842895,12.935580700490357,0 77.66671112021514,12.936303333217067,0 77.66680321204775,12.936302391328832,0 77.66680033122414,12.936031404081913,0 77.66689242295027,12.936030462181632,0 77.6668933832506,12.936120791257839,0 77.66698547500252,12.936119849318326,0 77.66698451466914,12.936029520248919,0 77.66707660638072,12.93602857828377,0 77.66707372532504,12.935757591091777,0 77.66725790852797,12.935755707104958,0 77.66725982935674,12.935936365206453,0 77.66735192101339,12.935935423150795,0 77.66735288147177,12.9360257521937,0 77.66772124815786,12.936021983619526,0 77.66772028756724,12.935931654603813,0 77.66781237918748,12.935930712385979,0 77.66781141857108,12.935840383376375,0 77.66790351015098,12.935839441132904,0 77.6679025495088,12.935749112129407,0 77.66781045796196,12.935750054366075,0 77.66780853676559,12.935569396343391,0 77.66771644527759,12.935570338534028,0 77.66771068206165,12.935028364408511,0 77.66752649946056,12.935030248610888,0 77.66753034131088,12.935391564751734,0 77.66743824986716,12.935392506831471,0 77.6674392103149,12.935482835871744,0 77.66734711883082,12.935483777925846,0 77.66734519800877,12.935303119831005,0 77.66743728942672,12.9353021777905,0 77.66743632899356,12.93521184874884,0 77.66734423760867,12.935212790782543,0 77.66734231683033,12.935032132683535,0 77.66715813417098,12.93503401662645,0 77.66716005481707,12.93521467475265,0 77.66706796341033,12.935215616689053,0 77.66706892371126,12.93530594575791,0 77.66697683226418,12.93530688766868,0 77.66697299123648,12.934945571361897,0 77.6670650825513,12.934944629478318,0 77.66706412227953,12.934854300406686,0 77.66715621355401,12.934853358497474,0 77.66715525325645,12.934763029431943,0 77.66733943571744,12.93476114552982,0 77.66733847536105,12.934670816477192,0 77.66743056654754,12.93466987448428,0 77.66742864579048,12.934489216390542,0 77.66752073690358,12.934488274378797,0 77.66751977650291,12.93439794533768,0 77.66761186757567,12.934397003300303,0 77.66761282800941,12.93448733233462,0 77.66770491910795,12.93448639025801,0 77.66770203772943,12.934215403173386,0 77.66751785572343,12.934217287253372,0 77.66751881610953,12.934307616295875,0 77.66742672506255,12.934308558294024,0 77.66742480436375,12.93412790019473,0 77.6673327133756,12.93412884214685,0 77.6673336736883,12.93421917120364,0 77.66714949162404,12.934221055024187,0 77.6671504518779,12.934311384093881,0 77.6668741786277,12.934314209601862,0 77.66687705913544,12.934585196867962,0 77.6667849679383,12.934586138659485,0 77.66678880858498,12.934947455031754,0 77.66688089991437,12.934946513213042,0 77.66688282034754,12.935127171381419,0 77.66679072895202,12.935128113213723,0</coordinates></LinearRing></outerBoundaryIs></Polygon><Polygon><outerBoundaryIs><LinearRing><coordinates>77.67174153036123,12.932999647047346,0 77.67164944011236,12.933000590441964,0 77.67165040189131,12.933090919187302,0 77.67174249217324,12.933089975785876,0 77.67174153036123,12.932999647047346,0</coordinates></LinearRing></outerBoundaryIs></Polygon><Polygon><outerBoundaryIs><LinearRing><coordinates>77.6718355443002,12.933179361083043,0 77.67174345399253,12.93318030452371,0 77.67174537765298,12.933360961997288,0 77.67183746802678,12.933360018543006,0 77.6718355443002,12.933179361083043,0</coordinates></LinearRing></outerBoundaryIs></Polygon><Polygon><outerBoundaryIs><LinearRing><coordinates>77.67202164875249,12.933358131537151,0 77.67192955839327,12.933359075056291,0 77.67193148221516,12.93353973249986,0 77.67202357264047,12.933538788967095,0 77.67202261069284,12.93344846025247,0 77.6721147010778,12.933447516694091,0 77.67211181517949,12.93317653056648,0 77.67220390545799,12.933175586996105,0 77.67219813366002,12.932633614762997,0 77.67238231379847,12.932631727606697,0 77.67238519986294,12.932902713685507,0 77.6722931096982,12.932903657300306,0 77.67229503371158,12.93308431469633,0 77.67238712394243,12.933083371067912,0 77.67239385845042,12.933715671884448,0 77.67248594890536,12.93371472817592,0 77.6724869110402,12.933805056854407,0 77.67267109199432,12.933803169326445,0 77.67267205420255,12.933893497990613,0 77.6724878731823,12.933895385532198,0 77.67249172182373,12.934256700236427,0 77.67258381246974,12.934255756454599,0 77.67258669912661,12.934526742455043,0 77.67267878986449,12.934525798620351,0 77.67267590310844,12.934254812640342,0 77.67276799373987,12.934253868793656,0 77.67276318246043,12.93380222551382,0 77.67285527291925,12.933801281668766,0 77.67285238614001,12.933530295712965,0 77.67294447649236,12.933529351855922,0 77.67294640107067,12.933710009146857,0 77.67303849148183,12.93370906524376,0 77.67304041615547,12.933889722518286,0 77.67313250662545,12.933888778569134,0 77.67312865717516,12.933527464044545,0 77.67331283782877,12.933525576103456,0 77.67331091301519,12.933344918864247,0 77.67321882275816,12.933345862837378,0 77.67321304869094,12.932803891062207,0 77.67330513874965,12.932802947129959,0 77.67330417639761,12.932712618505144,0 77.673119996339,12.93271450632359,0 77.67311807178905,12.932533849044628,0 77.67284180184473,12.932536680488225,0 77.67284757498723,12.933078652439407,0 77.67275548479286,12.933079596229964,0 77.67276222022645,12.933711896855769,0 77.67267012979339,12.933712840661581,0 77.67266724323437,12.933441854662822,0 77.67257515289319,12.933442798415772,0 77.67257034227275,12.932991155036559,0 77.67247825208953,12.93299209872302,0 77.67247440385675,12.932630783979906,0 77.67256649390774,12.93262984032069,0 77.67256553183472,12.93253951163999,0 77.67247344181679,12.932540455292392,0 77.67247247978413,12.932450126604184,0 77.67256456976901,12.932449182958592,0 77.6725636077106,12.932358854276501,0 77.67247151775878,12.93235979791528,0 77.67247055574072,12.932269469225682,0 77.6722863758813,12.932271356392343,0 77.67228541393663,12.93218102768843,0 77.67191705426244,12.932184801605409,0 77.6719160924573,12.93209447287356,0 77.67163982272422,12.932097302950407,0 77.6716407844302,12.932187631702684,0 77.6713645145323,12.932190461508135,0 77.67136547614642,12.932280790280146,0 77.67127338613282,12.932281733490587,0 77.67127434772118,12.932372062268717,0 77.67118225766723,12.932373005453547,0 77.67118321922983,12.932463334237786,0 77.67127530931684,12.932462391046155,0 77.67127627091979,12.93255271982289,0 77.67136836103256,12.932551776592021,0 77.67137028432644,12.932732434129804,0 77.67146237449805,12.93273149085289,0 77.67146429788721,12.932912148374275,0 77.67155638811762,12.932911205051315,0 77.67155734985622,12.933001533804156,0 77.67164944011236,12.933000590441964,0 77.67164847834073,12.932910261695934,0 77.67183265876506,12.932908374887889,0 77.67183362060281,12.932998703620298,0 77.67192571083709,12.932997760160825,0 77.67192667271519,12.933088088885736,0 77.67183458244786,12.933089032352017,0 77.6718355443002,12.933179361083043,0 77.67192763460059,12.933178417609952,0 77.67192859649329,12.93326874633347,0 77.67202068681944,12.933267802821135,0 77.67202164875249,12.933358131537151,0</coordinates></LinearRing></outerBoundaryIs></Polygon><Polygon><outerBoundaryIs><LinearRing><coordinates>77.6716532872719,12.933361905419146,0 77.67165424908,12.93345223416171,0 77.67174633949416,12.93345129073304,0 77.67174537765298,12.933360961997288,0 77.6716532872719,12.933361905419146,0</coordinates></LinearRing></outerBoundaryIs></Polygon><Polygon><outerBoundaryIs><LinearRing><coordinates>77.67295217498078,12.934251981002992,0 77.6730442655903,12.934251037059019,0 77.67304041615547,12.933889722518286,0 77.67294832567818,12.933890666435014,0 77.67295217498078,12.934251981002992,0</coordinates></LinearRing></outerBoundaryIs></Polygon><Polygon><outerBoundaryIs><LinearRing><coordinates>77.67240059331597,12.934347972666952,0 77.67249268400234,12.934347028910745,0 77.67249172182373,12.934256700236427,0 77.67239963117042,12.93425764398582,0 77.67240059331597,12.934347972666952,0</coordinates></LinearRing></outerBoundaryIs></Polygon></MultiGeometry></Placemark><Placemark><name>bellandur-31</name><description>Bellandur Lake · lakebed · vegetated_land · 4.89 ac · first seen 2021-dry · new · low</description><styleUrl>#flag</styleUrl><MultiGeometry><Polygon><outerBoundaryIs><LinearRing><coordinates>77.6578080756734,12.930522168930912,0 77.65771598528441,12.930523107232467,0 77.65771407215234,12.930342447648362,0 77.65762198182219,12.930343385903948,0 77.65762293835155,12.930433715703117,0 77.65753084798109,12.930434653933053,0 77.65753276099547,12.930615313542866,0 77.65762485143202,12.930614375299385,0 77.65762580798315,12.930704705096472,0 77.65780998890058,12.93070282849869,0 77.6578080756734,12.930522168930912,0</coordinates></LinearRing></outerBoundaryIs></Polygon><Polygon><outerBoundaryIs><LinearRing><coordinates>77.65643436819347,12.931258879117085,0 77.65652645894845,12.931257941215273,0 77.65652550275043,12.931167611341074,0 77.6564334120285,12.931168549236116,0 77.65643436819347,12.931258879117085,0</coordinates></LinearRing></outerBoundaryIs></Polygon><Polygon><outerBoundaryIs><LinearRing><coordinates>77.65515561006562,12.932265636025255,0 77.65515656585487,12.932355965992668,0 77.65497238332682,12.932357840953557,0 77.65497142760368,12.932267510972608,0 77.65487933636184,12.932268448397645,0 77.65488029205193,12.93235877838536,0 77.65478820076979,12.932359715784736,0 77.65478915643406,12.932450045778529,0 77.65442079110078,12.932453795078825,0 77.65441983556873,12.932363465057971,0 77.65423565292471,12.932365339500029,0 77.65423660839065,12.932455669534413,0 77.65432869974934,12.932454732322833,0 77.65432965525558,12.93254506234976,0 77.65442174664008,12.932544125098989,0 77.65442270218662,12.932634455118455,0 77.65497525053974,12.932628830892249,0 77.65497429479484,12.932538500913378,0 77.6551584774551,12.932536625925419,0 77.65515752165136,12.932446295959387,0 77.65552588675266,12.932442545621415,0 77.65552493082393,12.932352215681766,0 77.65561702204808,12.932351278022972,0 77.65561606609356,12.932260948089398,0 77.65570815727739,12.93226001040495,0 77.65570720129706,12.932169680477447,0 77.6559834747059,12.932166867249844,0 77.65598251863366,12.932076537341958,0 77.65607460972237,12.932075599541337,0 77.65607269753355,12.931894939737028,0 77.65616478854889,12.931894001917522,0 77.65616383243231,12.931803672021097,0 77.65625592340736,12.931802734175935,0 77.65625496726496,12.931712404285587,0 77.65634705819971,12.93171146641477,0 77.65634610203152,12.931621136530499,0 77.65643819292595,12.931620198634027,0 77.65643723673196,12.931529868755831,0 77.65689769093007,12.931525178820968,0 77.65689673457805,12.93143484897593,0 77.65708091614042,12.931432972788555,0 77.65707995972956,12.931342642956373,0 77.6576325040442,12.931337013656696,0 77.6576305908476,12.931156354071529,0 77.65753850021275,12.931157292355657,0 77.65753945677436,12.931247622155361,0 77.65689482189582,12.931254189283788,0 77.65689386556556,12.931163859436671,0 77.65744640957062,12.93115823060736,0 77.65744545304933,12.931067900800187,0 77.6579059060221,12.931063209251308,0 77.65790686270866,12.931153539024614,0 77.65772268147522,12.931155415754981,0 77.6577245947379,12.931336075326602,0 77.65781668542436,12.931335136964082,0 77.65781572875633,12.93124480718539,0 77.65799991004137,12.931242930376625,0 77.65799895331449,12.931152600610792,0 77.65873567789987,12.931145092132981,0 77.65873185000731,12.930783773279527,0 77.65827139785692,12.93078846618582,0 77.65826852750948,12.930517476936812,0 77.65817643715678,12.930518415400478,0 77.65817548042187,12.93042808564264,0 77.65789920941937,12.930430900818777,0 77.65790016605513,12.930521230596938,0 77.65799225642961,12.930520292230538,0 77.65799321310567,12.930610622001225,0 77.65817739389895,12.930608745157613,0 77.65817835064838,12.930699074914058,0 77.65808626022232,12.93070001335885,0 77.65808721694594,12.930790343121377,0 77.65817930740506,12.930789404669808,0 77.658180264169,12.930879734424868,0 77.65845653560196,12.930876918855303,0 77.65845844934992,12.931057578322683,0 77.65827426826966,12.931059455428585,0 77.65827331145816,12.930969125681694,0 77.658089130415,12.930971002644352,0 77.6580900871604,12.931061332404793,0 77.65799799659487,12.931062270844263,0 77.65799703988253,12.930971941077045,0 77.6578128587958,12.930973817845164,0 77.65781190215681,12.930883488063698,0 77.65799608317742,12.930881611309132,0 77.65799416978899,12.930700951771218,0 77.65780998890058,12.93070282849869,0 77.65781094552506,12.930793158281542,0 77.65771885503692,12.930794096603421,0 77.65771981163562,12.93088442639235,0 77.65735144947828,12.930888179382723,0 77.65735240595203,12.930978509198052,0 77.65707613415867,12.930981323620713,0 77.65707709054051,12.931071653455666,0 77.65698499989517,12.931072591538477,0 77.65698404354639,12.930982261696752,0 77.65679986230003,12.93098413775156,0 77.6567989060246,12.930893807895593,0 77.6567068154236,12.93089474586759,0 77.65670777166598,12.930985075730327,0 77.65661568102468,12.930986013676673,0 77.65661663724124,12.931076343545486,0 77.65652454655965,12.93107728146618,0 77.65652550275043,12.931167611341074,0 77.6567096841725,12.93116573545372,0 77.65671064043664,12.931256065314377,0 77.65661854969618,12.931257003281038,0 77.65661950593451,12.93134733314777,0 77.65652741515375,12.931348271088778,0 77.65652837136629,12.931438600961588,0 77.65634418971688,12.93144047675987,0 77.65634323357044,12.931350146873521,0 77.65643532436572,12.931349208997359,0 77.65643436819347,12.931258879117085,0 77.65625018666178,12.931260754823436,0 77.65625114276791,12.931351084717251,0 77.65615905195813,12.931352022528563,0 77.65616096412604,12.931532682327656,0 77.65597678235251,12.931534557880079,0 77.65597869441721,12.931715217703482,0 77.6557024215042,12.931718030829547,0 77.65570337744826,12.931808360760513,0 77.6555191954039,12.931810236029305,0 77.65552015128911,12.931900565973114,0 77.655243878069,12.931903378653411,0 77.65524483386231,12.931993708616831,0 77.6550606516132,12.931995583588435,0 77.65506160734765,12.932085913564695,0 77.65496951617916,12.932086851008627,0 77.65497047188781,12.932177180990964,0 77.65524674547065,12.932174368541595,0 77.6552477012857,12.932264698502935,0 77.65515561006562,12.932265636025255,0</coordinates></LinearRing></outerBoundaryIs></Polygon></MultiGeometry></Placemark><Placemark><name>bellandur-13</name><description>Bellandur Lake · lakebed · fill_or_construction · 4.7 ac · first seen 2021-dry · confirmed · medium</description><styleUrl>#flag</styleUrl><MultiGeometry><Polygon><outerBoundaryIs><LinearRing><coordinates>77.66892324429425,12.936461376795421,0 77.66883115256306,12.936462319443287,0 77.66883211359416,12.936552648373222,0 77.66892420535844,12.936551705718552,0 77.66892324429425,12.936461376795421,0</coordinates></LinearRing></outerBoundaryIs></Polygon><Polygon><outerBoundaryIs><LinearRing><coordinates>77.66874098282796,12.936643919931496,0 77.66864889101605,12.936644862528095,0 77.66864985199561,12.936735191470245,0 77.66874194384059,12.936734248866843,0 77.66874098282796,12.936643919931496,0</coordinates></LinearRing></outerBoundaryIs></Polygon><Polygon><outerBoundaryIs><LinearRing><coordinates>77.6687438658877,12.936914906735455,0 77.66892804968806,12.936913021404132,0 77.66892612750867,12.93673236356273,0 77.66874194384059,12.936734248866843,0 77.6687429048605,12.936824577801497,0 77.66855872109713,12.936826462989465,0 77.66855679919685,12.936645805092256,0 77.66864889101605,12.936644862528095,0 77.66864793004376,12.936554533585253,0 77.66874002182261,12.936553590995455,0 77.66873906082456,12.936463262058721,0 77.66883115256306,12.936462319443287,0 77.66882923052268,12.936281661581338,0 77.66892132218774,12.936280718947074,0 77.66892036114542,12.936190390021864,0 77.66882826951341,12.936191332649322,0 77.66882538652936,12.935920345849105,0 77.66873329498927,12.935921288423723,0 77.66873617787411,12.936192275244348,0 77.66855199457366,12.93619416033709,0 77.6685510336709,12.936103831383972,0 77.66845894204279,12.93610477387489,0 77.66845605947738,12.935833786990964,0 77.6683639679412,12.935834729429043,0 77.66836685040741,12.936105716333369,0 77.66827475876475,12.936106658759414,0 77.66827571956834,12.936196987732934,0 77.66836781124407,12.93619604530009,0 77.668368772088,12.936286374266114,0 77.66818458866312,12.936288259112974,0 77.6681826671148,12.936107601153024,0 77.66799848379304,12.936109485842938,0 77.66799944449743,12.936199814836861,0 77.66809153619502,12.936198872501322,0 77.66809249693975,12.936289201487748,0 77.66790831347117,12.936291086139992,0 77.66790927415707,12.936381415139325,0 77.66809345769177,12.936379530473479,0 77.66809537921768,12.936560188442867,0 77.66800328738783,12.93656113080561,0 77.6680128951238,12.937464420678866,0 77.667920802956,12.937465363077171,0 77.66792368531965,12.937736350046015,0 77.668292054344,12.937732580176547,0 77.66829301527872,12.937822909137571,0 77.66838510754965,12.937821966582304,0 77.66838606852475,12.937912295535831,0 77.66866234539306,12.937909467654986,0 77.66866330647463,12.93799979658741,0 77.66912376794141,12.937995082769861,0 77.66912280669449,12.937904753871445,0 77.66893862219577,12.937906639482183,0 77.66893573869713,12.937635652741957,0 77.66902783085092,12.937634709973217,0 77.6690268696662,12.937544381065223,0 77.66884268541747,12.937546266556655,0 77.66884364653603,12.937636595478256,0 77.66875155436767,12.937637538182116,0 77.66875251546047,12.937727867109825,0 77.66866042325175,12.93772880978805,0 77.66865946219202,12.937638480853538,0 77.66847527781886,12.937640366099066,0 77.66847335585356,12.937459708200752,0 77.66856544797764,12.937458765607813,0 77.66856640898972,12.937549094550514,0 77.66875059328218,12.937547209253715,0 77.66874963220396,12.93745688032462,0 77.66884172430619,12.937455937634361,0 77.6688407632022,12.93736560871137,0 77.66874867113303,12.937366551394827,0 77.6687438658877,12.936914906735455,0</coordinates></LinearRing></outerBoundaryIs></Polygon><Polygon><outerBoundaryIs><LinearRing><coordinates>77.66893381640114,12.937454994911667,0 77.66902590848878,12.93745405215653,0 77.66902302500024,12.9371830654263,0 77.66911511698142,12.937182122659134,0 77.66911703936596,12.937362780466382,0 77.66920913140596,12.937361837653171,0 77.66921009264223,12.937452166548947,0 77.669302184708,12.937451223696495,0 77.66930122343868,12.937360894807524,0 77.6693933154641,12.937359951929439,0 77.66939139288115,12.937179294163014,0 77.66948348483317,12.937178351266096,0 77.66948252351956,12.937088022388648,0 77.66939043160062,12.937088965278761,0 77.66938947032737,12.936998636393815,0 77.66929737843421,12.936999579244683,0 77.66929930092186,12.937180237027494,0 77.66920720895527,12.937181179859534,0 77.66920528653377,12.937000522063117,0 77.669021102711,12.937002407602668,0 77.66902206385198,12.93709273651483,0 77.66883787993393,12.937094621938236,0 77.6688407632022,12.93736560871137,0 77.66893285526407,12.93736466599548,0 77.66893381640114,12.937454994911667,0</coordinates></LinearRing></outerBoundaryIs></Polygon></MultiGeometry></Placemark><Placemark><name>bellandur-42</name><description>Bellandur Lake · buffer · fill_or_construction · 4.42 ac · first seen 2026-dry · new · low</description><styleUrl>#flag</styleUrl><MultiGeometry><Polygon><outerBoundaryIs><LinearRing><coordinates>77.6571519668206,12.92944477832702,0 77.65742823690665,12.929441964152511,0 77.65742728052321,12.92935163433217,0 77.65788773035628,12.929346943426804,0 77.65788677381487,12.929256613639632,0 77.6573342341917,12.92926224258817,0 77.65733327785581,12.929171912759662,0 77.65641237823394,12.92918129167933,0 77.65641333423935,12.929271621575555,0 77.65632124420421,12.92927255929599,0 77.65632220018384,12.929362889198295,0 77.65623011010841,12.929363826893079,0 77.65622915416184,12.929273496984008,0 77.65613706411219,12.929274434639606,0 77.65613610820593,12.929184104723069,0 77.65585983811263,12.929186917475036,0 77.65585888231276,12.929096587537495,0 77.65595097231805,12.929095649992691,0 77.65595001649238,12.929005320061231,0 77.65576583654062,12.929007195104878,0 77.6557648807883,12.928916865159183,0 77.65539652092995,12.92892061483038,0 77.65539556531705,12.92883028485692,0 77.65484302551032,12.92883590835057,0 77.65484398092495,12.928926238364635,0 77.65475189089875,12.92892717550688,0 77.65475284628756,12.929017505527021,0 77.65456866614731,12.929019379727787,0 77.654571532159,12.929290369824644,0 77.65438735179147,12.929292243936333,0 77.6543883070771,12.929382573980762,0 77.6542041266145,12.929384447976304,0 77.65420221618267,12.929203787859691,0 77.65411012600659,12.929204724795305,0 77.65411108118583,12.929295054860724,0 77.65300599811114,12.929306295640549,0 77.65300790769821,12.929486955931624,0 77.6529158173288,12.929487892466074,0 77.65291486256469,12.929397562314124,0 77.65282277222109,12.929398498809391,0 77.65282181749726,12.929308168649984,0 77.6524534561826,12.929311914279818,0 77.6524525015982,12.929221584092671,0 77.65236041128449,12.92922252041232,0 77.65236136583583,12.929312850606227,0 77.65208509475207,12.929315659390944,0 77.65208414029986,12.929225329176756,0 77.65189995960725,12.929227201524283,0 77.65189900522839,12.929136871295881,0 77.65180691490426,12.929137807414255,0 77.65180596056568,12.929047477178408,0 77.6516217799618,12.929049349304384,0 77.65161987143857,12.928868688803565,0 77.65152778119186,12.92886962480441,0 77.65152491856043,12.928598634027711,0 77.65143282840562,12.928599569975859,0 77.65143759932897,12.929051221300686,0 77.65152968964901,12.929050285318745,0 77.65153064388844,12.929140615574868,0 77.65171482457289,12.929138743500213,0 77.65171577888566,12.929229073742132,0 77.65180786925008,12.929228137649416,0 77.65180882360312,12.92931846788388,0 77.65190091399334,12.929317531751988,0 77.65190186838669,12.929407861979,0 77.65208604921149,12.929405989604437,0 77.65208700367819,12.929496319817236,0 77.65236327496024,12.92949351099196,0 77.6523642295333,12.92958384118379,0 77.65264050084932,12.929581032046453,0 77.65264145552878,12.929671362217306,0 77.65310190774252,12.929666679639537,0 77.65310095289783,12.929576349502494,0 77.65328513366653,12.929574476257969,0 77.65328417876297,12.929484146133756,0 77.65411299156605,12.929475714989477,0 77.65411394676703,12.92956604505282,0 77.6542060370753,12.929565108090145,0 77.65420508184127,12.92947477803357,0 77.65448135262345,12.929471966971333,0 77.65448039729753,12.929381636934362,0 77.65466457771664,12.929379762744302,0 77.65466362233188,12.92928943272017,0 77.65475571249753,12.929288495583277,0 77.65475475708696,12.92919816556522,0 77.6549389373304,12.92919629120771,0 77.65493702639881,12.929015631196577,0 77.65502911644357,12.92901469398273,0 77.65503007193878,12.929105023981872,0 77.65521425207264,12.929103149443385,0 77.6552152076412,12.929193479428305,0 77.65530729773029,12.929192542103667,0 77.6553063421287,12.929102212125512,0 77.65539843217749,12.929101274775222,0 77.65539938781215,12.929191604746608,0 77.6556756580142,12.929188792480923,0 77.65567661375523,12.929279122431304,0 77.65586079391977,12.92927724741188,0 77.65586270555579,12.929457907283489,0 77.65659942645262,12.929450405800715,0 77.6565984703666,12.929360075919421,0 77.65669056041303,12.929359138094958,0 77.65668960430122,12.929268808219737,0 77.65705796428216,12.92926505662478,0 77.65705892052615,12.929355386472915,0 77.65715101053631,12.929354448486357,0 77.6571519668206,12.92944477832702,0</coordinates></LinearRing></outerBoundaryIs></Polygon><Polygon><outerBoundaryIs><LinearRing><coordinates>77.65411394676703,12.92956604505282,0 77.65402185645151,12.92956698198307,0 77.6540228116267,12.92965731205248,0 77.65411490197526,12.929656375115464,0 77.65411394676703,12.92956604505282,0</coordinates></LinearRing></outerBoundaryIs></Polygon><Polygon><outerBoundaryIs><LinearRing><coordinates>77.65356426981678,12.929842656455643,0 77.65374845071132,12.929840782846338,0 77.65374749562079,12.929750452758018,0 77.6536554052102,12.92975138957212,0 77.65365349511698,12.92957072937988,0 77.65328513366653,12.929574476257969,0 77.65328799842062,12.929845466626448,0 77.65347217935864,12.929843593211665,0 77.65347313435726,12.929933923319576,0 77.65356522484845,12.929932986556793,0 77.65356426981678,12.929842656455643,0</coordinates></LinearRing></outerBoundaryIs></Polygon></MultiGeometry></Placemark><Placemark><name>bellandur-17</name><description>Bellandur Lake · lakebed · vegetated_land · 3.71 ac · first seen 2025-dry · new · low</description><styleUrl>#flag</styleUrl><MultiGeometry><Polygon><outerBoundaryIs><LinearRing><coordinates>77.6690057254465,12.935557144913645,0 77.6690047644294,12.935466815989674,0 77.66909685578234,12.935465873351768,0 77.6690949337039,12.935285215515359,0 77.66900284241711,12.93528615813966,0 77.66900188142189,12.935195829213612,0 77.66863351633408,12.935199599359278,0 77.6686325554784,12.935109270405325,0 77.66854046422128,12.935110212853857,0 77.66854238587382,12.935290870774674,0 77.66845029454329,12.935291813204374,0 77.66845509863681,12.93574345802827,0 77.66854719013266,12.93574251556456,0 77.66854815100629,12.935832844520453,0 77.66873233404222,12.935830959482127,0 77.66873137310246,12.935740630539835,0 77.66882346457643,12.935739687978824,0 77.66882154265267,12.935559030105761,0 77.66891363405323,12.935558087525921,0 77.66891555604313,12.935738745385374,0 77.66909973895463,12.935736860101175,0 77.66909781683248,12.93555620226893,0 77.6690057254465,12.935557144913645,0</coordinates></LinearRing></outerBoundaryIs></Polygon><Polygon><outerBoundaryIs><LinearRing><coordinates>77.66919663599771,12.93618756194487,0 77.66919567486349,12.936097233039368,0 77.66928776643329,12.93609629028897,0 77.66928680527327,12.936005961389576,0 77.66947098832487,12.93600407580508,0 77.6694681046902,12.935733089143568,0 77.66956019610588,12.935732146323076,0 77.6695621185878,12.935912804084507,0 77.66974630152954,12.935910918319014,0 77.66974918550551,12.936181904915124,0 77.66984127706463,12.93618096196331,0 77.66984031569895,12.936090633105437,0 77.66993240721771,12.93608969012799,0 77.66993144582626,12.935999361276231,0 77.66983935434057,12.936000304246873,0 77.66983743164565,12.935819646527658,0 77.66992952306522,12.935818703570627,0 77.66993048444209,12.935909032423776,0 77.67002257588744,12.935908089427505,0 77.670025460161,12.936179075962372,0 77.6702096432282,12.936177189831694,0 77.67020868173027,12.936086861001044,0 77.67030077321986,12.936085917893855,0 77.67029500418697,12.935543944936212,0 77.67020291289575,12.935544888002562,0 77.67020099000923,12.935364230330848,0 77.67010889877685,12.935365173351153,0 77.6701079373776,12.935274844507447,0 77.67001584617098,12.935275787488516,0 77.67001680753718,12.935366116339026,0 77.66983262503595,12.935368002217471,0 77.66983166373588,12.93527767335335,0 77.66946329877821,12.93528144469382,0 77.66946522112113,12.935462102475801,0 77.66937312979738,12.935463045243443,0 77.66937216865533,12.935372716345993,0 77.66918798605205,12.935374601770373,0 77.66919183039946,12.935735917410428,0 77.66909973895463,12.935736860101175,0 77.66910454438758,12.936188504669637,0 77.66919663599771,12.93618756194487,0</coordinates></LinearRing></outerBoundaryIs></Polygon><Polygon><outerBoundaryIs><LinearRing><coordinates>77.66910454438758,12.936188504669637,0 77.66901245277015,12.936189447361969,0 77.66901437492821,12.936370105198096,0 77.66910646661177,12.936369162492158,0 77.66910454438758,12.936188504669637,0</coordinates></LinearRing></outerBoundaryIs></Polygon><Polygon><outerBoundaryIs><LinearRing><coordinates>77.66975110819263,12.93636256264239,0 77.66993529143583,12.936360676679104,0 77.66993336861646,12.936180018979059,0 77.66984127706463,12.93618096196331,0 77.66984223843761,12.93627129082048,0 77.66975014684543,12.936272233779103,0 77.66974918550551,12.936181904915124,0 77.66965709393911,12.936182847834502,0 77.66965613263956,12.93609251896302,0 77.66956404109892,12.936093461843162,0 77.6695650023654,12.936183790721449,0 77.66947291078442,12.936184733575956,0 77.669471949551,12.936094404690865,0 77.66937985799578,12.936095347506134,0 77.66938081919614,12.936185676398031,0 77.66928872760057,12.936186619187668,0 77.66929161114619,12.93645760587959,0 77.66938370284095,12.93645666306954,0 77.66938274161873,12.93636633417973,0 77.66956692492026,12.936364448475933,0 77.66956788620861,12.936454777352132,0 77.66965997788151,12.936453834444777,0 77.6696609392102,12.936544163313481,0 77.66975303090888,12.936543220366882,0 77.66975110819263,12.93636256264239,0</coordinates></LinearRing></outerBoundaryIs></Polygon></MultiGeometry></Placemark><Placemark><name>bellandur-8</name><description>Bellandur Lake · lakebed · fill_or_construction · 2.67 ac · first seen 2026-dry · new · low</description><styleUrl>#flag</styleUrl><MultiGeometry><Polygon><outerBoundaryIs><LinearRing><coordinates>77.67141741414103,12.937158542937686,0 77.67141837615635,12.937248871671502,0 77.671510467981,12.937247928054143,0 77.67150950593262,12.937157599327131,0 77.67141741414103,12.937158542937686,0</coordinates></LinearRing></outerBoundaryIs></Polygon><Polygon><outerBoundaryIs><LinearRing><coordinates>77.67160448398313,12.937427641842657,0 77.67160544608646,12.937517970560776,0 77.67178962989769,12.937516083123011,0 77.67178866772822,12.93742575441851,0 77.67160448398313,12.937427641842657,0</coordinates></LinearRing></outerBoundaryIs></Polygon><Polygon><outerBoundaryIs><LinearRing><coordinates>77.67142318634234,12.937700515330175,0 77.67141837615635,12.937248871671502,0 77.67132628432441,12.937249815256422,0 77.67133013232633,12.937611130211987,0 77.67123804035482,12.937612073791707,0 77.67123996433342,12.93779273127894,0 77.67133205637106,12.937791787685605,0 77.67133109434505,12.937701458949142,0 77.67142318634234,12.937700515330175,0</coordinates></LinearRing></outerBoundaryIs></Polygon><Polygon><outerBoundaryIs><LinearRing><coordinates>77.67114787228847,12.937793674839835,0 77.6711469103286,12.937703346089757,0 77.67096272628297,12.937705233100614,0 77.67096465007775,12.937885890627308,0 77.67105674217034,12.937884947124479,0 77.67105578023624,12.937794618368292,0 77.67114787228847,12.937793674839835,0</coordinates></LinearRing></outerBoundaryIs></Polygon><Polygon><outerBoundaryIs><LinearRing><coordinates>77.67114787228847,12.937793674839835,0 77.67114883425563,12.937884003589216,0 77.67124092633365,12.937883060021512,0 77.67123996433342,12.93779273127894,0 77.67114787228847,12.937793674839835,0</coordinates></LinearRing></outerBoundaryIs></Polygon><Polygon><outerBoundaryIs><LinearRing><coordinates>77.67106155195025,12.938336590895014,0 77.6710625139281,12.938426919647037,0 77.67124669848826,12.938425032462368,0 77.67124766053956,12.93851536120008,0 77.67143184513668,12.93851347387203,0 77.67143088301924,12.938423145147935,0 77.67161506752105,12.938421257703736,0 77.67161314317576,12.9382406002807,0 77.67170523534958,12.938239656523558,0 77.67170331096735,12.938058999111364,0 77.67179540306772,12.938058055335404,0 77.67179347864852,12.937877397934049,0 77.67188557067547,12.937876454139266,0 77.67188364621931,12.937695796748757,0 77.67197573817283,12.937694852935154,0 77.67197381367973,12.937514195555485,0 77.67188172179236,12.937515139355467,0 77.67188268400218,12.937605468052459,0 77.67160640819709,12.937608299278198,0 77.67160544608646,12.937517970560776,0 77.6715133541699,12.937518914231005,0 77.67151527833232,12.937699571678769,0 77.67142318634234,12.937700515330175,0 77.67142414840141,12.937790844059828,0 77.67133205637106,12.937791787685605,0 77.67133398044497,12.937972445156438,0 77.67124188834119,12.93797338876339,0 77.67124285035602,12.938063717504575,0 77.67115075821187,12.938064661085896,0 77.6711536442009,12.938335647325708,0 77.67106155195025,12.938336590895014,0</coordinates></LinearRing></outerBoundaryIs></Polygon><Polygon><outerBoundaryIs><LinearRing><coordinates>77.67179732751609,12.938238712733979,0 77.67179828975122,12.93832904143222,0 77.67170619755164,12.938329985228613,0 77.67170715976098,12.938420313932975,0 77.67161506752105,12.938421257703736,0 77.67161795409366,12.938692243833078,0 77.6718021387647,12.938690356218256,0 77.67180310103632,12.938780684913027,0 77.67189519339398,12.938779741050144,0 77.67189615570594,12.938870069737414,0 77.6720803404655,12.938868181900702,0 77.67207745335303,12.938597195877678,0 77.67216954562265,12.93859625193109,0 77.67216762085133,12.938415594592556,0 77.67225971304751,12.938414650627148,0 77.67225778823924,12.938233993299459,0 77.67234988036199,12.938233049315233,0 77.67234795551677,12.938052391998385,0 77.67225586346017,12.93805333596899,0 77.67225490108159,12.937963007302713,0 77.67234699310511,12.937962063338922,0 77.67234506830368,12.937781406017908,0 77.67225297634629,12.937782349968078,0 77.67225393871028,12.937872678635742,0 77.67216184671253,12.937873622560282,0 77.67216377139627,12.938054279907153,0 77.67207167932509,12.938055223812876,0 77.67207071701263,12.937964895132978,0 77.6719786249672,12.937965838999448,0 77.67198054953327,12.938146496372173,0 77.67188845741441,12.938147440219826,0 77.67188941967531,12.938237768911955,0 77.67179732751609,12.938238712733979,0</coordinates></LinearRing></outerBoundaryIs></Polygon><Polygon><outerBoundaryIs><LinearRing><coordinates>77.67143184513668,12.93851347387203,0 77.67143280726141,12.938603802595427,0 77.67152489958211,12.938602858875933,0 77.6715239374243,12.938512530159342,0 77.67143184513668,12.93851347387203,0</coordinates></LinearRing></outerBoundaryIs></Polygon></MultiGeometry></Placemark><Placemark><name>bellandur-3</name><description>Bellandur Lake · lakebed · fill_or_construction · 2.55 ac · first seen 2026-dry · new · low</description><styleUrl>#flag</styleUrl><MultiGeometry><Polygon><outerBoundaryIs><LinearRing><coordinates>77.67300704023175,12.939400712389181,0 77.67309913272604,12.939399768056864,0 77.67309816994033,12.939309439462317,0 77.6730060774791,12.939310383787824,0 77.67300704023175,12.939400712389181,0</coordinates></LinearRing></outerBoundaryIs></Polygon><Polygon><outerBoundaryIs><LinearRing><coordinates>77.67319122521302,12.939398823692098,0 77.6733754101651,12.939396934865243,0 77.67337637305732,12.93948726343865,0 77.67346846555549,12.939486318969747,0 77.67346750263017,12.939395990403147,0 77.67365168753845,12.93939410138163,0 77.6736545765347,12.939665087038449,0 77.67374666907712,12.93966414245858,0 77.67374859517726,12.939844799546021,0 77.6742090581105,12.93984007609186,0 77.67420616847512,12.939569090561893,0 77.6741140760023,12.939570035297166,0 77.67411118653185,12.939299049740496,0 77.67420327890545,12.939298105025667,0 77.67420231573017,12.939207776512204,0 77.6740181310418,12.939209665895778,0 77.67401909415095,12.939299994422873,0 77.67392700176273,12.939300939072812,0 77.67392603868667,12.939210610538899,0 77.67374185395451,12.939212499727818,0 77.67374089095188,12.939122171179582,0 77.6733725215322,12.939125949140843,0 77.67337155866919,12.939035620564653,0 77.67318737398169,12.939037509336996,0 77.67318833677858,12.939127837926817,0 77.6730962443908,12.93912878227114,0 77.67309816994033,12.939309439462317,0 77.67319026239424,12.939308495104367,0 77.67319122521302,12.939398823692098,0</coordinates></LinearRing></outerBoundaryIs></Polygon><Polygon><outerBoundaryIs><LinearRing><coordinates>77.67494579842395,12.939832516878099,0 77.67512998342927,12.939830626750213,0 77.67512709280166,12.939559641424761,0 77.67531127757933,12.93955775120801,0 77.67531031398525,12.939467422778442,0 77.67540240633004,12.93946647762822,0 77.6754033699572,12.93955680605097,0 77.67549546232775,12.939555860861486,0 77.67549353501462,12.939375204028929,0 77.67558562731173,12.939374258820639,0 77.67558369996168,12.93919360199894,0 77.67539951549243,12.9391954923558,0 77.67540047909768,12.939285820780634,0 77.67530838681903,12.939286765917217,0 77.675306459682,12.939106109053217,0 77.6752143674622,12.939107054143717,0 77.67521533099398,12.939197382582886,0 77.67512323873379,12.939198327647766,0 77.67512516575312,12.939378984537653,0 77.67503307341947,12.939379929583726,0 77.67503403690702,12.939470258034447,0 77.67494194453302,12.939471203054893,0 77.67494387146387,12.939651859967885,0 77.6748517790164,12.939652804969526,0 77.6748527424597,12.939743133431797,0 77.67494483494026,12.939742188423338,0 77.67494579842395,12.939832516878099,0</coordinates></LinearRing></outerBoundaryIs></Polygon><Polygon><outerBoundaryIs><LinearRing><coordinates>77.67475872315869,12.939563421468938,0 77.67475968656163,12.939653749938723,0 77.6748517790164,12.939652804969526,0 77.6748508155804,12.939562476506559,0 77.67475872315869,12.939563421468938,0</coordinates></LinearRing></outerBoundaryIs></Polygon><Polygon><outerBoundaryIs><LinearRing><coordinates>77.6744843724645,12.939746913141185,0 77.67448340915348,12.93965658465165,0 77.67429922417821,12.939658474298042,0 77.67430115067525,12.939839131303698,0 77.6742090581105,12.93984007609186,0 77.6742100213369,12.939930404600462,0 77.67439420652524,12.939928514978055,0 77.67439516982509,12.940018843472329,0 77.67494772541325,12.94001317378553,0 77.67494676191494,12.93992284533216,0 77.67485466936826,12.939923790354257,0 77.6748527424597,12.939743133431797,0 77.67476064997186,12.939744078407813,0 77.67475968656163,12.939653749938723,0 77.67466759409955,12.939654694875475,0 77.6746685574767,12.939745023351382,0 77.6744843724645,12.939746913141185,0</coordinates></LinearRing></outerBoundaryIs></Polygon></MultiGeometry></Placemark><Placemark><name>bellandur-14</name><description>Bellandur Lake · lakebed · fill_or_construction · 1.51 ac · first seen 2026-dry · new · low</description><styleUrl>#flag</styleUrl><MultiGeometry><Polygon><outerBoundaryIs><LinearRing><coordinates>77.67067394749459,12.9365337891169,0 77.67085813072421,12.936531902477668,0 77.67085332200433,12.9360802585696,0 77.6707612305585,12.9360812018714,0 77.67076026886946,12.935990873080895,0 77.67057608602201,12.935992759573569,0 77.6705751244064,12.935902430768754,0 77.6704830330048,12.935903373959633,0 77.67048591777433,12.93617436039241,0 77.67057800927512,12.936173417181111,0 77.67057897091262,12.93626374598384,0 77.67067106243917,12.9362628027333,0 77.67067394749459,12.9365337891169,0</coordinates></LinearRing></outerBoundaryIs></Polygon><Polygon><outerBoundaryIs><LinearRing><coordinates>77.67021252776577,12.936448176319475,0 77.67030461938762,12.936447233185065,0 77.67030846567206,12.936808548465159,0 77.67040055741889,12.936807605271087,0 77.67039767259543,12.936536618832477,0 77.67048976423578,12.93653567562639,0 77.67048880260947,12.936445346818937,0 77.67058089420945,12.936444403587217,0 77.67057897091262,12.93626374598384,0 77.67021060473344,12.93626751866165,0 77.67021252776577,12.936448176319475,0</coordinates></LinearRing></outerBoundaryIs></Polygon><Polygon><outerBoundaryIs><LinearRing><coordinates>77.67022310496495,12.937441793387858,0 77.67040728892884,12.937439906936868,0 77.67040536560383,12.93725924932155,0 77.67058954940629,12.937257362768028,0 77.67058858768858,12.937167033972939,0 77.67068067954581,12.937166090654328,0 77.67068164129658,12.93725641944261,0 77.67077373317957,12.937255476084758,0 77.67077180961918,12.937074818521108,0 77.67067971780233,12.93707576186535,0 77.67067875606614,12.93698543307568,0 77.67058666427505,12.936986376380675,0 77.67058570257923,12.9368960475835,0 77.67067779433724,12.93689510428531,0 77.67067394749459,12.9365337891169,0 77.67048976423578,12.93653567562639,0 77.67049072586937,12.936626004433144,0 77.67058281753549,12.93662506118781,0 77.67058474089067,12.936805718785633,0 77.67049264915843,12.93680666204458,0 77.67049553414672,12.937077648456517,0 77.67021925860863,12.937080478099986,0 77.67022022018676,12.937170806923,0 77.67012812829309,12.93717175007942,0 77.67012908984546,12.937262078908539,0 77.67022118177219,12.937261135745315,0 77.67022310496495,12.937441793387858,0</coordinates></LinearRing></outerBoundaryIs></Polygon><Polygon><outerBoundaryIs><LinearRing><coordinates>77.6700350748801,12.93708236436678,0 77.67003603639212,12.9371726932034,0 77.67012812829309,12.93717175007942,0 77.670127166748,12.937081421249603,0 77.6700350748801,12.93708236436678,0</coordinates></LinearRing></outerBoundaryIs></Polygon><Polygon><outerBoundaryIs><LinearRing><coordinates>77.67003699791141,12.937263022039327,0 77.67004180561727,12.937714666208544,0 77.67013389771667,12.93771372304373,0 77.67012908984546,12.937262078908539,0 77.67003699791141,12.937263022039327,0</coordinates></LinearRing></outerBoundaryIs></Polygon></MultiGeometry></Placemark><Placemark><name>bellandur-28</name><description>Bellandur Lake · lakebed · fill_or_construction · 1.24 ac · first seen 2026-dry · new · low</description><styleUrl>#flag</styleUrl><MultiGeometry><Polygon><outerBoundaryIs><LinearRing><coordinates>77.67533497058405,12.933143486309104,0 77.67524288055375,12.933144430982006,0 77.6752448067265,12.933325087937712,0 77.6753368968229,12.933324143251175,0 77.67533497058405,12.933143486309104,0</coordinates></LinearRing></outerBoundaryIs></Polygon><Polygon><outerBoundaryIs><LinearRing><coordinates>77.67524865915962,12.933686401840797,0 77.67534074938824,12.933685457126982,0 77.67533882309095,12.933504800190468,0 77.67524673292844,12.933505744890644,0 77.67524865915962,12.933686401840797,0</coordinates></LinearRing></outerBoundaryIs></Polygon><Polygon><outerBoundaryIs><LinearRing><coordinates>77.67552396660516,12.933593239147797,0 77.67570814694515,12.933591349506813,0 77.67571007352151,12.933772006387384,0 77.6755258930493,12.933773896055648,0 77.67552685628232,12.93386422450853,0 77.67561894655512,12.933863279683791,0 77.67561990982851,12.933953608129162,0 77.67571200012709,12.933952663265174,0 77.67571296344083,12.934042991703032,0 77.67580505376516,12.934042046799796,0 77.67580601711927,12.934132375230135,0 77.67589810746935,12.934131430287648,0 77.67589714408217,12.934041101864134,0 77.6760813246943,12.934039211895517,0 77.67608228814757,12.934129540305392,0 77.67617437847574,12.934128595265621,0 77.67617534196938,12.934218923667986,0 77.6762674323233,12.93421797858896,0 77.6762645417651,12.93394699340025,0 77.67635663201251,12.933946048309261,0 77.67635759555766,12.934036376699373,0 77.67644968583083,12.934035431569134,0 77.67644775868173,12.93385477480186,0 77.67635566847467,12.933855719918459,0 77.67635470494413,12.933765391526958,0 77.67626261476282,12.933766336604306,0 77.67626165127264,12.93367600820529,0 77.67598538078404,12.933678843222298,0 77.67598441740034,12.933588514802125,0 77.67589232725592,12.933589459736115,0 77.6758913639126,12.933499131308427,0 77.67570718366794,12.933501021065489,0 77.67570525713542,12.933320364180748,0 77.67561316706825,12.933321308996993,0 77.6756141302978,12.933411637446532,0 77.67542995007541,12.933413526995384,0 77.67542898691198,12.933323198532209,0 77.6753368968229,12.933324143251175,0 77.67533882309095,12.933504800190468,0 77.67552300339406,12.933502910692832,0 77.67552396660516,12.933593239147797,0</coordinates></LinearRing></outerBoundaryIs></Polygon></MultiGeometry></Placemark><Placemark><name>chembarambakkam-1</name><description>Chembarambakkam Lake · buffer · fill_or_construction · 0.15 ac · first seen 2023-dry · confirmed · medium</description><styleUrl>#flag</styleUrl><MultiGeometry><Polygon><outerBoundaryIs><LinearRing><coordinates>80.05423249393625,12.991885263930799,0 80.05423066755931,12.991795190448197,0 80.05404696357061,12.991798772397132,0 80.05404513727315,12.991708698887987,0 80.05413698924153,12.991706907942463,0 80.05413516292496,12.991616834445274,0 80.05431886675474,12.991613252483237,0 80.05432434594279,12.991883472895156,0 80.05423249393625,12.991885263930799,0</coordinates></LinearRing></outerBoundaryIs></Polygon></MultiGeometry></Placemark><Placemark><name>jakkur-2</name><description>Jakkur Lake · lakebed · fill_or_construction · 1.14 ac · first seen 2024-dry · confirmed · medium</description><styleUrl>#flag</styleUrl><MultiGeometry><Polygon><outerBoundaryIs><LinearRing><coordinates>77.60756212132237,13.09310352788973,0 77.60746996717184,13.093104459826717,0 77.60746901645983,13.093014127498606,0 77.60737686233566,13.093015059396096,0 77.6073759116643,13.092924727060637,0 77.60700729523032,13.092928454295501,0 77.60701014686371,13.093199451379576,0 77.60691799263687,13.093200383126119,0 77.60692084423397,13.093471380223844,0 77.60682868989944,13.093472311957486,0 77.60683059093286,13.093652976699103,0 77.60692274533439,13.093652044952169,0 77.6069236958953,13.093742377315282,0 77.60710800474399,13.093740513709559,0 77.6071032516757,13.093288851953494,0 77.6071954059218,13.093287920134602,0 77.60719350467741,13.093107255440586,0 77.60728565884935,13.093106323602143,0 77.60728851082715,13.093377320622174,0 77.60719635655468,13.093378252480564,0 77.60720015915764,13.09373958185742,0 77.60729231356414,13.093738649972432,0 77.60729136286919,13.093648317635916,0 77.60738351723505,13.093647385724726,0 77.60738161579954,13.093466721062903,0 77.60747377009125,13.093465789132162,0 77.60747186861727,13.093285124480834,0 77.60756402283481,13.093284192530549,0 77.60756212132237,13.09310352788973,0</coordinates></LinearRing></outerBoundaryIs></Polygon><Polygon><outerBoundaryIs><LinearRing><coordinates>77.6075659243758,13.093464857168575,0 77.60765807865323,13.093463925172136,0 77.60765712784566,13.093373592860123,0 77.60774928208244,13.093372660837487,0 77.60774738042169,13.093191996224668,0 77.60765522625192,13.093192928234002,0 77.60765617704521,13.09328326054741,0 77.60756402283481,13.093284192530549,0 77.6075659243758,13.093464857168575,0</coordinates></LinearRing></outerBoundaryIs></Polygon></MultiGeometry></Placemark><Placemark><name>jakkur-1</name><description>Jakkur Lake · buffer · fill_or_construction · 0.91 ac · first seen 2026-dry · new · low</description><styleUrl>#flag</styleUrl><MultiGeometry><Polygon><outerBoundaryIs><LinearRing><coordinates>77.60821861249393,13.094180990655314,0 77.60821671036959,13.094000326121595,0 77.60840101921946,13.093998461556144,0 77.60839911698964,13.093817797046242,0 77.60849127133686,13.093816864727545,0 77.60848841794514,13.093545867977404,0 77.60858057218468,13.093544935645813,0 77.60857866989222,13.093364271155528,0 77.60867082405761,13.093363338804394,0 77.60866797057196,13.093092342083686,0 77.60876012462967,13.093091409719664,0 77.60875727110775,13.092820413012616,0 77.60857296318622,13.09282227766789,0 77.60857391428603,13.092912609917576,0 77.60848176028104,13.092913542202593,0 77.60848651571969,13.093365203473809,0 77.60839436154004,13.093366135759242,0 77.60839531261567,13.093456468018038,0 77.60830315839536,13.093457400277279,0 77.6083060115646,13.093728397069436,0 77.6082138572366,13.093729329315778,0 77.60821575931811,13.093909993853691,0 77.60812360491599,13.093910926080486,0 77.60812455593393,13.094001258355043,0 77.60803240149113,13.094002190555642,0 77.60803430348145,13.094182855115971,0 77.60821861249393,13.094180990655314,0</coordinates></LinearRing></outerBoundaryIs></Polygon><Polygon><outerBoundaryIs><LinearRing><coordinates>77.6078499944404,13.094184719445217,0 77.60785094537924,13.094275051737634,0 77.60803525448729,13.094273187395082,0 77.60803430348145,13.094182855115971,0 77.6078499944404,13.094184719445217,0</coordinates></LinearRing></outerBoundaryIs></Polygon></MultiGeometry></Placemark><Placemark><name>jakkur-4</name><description>Jakkur Lake · buffer · fill_or_construction · 0.2 ac · first seen 2026-dry · new · low</description><styleUrl>#flag</styleUrl><MultiGeometry><Polygon><outerBoundaryIs><LinearRing><coordinates>77.61012054772041,13.090999781032087,0 77.61011959620103,13.090909448880849,0 77.61002744305455,13.090910381577835,0 77.61002839454045,13.091000713735728,0 77.61012054772041,13.090999781032087,0</coordinates></LinearRing></outerBoundaryIs></Polygon><Polygon><outerBoundaryIs><LinearRing><coordinates>77.60993624135332,13.091001646406523,0 77.60993719281286,13.091091978570374,0 77.60984503958508,13.091092911214988,0 77.60984694245859,13.091273575553899,0 77.60975478915667,13.09127450817898,0 77.60975669199175,13.091455172528411,0 77.60984884536067,13.09145423989002,0 77.60984789390606,13.09136390772231,0 77.60994004723435,13.091362975057729,0 77.60993814427954,13.091182310733524,0 77.61003029753367,13.091181378049413,0 77.61002839454045,13.091000713735728,0 77.60993624135332,13.091001646406523,0</coordinates></LinearRing></outerBoundaryIs></Polygon></MultiGeometry></Placemark><Placemark><name>jakkur-3</name><description>Jakkur Lake · lakebed · fill_or_construction · 0.17 ac · first seen 2025-dry · confirmed · medium</description><styleUrl>#flag</styleUrl><MultiGeometry><Polygon><outerBoundaryIs><LinearRing><coordinates>77.6069160916078,13.093019718390801,0 77.60691419060727,13.092839053652693,0 77.60700634470011,13.092838121932747,0 77.60700539417705,13.092747789569291,0 77.60682108605127,13.092749652963038,0 77.60682393744082,13.093020650091198,0 77.6069160916078,13.093019718390801,0</coordinates></LinearRing></outerBoundaryIs></Polygon><Polygon><outerBoundaryIs><LinearRing><coordinates>77.6067317832667,13.093021581758746,0 77.60673463461995,13.093292578900561,0 77.6068267888946,13.093291647213068,0 77.60682393744082,13.093020650091198,0 77.6067317832667,13.093021581758746,0</coordinates></LinearRing></outerBoundaryIs></Polygon></MultiGeometry></Placemark><Placemark><name>jakkur-5</name><description>Jakkur Lake · buffer · fill_or_construction · 0.17 ac · first seen 2023-dry · confirmed · high</description><styleUrl>#flag</styleUrl><MultiGeometry><Polygon><outerBoundaryIs><LinearRing><coordinates>77.61408096892086,13.082015852213228,0 77.61408001663574,13.081925520285914,0 77.61417216614512,13.081924586771054,0 77.61417121383369,13.081834254849705,0 77.61426336330246,13.081833321308698,0 77.61426145863409,13.081652657477235,0 77.61444575741623,13.081650790323435,0 77.61444670981379,13.081741122226179,0 77.61435456039281,13.081742055826158,0 77.61435646514245,13.08192271964289,0 77.61426431564736,13.081923653223381,0 77.61426526799943,13.082013985137367,0 77.61408096892086,13.082015852213228,0</coordinates></LinearRing></outerBoundaryIs></Polygon></MultiGeometry></Placemark><Placemark><name>kaikondrahalli-1</name><description>Kaikondrahalli Lake · buffer · fill_or_construction · 0.15 ac · first seen 2026-dry · new · low</description><styleUrl>#flag</styleUrl><MultiGeometry><Polygon><outerBoundaryIs><LinearRing><coordinates>77.67004910327435,12.912419742134178,0 77.6700481436606,12.91232941312785,0 77.66995606085825,12.912330354445222,0 77.66995510128478,12.912240025431394,0 77.66986301850817,12.912240966709593,0 77.66986109944908,12.912060308666248,0 77.66995318215969,12.91205936740166,0 77.66995414171859,12.912149696416876,0 77.67004622445494,12.91214875511311,0 77.67004718405411,12.912239084120825,0 77.67013926681615,12.912238142777882,0 77.67014118610238,12.912418800777626,0 77.67004910327435,12.912419742134178,0</coordinates></LinearRing></outerBoundaryIs></Polygon></MultiGeometry></Placemark><Placemark><name>pattandur-agrahara-1</name><description>Pattandur Agrahara Lake · lakebed · fill_or_construction · 0.12 ac · first seen 2026-dry · new · low</description><styleUrl>#flag</styleUrl><MultiGeometry><Polygon><outerBoundaryIs><LinearRing><coordinates>77.73783021206626,12.980100928808069,0 77.73782724421169,12.979829958421032,0 77.73810355139236,12.979827047776606,0 77.73810454076927,12.979917371218713,0 77.73792033592328,12.97991931169483,0 77.73792231456683,12.980099958604862,0 77.73783021206626,12.980100928808069,0</coordinates></LinearRing></outerBoundaryIs></Polygon></MultiGeometry></Placemark><Placemark><name>pattandur-agrahara-2</name><description>Pattandur Agrahara Lake · lakebed · vegetated_land · 0.12 ac · first seen 2024-dry · new · low</description><styleUrl>#flag</styleUrl><MultiGeometry><Polygon><outerBoundaryIs><LinearRing><coordinates>77.73920778967411,12.979725078911137,0 77.73920284094852,12.979273462105441,0 77.73929494303825,12.97927249147695,0 77.73929989192975,12.979724108247735,0 77.73920778967411,12.979725078911137,0</coordinates></LinearRing></outerBoundaryIs></Polygon></MultiGeometry></Placemark><Placemark><name>subedeharana-kere-1</name><description>Subedeharana Kere · lakebed · vegetated_land · 0.94 ac · first seen 2025-dry · confirmed · medium</description><styleUrl>#flag</styleUrl><MultiGeometry><Polygon><outerBoundaryIs><LinearRing><coordinates>77.615717934702,12.8596674091618,0 77.61571887083798,12.859757742508206,0 77.61581093848262,12.85975682398684,0 77.61581000231378,12.859666490647099,0 77.615717934702,12.8596674091618,0</coordinates></LinearRing></outerBoundaryIs></Polygon><Polygon><outerBoundaryIs><LinearRing><coordinates>77.61590394232897,12.859846238765616,0 77.61590300612013,12.85975590543323,0 77.61581093848262,12.85975682398684,0 77.6158118746586,12.859847157325891,0 77.61590394232897,12.859846238765616,0</coordinates></LinearRing></outerBoundaryIs></Polygon><Polygon><outerBoundaryIs><LinearRing><coordinates>77.61599881876009,12.860116320146133,0 77.61599788249698,12.860025986822476,0 77.61581374703195,12.860027824001932,0 77.6158128108417,12.859937490664256,0 77.61572074313133,12.859938409198953,0 77.61572167928873,12.860028742543296,0 77.61562961153837,12.860029661052414,0 77.61562773929644,12.85984899434971,0 77.61571980698109,12.859848075853922,0 77.61571887083798,12.859757742508206,0 77.61544266786123,12.859760497878845,0 77.61544360390576,12.859850831244556,0 77.61535153619973,12.859851749643616,0 77.61535247221853,12.859942083015305,0 77.6152604044725,12.859943001388785,0 77.6152613404656,12.860033334766454,0 77.61553754378087,12.86003057952929,0 77.61553847987967,12.860120912886275,0 77.61563054767002,12.860119994402735,0 77.61563148380883,12.860210327752363,0 77.61553941598561,12.860211246242569,0 77.61554128821888,12.8603919129531,0 77.6157254239896,12.860390075913784,0 77.61572636018266,12.860480409254688,0 77.61563429226801,12.860481327797132,0 77.61563522843534,12.86057166114401,0 77.61581936432324,12.860569824013545,0 77.61582030056343,12.860660157346404,0 77.61600443648852,12.860658320073622,0 77.6160016275922,12.860387320112975,0 77.6159095597318,12.86038823874549,0 77.61590862348017,12.86029790541723,0 77.61572448780369,12.86029974257219,0 77.61572261545325,12.860119075886947,0 77.61590675099828,12.860117238758649,0 77.61590768723565,12.860207572088282,0 77.61599975503033,12.8602066534691,0 77.61600069130769,12.860296986791381,0 77.61609275912808,12.86029606813329,0 77.61609088651477,12.860115401501375,0 77.61599881876009,12.860116320146133,0</coordinates></LinearRing></outerBoundaryIs></Polygon><Polygon><outerBoundaryIs><LinearRing><coordinates>77.61618576329157,12.860385482751214,0 77.61618482694135,12.860295149442951,0 77.61609275912808,12.86029606813329,0 77.61609369544544,12.860386401448217,0 77.61618576329157,12.860385482751214,0</coordinates></LinearRing></outerBoundaryIs></Polygon></MultiGeometry></Placemark><Placemark><name>varthur-1</name><description>Varthur Lake · lakebed · fill_or_construction · 1.8 ac · first seen 2025-dry · new · low</description><styleUrl>#flag</styleUrl><MultiGeometry><Polygon><outerBoundaryIs><LinearRing><coordinates>77.7449516705458,12.949131765797047,0 77.74495562828211,12.949493058329791,0 77.74504771897604,12.949492087855727,0 77.74504672949763,12.949401764730586,0 77.74513882015098,12.949400794231058,0 77.74513585166143,12.949129824872427,0 77.7449516705458,12.949131765797047,0</coordinates></LinearRing></outerBoundaryIs></Polygon><Polygon><outerBoundaryIs><LinearRing><coordinates>77.74523190034142,12.949490146810215,0 77.74523091079682,12.949399823699066,0 77.74513882015098,12.949400794231058,0 77.74513980966249,12.9494911173492,0 77.74523190034142,12.949490146810215,0</coordinates></LinearRing></outerBoundaryIs></Polygon><Polygon><outerBoundaryIs><LinearRing><coordinates>77.74388812875462,12.952936983179347,0 77.74398022079623,12.952936012829074,0 77.74397725272054,12.952665043279431,0 77.74406934465534,12.952664072917669,0 77.74406736590949,12.952483426561727,0 77.74415945777059,12.952482456181484,0 77.7441564896087,12.952211486663318,0 77.744248581363,12.952210516271585,0 77.74424561316926,12.951939546768108,0 77.74433770481677,12.95193857636489,0 77.7443357259922,12.951757930039731,0 77.74442781756603,12.951756959618033,0 77.7444248492861,12.951485990146036,0 77.74451694075312,12.951485019712855,0 77.74451397244135,12.951214050255551,0 77.74460606380158,12.95121307981089,0 77.74460210602511,12.950851787219344,0 77.74469419724547,12.950850816770199,0 77.74469023945653,12.950489524195449,0 77.74478233053699,12.95048855374182,0 77.7447803516213,12.950307907464241,0 77.74487244262808,12.950306936992138,0 77.74486947421148,12.950035967591516,0 77.74496156511148,12.950034997107938,0 77.74495562828211,12.949493058329791,0 77.74486353758068,12.949494028771392,0 77.74486650586235,12.9497649981846,0 77.74477441505415,12.949765968614726,0 77.744777383304,12.950036938042627,0 77.74468529238902,12.950037908461281,0 77.74468826060703,12.95030887790388,0 77.74459616958526,12.950309848311052,0 77.74460111659972,12.950761464069709,0 77.744509025405,12.950762434479396,0 77.74451199360433,12.951033403947187,0 77.7444199023028,12.951034374345392,0 77.74442287047029,12.951305343827874,0 77.74433077906197,12.951306314214598,0 77.74433473659117,12.951667606876102,0 77.74424264504296,12.951668577258337,0 77.74424462378633,12.951849223598881,0 77.74415253216442,12.951850193962636,0 77.74415451087157,12.952030840314377,0 77.74406241917596,12.952031810659651,0 77.74406538719359,12.952302780202995,0 77.74397329539119,12.952303750536782,0 77.74397626337696,12.952574720094814,0 77.74388417146776,12.952575690417115,0 77.74388713942166,12.95284665998984,0 77.74379504740567,12.952847630300647,0 77.74379702601287,12.953028276692955,0 77.74388911809507,12.95302730636816,0 77.74388812875462,12.952936983179347,0</coordinates></LinearRing></outerBoundaryIs></Polygon><Polygon><outerBoundaryIs><LinearRing><coordinates>77.74370988040678,12.953480862988775,0 77.74380197266201,12.953479892661486,0 77.74379702601287,12.953028276692955,0 77.74370493392317,12.953029246985277,0 77.74370988040678,12.953480862988775,0</coordinates></LinearRing></outerBoundaryIs></Polygon></MultiGeometry></Placemark><Placemark><name>varthur-2</name><description>Varthur Lake · lakebed · vegetated_land · 0.22 ac · first seen 2026-dry · new · low</description><styleUrl>#flag</styleUrl><MultiGeometry><Polygon><outerBoundaryIs><LinearRing><coordinates>77.72872001105284,12.947134273785064,0 77.7287190276408,12.947043949405678,0 77.72853484551895,12.947045878426014,0 77.72853386218054,12.946955554032021,0 77.7289022262621,12.946951695889346,0 77.72890320973285,12.947042020255521,0 77.72917948281503,12.94703912628685,0 77.72918046639252,12.947129450631454,0 77.72872001105284,12.947134273785064,0</coordinates></LinearRing></outerBoundaryIs></Polygon></MultiGeometry></Placemark><Placemark><name>yele-mallappa-shetty-2</name><description>Yele Mallappa Shetty Lake · lakebed · vegetated_land · 0.91 ac · first seen 2026-dry · new · low</description><styleUrl>#flag</styleUrl><MultiGeometry><Polygon><outerBoundaryIs><LinearRing><coordinates>77.72545953612017,13.036599717715948,0 77.72545458988404,13.03614809767934,0 77.72536246573664,13.036149067561754,0 77.72536444414206,13.0363297155924,0 77.72527231992052,13.036330685456024,0 77.72527034158178,13.03615003741148,0 77.72517821741947,13.036151007228515,0 77.7251772282946,13.036060683198242,0 77.72526935242358,13.036059713388156,0 77.72526737412954,13.03587906533939,0 77.72535949818439,13.035878095510512,0 77.72535751985349,13.03569744747284,0 77.72544964383422,13.035696477625168,0 77.72544865464663,13.035606153612228,0 77.72554077858656,13.03560518373882,0 77.7255417678075,13.035695507744812,0 77.72563389177331,13.035694537831766,0 77.72563488103505,13.035784861830107,0 77.72572700502676,13.035783891877422,0 77.72572799432926,13.03587421586811,0 77.72582011834685,13.03587324587579,0 77.72582308639913,13.036144217822793,0 77.72573096228153,13.036145187835963,0 77.72573195161387,13.036235511823843,0 77.72563982745548,13.036236481811274,0 77.72564081676194,13.036326805805398,0 77.72554869256275,13.03632777576709,0 77.72555166042682,13.0365987477661,0 77.72545953612017,13.036599717715948,0</coordinates></LinearRing></outerBoundaryIs></Polygon></MultiGeometry></Placemark><Placemark><name>yele-mallappa-shetty-1</name><description>Yele Mallappa Shetty Lake · lakebed · vegetated_land · 0.79 ac · first seen 2023-dry · new · low</description><styleUrl>#flag</styleUrl><MultiGeometry><Polygon><outerBoundaryIs><LinearRing><coordinates>77.72399741152634,13.037699121817703,0 77.72390528669295,13.03770009129516,0 77.72390429790819,13.037609767179575,0 77.7240885475008,13.037607828205857,0 77.72408755865679,13.03751750410346,0 77.72362693478608,13.037522351257829,0 77.72362792346338,13.037612675394953,0 77.72344367379627,13.037614614041741,0 77.72344565103987,13.03779526234165,0 77.72353777594384,13.037794293020715,0 77.72353678728497,13.037703968878057,0 77.72381316185214,13.037701060739922,0 77.72381415061102,13.03779138486175,0 77.7239984003519,13.03778944592564,0 77.72399741152634,13.037699121817703,0</coordinates></LinearRing></outerBoundaryIs></Polygon><Polygon><outerBoundaryIs><LinearRing><coordinates>77.72399938918494,13.037879770032873,0 77.7241836389627,13.0378778309521,0 77.72418561678445,13.038058479136682,0 77.7243698666658,13.038056539897353,0 77.72437085565453,13.038146863974694,0 77.72446298061736,13.038145894299042,0 77.72446199159528,13.038055570228645,0 77.72464624143193,13.03805363079315,0 77.72464426327676,13.037872982678032,0 77.72473638811721,13.037872012925137,0 77.72473539901746,13.03778168887347,0 77.7239984003519,13.03778944592564,0 77.72399938918494,13.037879770032873,0</coordinates></LinearRing></outerBoundaryIs></Polygon></MultiGeometry></Placemark><Placemark><name>yele-mallappa-shetty-3</name><description>Yele Mallappa Shetty Lake · lakebed · vegetated_land · 0.2 ac · first seen 2026-dry · new · low</description><styleUrl>#flag</styleUrl><MultiGeometry><Polygon><outerBoundaryIs><LinearRing><coordinates>77.72906131855234,13.028973698641897,0 77.72905933862225,13.028793051067636,0 77.72896721747254,13.028794021694006,0 77.72896622755202,13.02870369789886,0 77.72905834866842,13.028702727279452,0 77.72905636878309,13.028522079700974,0 77.72914848982539,13.028521109062808,0 77.72914947979763,13.02861143284544,0 77.7292416008658,13.02861046216765,0 77.7292435808993,13.028791109716886,0 77.7291514597645,13.028792080408595,0 77.7291534397612,13.028972727968942,0 77.72906131855234,13.028973698641897,0</coordinates></LinearRing></outerBoundaryIs></Polygon></MultiGeometry></Placemark><Placemark><name>yele-mallappa-shetty-4</name><description>Yele Mallappa Shetty Lake · buffer · fill_or_construction · 0.17 ac · first seen 2024-dry · new · low</description><styleUrl>#flag</styleUrl><MultiGeometry><Polygon><outerBoundaryIs><LinearRing><coordinates>77.72367876002971,13.025416973629753,0 77.72367777229118,13.025326649411738,0 77.72349353171786,13.025328586300496,0 77.72349254405339,13.025238262067894,0 77.723861025037,13.025234388187508,0 77.7238620128347,13.025324712392337,0 77.72395413309529,13.025323743833644,0 77.72395512093375,13.025414068030825,0 77.72367876002971,13.025416973629753,0</coordinates></LinearRing></outerBoundaryIs></Polygon></MultiGeometry></Placemark><Placemark><name>yele-mallappa-shetty-5</name><description>Yele Mallappa Shetty Lake · buffer · fill_or_construction · 0.12 ac · first seen 2025-dry · confirmed · medium</description><styleUrl>#flag</styleUrl><MultiGeometry><Polygon><outerBoundaryIs><LinearRing><coordinates>77.72537765919274,13.020701713134345,0 77.72537667120885,13.020611389011819,0 77.72546878961121,13.020610420259214,0 77.72546780160147,13.020520096142935,0 77.7255599199631,13.020519127364631,0 77.72555893192751,13.0204288032546,0 77.72565105024839,13.020427834450592,0 77.72565302639357,13.02060848265606,0 77.72556090800613,13.02060945147396,0 77.7255618960566,13.020699775582589,0 77.72537765919274,13.020701713134345,0</coordinates></LinearRing></outerBoundaryIs></Polygon></MultiGeometry></Placemark></Document></kml>