{"type": "FeatureCollection", "features": [{"type": "Feature", "properties": {"id": "delhi-1013", "status": "vanished", "area_ha": 3.67, "water_left": 0.0, "baseline_years_with_water": 2, "recent_years_seen": [2024, 2025], "lat": 28.69117, "lon": 77.03625, "now": "unclear", "thumbs": ["thumbs/delhi-1013-2019.jpg", "thumbs/delhi-1013-2025.jpg"], "district": "North West Delhi"}, "geometry": {"type": "Polygon", "coordinates": [[[77.03637882347846, 28.69253691229662], [77.03637707705747, 28.6924467057222], [77.03617247100526, 28.692449785404396], [77.03617072476744, 28.692359578817218], [77.03596611885835, 28.69236265817894], [77.03596437280375, 28.692272451579], [77.03586206992475, 28.69227399113825], [77.03585857801475, 28.69209357792302], [77.03575627530293, 28.69209511739357], [77.03575452944753, 28.69200491077827], [77.03565222681527, 28.692006450165827], [77.03565048105548, 28.69191624354351], [77.03554817850281, 28.691917782848083], [77.03553770463792, 28.6913765430525], [77.03543540260272, 28.691378082245468], [77.03542667504027, 28.690927049018065], [77.03552897663755, 28.690925509853738], [77.03552199438153, 28.69056468327133], [77.03521509061663, 28.690569300463867], [77.03520810953978, 28.690208473791923], [77.03531041045245, 28.690206934827902], [77.03530691978695, 28.690026521495586], [77.03551152123792, 28.690023443358697], [77.03550977574204, 28.689933236702043], [77.03571437698581, 28.689930158267618], [77.03571088566777, 28.689749744973323], [77.03601778694784, 28.689745126776707], [77.03601953286558, 28.689835333407324], [77.03612183336382, 28.689833793848226], [77.0361253253985, 28.69001420709411], [77.03622762606388, 28.690012667446315], [77.03622937218083, 28.690102874061584], [77.03633167292577, 28.690101334330805], [77.0363334191383, 28.69019154093904], [77.03643571996281, 28.69019000112529], [77.03643746627093, 28.690280207726488], [77.03653976717499, 28.69027866782977], [77.03654151357873, 28.690368874423946], [77.03674611553795, 28.690365794387294], [77.03674786212486, 28.6904560009687], [77.03685016318002, 28.69045446082877], [77.03685540325158, 28.690725080548013], [77.03695770456147, 28.690723540313645], [77.03696294496797, 28.69099416000399], [77.03706524653256, 28.69099261967518], [77.03707223420383, 28.69135344588785], [77.03717453611075, 28.691351905458863], [77.03717977721116, 28.691622525087503], [77.0370774750415, 28.691624065533688], [77.03708271595136, 28.691894685167824], [77.0369804135109, 28.691896225553947], [77.03698216040932, 28.6919864321018], [77.03687985787327, 28.691987972416392], [77.03688160469211, 28.692078178968668], [77.03677930206047, 28.69207971921174], [77.03678279554701, 28.69226013232385], [77.03668049273217, 28.692261672501132], [77.03668398607564, 28.69244208561949], [77.0365816830776, 28.692443625730988], [77.03658342967377, 28.692533832293947], [77.03637882347846, 28.69253691229662]], [[77.0357300883137, 28.690742018027624], [77.03583238971177, 28.690740478642994], [77.0358271522676, 28.690469858751882], [77.03572485113227, 28.690471398119325], [77.0357300883137, 28.690742018027624]]]}}, {"type": "Feature", "properties": {"id": "delhi-200", "status": "vanished", "area_ha": 1.31, "water_left": 0.0, "baseline_years_with_water": 3, "recent_years_seen": [2024, 2025], "lat": 28.82369, "lon": 77.02474, "now": "unclear", "thumbs": ["thumbs/delhi-200-2019.jpg", "thumbs/delhi-200-2025.jpg"], "district": "Outer North Delhi"}, "geometry": {"type": "Polygon", "coordinates": [[[77.02459843375354, 28.82454332857051], [77.02459319631336, 28.82427271214891], [77.02449076394713, 28.824274249523064], [77.02448727253673, 28.824093838557392], [77.02438484033884, 28.824095375842454], [77.02438309473384, 28.82400517035197], [77.02428066261612, 28.824006707553657], [77.02428240813295, 28.82409691304985], [77.02407754369716, 28.824099987231598], [77.02407579835669, 28.824009781724016], [77.02397336621499, 28.82401131869267], [77.0239681305061, 28.82374070214497], [77.02407056238327, 28.823739165193413], [77.02406707177435, 28.823558754166484], [77.02396464007352, 28.823560291106634], [77.02395242381154, 28.822928852431446], [77.02425971703832, 28.822924241497695], [77.02426146245912, 28.823014447009523], [77.02436389360689, 28.823012909870556], [77.02436738464885, 28.82319332087891], [77.02467467857318, 28.82318870896175], [77.02467293278367, 28.823098503475336], [77.0247753639876, 28.823096966019975], [77.02477187225625, 28.822916555054643], [77.0251815962865, 28.822910404502085], [77.02518334250087, 28.82300060996259], [77.0249784803254, 28.82300368540562], [77.0250081641966, 28.824537178228688], [77.02459843375354, 28.82454332857051]], [[77.02427717160646, 28.82382629655737], [77.02437960354781, 28.823824759367074], [77.02437785796681, 28.823734553872683], [77.02448028981198, 28.823733016610426], [77.0244785441508, 28.82364281112041], [77.0245809758998, 28.823641273786183], [77.02457923015844, 28.82355106830058], [77.02447679849762, 28.82355260562911], [77.02447505285245, 28.823462400136506], [77.02437262127182, 28.82346393738166], [77.02437436682881, 28.82355414287997], [77.02427193515199, 28.823555680053147], [77.02427717160646, 28.82382629655737]]]}}, {"type": "Feature", "properties": {"id": "delhi-1241", "status": "vanished", "area_ha": 0.93, "water_left": 0.0, "baseline_years_with_water": 2, "recent_years_seen": [2024, 2025], "lat": 28.66663, "lon": 77.00565, "now": "dried_grassed", "thumbs": ["thumbs/delhi-1241-2019.jpg", "thumbs/delhi-1241-2025.jpg"], "district": "Outer North Delhi"}, "geometry": {"type": "Polygon", "coordinates": [[[77.00447306114562, 28.666845561189056], [77.00446619222598, 28.66648472639752], [77.00487531141069, 28.66647866758924], [77.00487359385058, 28.66638845891066], [77.00661234749015, 28.66636269529528], [77.0066140665374, 28.666452903877936], [77.0067163461797, 28.666451387670918], [77.00671806532233, 28.66654159624664], [77.0068203450442, 28.66654007995679], [77.0068255027819, 28.666810705659234], [77.00651866280522, 28.666815254348023], [77.00651694381388, 28.666725045764913], [77.00498274417724, 28.66674777870524], [77.00498446185638, 28.666837987372976], [77.00447306114562, 28.666845561189056]]]}}, {"type": "Feature", "properties": {"id": "delhi-822", "status": "vanished", "area_ha": 0.88, "water_left": 0.0, "baseline_years_with_water": 3, "recent_years_seen": [2024, 2025], "lat": 28.71067, "lon": 77.04865, "now": "built_or_bare", "thumbs": ["thumbs/delhi-822-2019.jpg", "thumbs/delhi-822-2025.jpg"], "district": "North West Delhi"}, "geometry": {"type": "Polygon", "coordinates": [[[77.04809987178658, 28.71112831133905], [77.0480893249829, 28.71058707732401], [77.04798700506521, 28.710588626948546], [77.04798524738051, 28.710498421269047], [77.04808756721053, 28.710496871650275], [77.04808405168998, 28.710316460298905], [77.04900492821908, 28.71030251035475], [77.0490066867643, 28.710392715979207], [77.04921132607954, 28.71038961512968], [77.04921308480816, 28.71047982074131], [77.04931540454135, 28.71047827019481], [77.0493171633657, 28.710568475799366], [77.04921484354487, 28.71057002635163], [77.04921836104249, 28.710750437568358], [77.04911604103825, 28.710751988054838], [77.0491177997115, 28.710842193667027], [77.0490154796115, 28.710843744081952], [77.04901723820517, 28.7109339496986], [77.04891491800943, 28.710935500041987], [77.0489166765235, 28.711025705663097], [77.0487120359325, 28.711028806129473], [77.0487137942793, 28.711119011760818], [77.04809987178658, 28.71112831133905]]]}}, {"type": "Feature", "properties": {"id": "delhi-343", "status": "vanished", "area_ha": 0.58, "water_left": 0.0, "baseline_years_with_water": 2, "recent_years_seen": [2024, 2025], "lat": 28.78113, "lon": 77.1079, "now": "dried_grassed", "thumbs": ["thumbs/delhi-343-2019.jpg", "thumbs/delhi-343-2025.jpg"], "district": "Outer North Delhi"}, "geometry": {"type": "Polygon", "coordinates": [[[77.10776044680884, 28.782034666373544], [77.10772416211317, 28.780230640158884], [77.10792892994182, 28.780227443430217], [77.10793074427347, 28.78031764474153], [77.10803312826329, 28.78031604625497], [77.10806578923967, 28.78193966952767], [77.10796340366645, 28.78194126812106], [77.10796521815622, 28.782031469407475], [77.10776044680884, 28.782034666373544]]]}}, {"type": "Feature", "properties": {"id": "delhi-199", "status": "vanished", "area_ha": 0.57, "water_left": 0.0, "baseline_years_with_water": 3, "recent_years_seen": [2024, 2025], "lat": 28.82369, "lon": 77.05435, "now": "unclear", "thumbs": ["thumbs/delhi-199-2019.jpg", "thumbs/delhi-199-2025.jpg"], "district": "Outer North Delhi"}, "geometry": {"type": "Polygon", "coordinates": [[[77.05430532870155, 28.824184411369213], [77.05430355730076, 28.824094207563927], [77.05409869670736, 28.824097327320263], [77.05409692549104, 28.82400712350211], [77.05399449527033, 28.824008683257986], [77.0539909530384, 28.823828275606193], [77.05409338308276, 28.82382671586189], [77.0540916118908, 28.823736512039815], [77.05398918193461, 28.82373807177833], [77.05398741083893, 28.82364786794917], [77.0538849809628, 28.823649427604224], [77.05388320996342, 28.823559223767973], [77.05398563975139, 28.82355766411869], [77.05398386867195, 28.823467460286917], [77.05429115772263, 28.823462780890427], [77.0542893863868, 28.82337257707471], [77.05459667509987, 28.82336789699655], [77.05459490350766, 28.82327769319689], [77.05479976243275, 28.82327457276801], [77.0548015342013, 28.823364776556105], [77.05469910465465, 28.82336633681516], [77.05471327839007, 28.824087967119205], [77.05461084812993, 28.824089527346892], [77.05461261979524, 28.824179731134816], [77.05430532870155, 28.824184411369213]]]}}, {"type": "Feature", "properties": {"id": "delhi-1186", "status": "vanished", "area_ha": 0.57, "water_left": 0.0, "baseline_years_with_water": 3, "recent_years_seen": [2024, 2025], "lat": 28.66924, "lon": 77.12197, "now": "dried_grassed", "thumbs": ["thumbs/delhi-1186-2019.jpg", "thumbs/delhi-1186-2025.jpg"], "district": "West Delhi"}, "geometry": {"type": "Polygon", "coordinates": [[[77.121568999022, 28.66966269850142], [77.12156718129559, 28.669572496510344], [77.12146490604124, 28.66957409961784], [77.12145945317451, 28.66930349361886], [77.12156172816644, 28.669301890529276], [77.12155627511243, 28.669031284536427], [77.12145400038288, 28.669032887608115], [77.1214503652302, 28.668852483594414], [77.12155263978481, 28.668850880534656], [77.12155082213353, 28.668760678531807], [77.12185764548491, 28.668755868907457], [77.12185946339858, 28.668846070892403], [77.1219617379198, 28.66884446752399], [77.12196355592931, 28.668934669501652], [77.12206583052964, 28.668933066050112], [77.12206764863495, 28.669023268020503], [77.1221699233144, 28.669021664485822], [77.12217174151552, 28.66911186644894], [77.1224785657662, 28.669107055364], [77.12248038423806, 28.669197257307896], [77.12237810940871, 28.66919886108601], [77.12237992780146, 28.669289063034572], [77.12217537794281, 28.66929227037124], [77.12217719616898, 28.66938247233044], [77.12207492113964, 28.66938407588899], [77.1220767392867, 28.669474277852835], [77.12197446416155, 28.669475881340198], [77.12197628222948, 28.669566083308705], [77.12177173177923, 28.669569290063862], [77.12177354968057, 28.669659492043003], [77.121568999022, 28.66966269850142]]]}}, {"type": "Feature", "properties": {"id": "delhi-241", "status": "vanished", "area_ha": 0.53, "water_left": 0.0, "baseline_years_with_water": 3, "recent_years_seen": [2024, 2025], "lat": 28.81124, "lon": 77.08883, "now": "dried_grassed", "thumbs": ["thumbs/delhi-241-2019.jpg", "thumbs/delhi-241-2025.jpg"], "district": "Outer North Delhi"}, "geometry": {"type": "Polygon", "coordinates": [[[77.08899769058756, 28.811831499758963], [77.08899408982711, 28.811651095783947], [77.08878925808705, 28.81165426695645], [77.08878565771207, 28.811473862952674], [77.08868324200586, 28.81147544841071], [77.08868144191885, 28.81138524640098], [77.08857902629252, 28.81138683177552], [77.08857362634534, 28.811116225720824], [77.08847121097507, 28.811117811000088], [77.0884622116687, 28.810666800853316], [77.08856462659845, 28.810665215603464], [77.08856642653132, 28.810755417629547], [77.08866884154092, 28.81075383229619], [77.08867064157015, 28.810844034315085], [77.08877305665959, 28.810842448898224], [77.0887748567852, 28.810932650909926], [77.08887727195449, 28.81093106540956], [77.08887907217643, 28.811021267414066], [77.08898148742558, 28.8110196818302], [77.08898508807046, 28.81120008582353], [77.08908750348758, 28.811198500150258], [77.0890893039105, 28.811288702139073], [77.08919171940745, 28.8112871163823], [77.08919351992675, 28.81137731836393], [77.08929593550356, 28.811375732523643], [77.08929953674313, 28.811556136471193], [77.0894019524879, 28.811554550541516], [77.08940375320817, 28.81164475250745], [77.0893013373753, 28.811646338443005], [77.0893049386644, 28.811826742382717], [77.08899769058756, 28.811831499758963]]]}}, {"type": "Feature", "properties": {"id": "delhi-672", "status": "vanished", "area_ha": 0.51, "water_left": 0.0, "baseline_years_with_water": 2, "recent_years_seen": [2024, 2025], "lat": 28.72633, "lon": 77.07194, "now": "built_or_bare", "thumbs": ["thumbs/delhi-672-2019.jpg", "thumbs/delhi-672-2025.jpg"], "district": "Outer North Delhi"}, "geometry": {"type": "MultiPolygon", "coordinates": [[[[77.07235040765258, 28.72636889135926], [77.07245274136064, 28.72636732252357], [77.07244562207042, 28.726006506204026], [77.07203628859286, 28.726012780989333], [77.07203806805224, 28.726102985094496], [77.071833401089, 28.726106122034675], [77.0718351803811, 28.726196326150205], [77.07163051320973, 28.726199462792618], [77.07163229233451, 28.726289666918504], [77.07142762495504, 28.72629280326315], [77.07142940391252, 28.726383007399395], [77.07122473632492, 28.726386143446277], [77.07122829391346, 28.72656655173816], [77.07133062788682, 28.726564983741735], [77.07133240678107, 28.726655187879885], [77.07143474083398, 28.726653619800274], [77.071432961852, 28.726563415667954], [77.07214929937967, 28.726552436985497], [77.07214751979174, 28.72646223289268], [77.07235218740782, 28.726459095441708], [77.07235040765258, 28.72636889135926]]], [[[77.07235396717122, 28.72654929952286], [77.07255863493012, 28.726546161750804], [77.07255685499123, 28.72645595768132], [77.07235218740782, 28.726459095441708], [77.07235396717122, 28.72654929952286]]]]}}, {"type": "Feature", "properties": {"id": "delhi-504", "status": "vanished", "area_ha": 0.43, "water_left": 0.0, "baseline_years_with_water": 3, "recent_years_seen": [2024, 2025], "lat": 28.74501, "lon": 77.16348, "now": "unclear", "thumbs": ["thumbs/delhi-504-2019.jpg", "thumbs/delhi-504-2025.jpg"], "district": "North Delhi"}, "geometry": {"type": "Polygon", "coordinates": [[[77.16323571537512, 28.745607346287994], [77.16321526417593, 28.744615162550996], [77.16352230052894, 28.744610246707865], [77.1635241599496, 28.744700445217724], [77.16362650547133, 28.744698806442454], [77.16363022451381, 28.744879203446036], [77.1637325702026, 28.744877564581195], [77.1637381490937, 28.745148160058438], [77.16363580314153, 28.745149798941544], [77.16364138184603, 28.745420394425224], [77.16353903562195, 28.745422033249202], [77.1635408951194, 28.74551223174722], [77.16343854879898, 28.745513870499888], [77.16344040821714, 28.745604069002685], [77.16323571537512, 28.745607346287994]]]}}, {"type": "Feature", "properties": {"id": "delhi-589", "status": "vanished", "area_ha": 0.43, "water_left": 0.0, "baseline_years_with_water": 3, "recent_years_seen": [2024, 2025], "lat": 28.73001, "lon": 77.25908, "now": "dried_grassed", "thumbs": ["thumbs/delhi-589-2019.jpg", "thumbs/delhi-589-2025.jpg"], "district": "North East Delhi"}, "geometry": {"type": "MultiPolygon", "coordinates": [[[[77.25935102069903, 28.730500566696016], [77.2592486956398, 28.730502277170807], [77.25924675513043, 28.730412084313702], [77.25934908010196, 28.73041037384527], [77.25934519893453, 28.730229988139826], [77.25924287413841, 28.730231698595546], [77.25924093365575, 28.730141505734476], [77.25934325836415, 28.73013979528512], [77.2593413178027, 28.73004960242908], [77.25923899318198, 28.730051312872085], [77.25923705271714, 28.729961120008358], [77.25913472817524, 28.729962830367672], [77.25913084744766, 28.72978244462356], [77.25902852307226, 28.729784154892823], [77.25902270231077, 28.729513576247644], [77.25892037818959, 28.729515286420504], [77.25891261764971, 28.72915451484965], [77.25881029387044, 28.729156224919752], [77.25881223390434, 28.7292464178208], [77.25870991002844, 28.729248127819925], [77.25871184998357, 28.72933832072602], [77.25881417394716, 28.729336610720534], [77.25882581439099, 28.72987776809112], [77.25892813887188, 28.729876057970177], [77.2589339594771, 28.73014663661853], [77.25903628421221, 28.730144926401177], [77.25904986654992, 28.730776276489845], [77.25925451722134, 28.730772855734145], [77.25925257668526, 28.730682662881016], [77.25935490191989, 28.730680952393516], [77.25935102069903, 28.730500566696016]]], [[[77.25935878317638, 28.730861338085724], [77.25946110857754, 28.730859627508178], [77.25945722714565, 28.73067924182868], [77.25935490191989, 28.730680952393516], [77.25935878317638, 28.730861338085724]]]]}}, {"type": "Feature", "properties": {"id": "delhi-472", "status": "vanished", "area_ha": 0.39, "water_left": 0.0, "baseline_years_with_water": 3, "recent_years_seen": [2024, 2025], "lat": 28.75228, "lon": 77.19445, "now": "dried_grassed", "thumbs": ["thumbs/delhi-472-2019.jpg", "thumbs/delhi-472-2025.jpg"], "district": "North Delhi"}, "geometry": {"type": "Polygon", "coordinates": [[[77.19440095869123, 28.752503429418148], [77.19439907213807, 28.752413232869213], [77.1939896683151, 28.752419882318662], [77.19398778212187, 28.752329685743717], [77.1937830803341, 28.752333009991585], [77.19377930832488, 28.75215261681303], [77.19388165904745, 28.752150954740152], [77.19388354513555, 28.752241151323915], [77.19398589593729, 28.752239489167444], [77.19398400976138, 28.752149292589866], [77.19429106185122, 28.752144305674488], [77.1942891754205, 28.75205410911411], [77.19469857773451, 28.752047458834472], [77.1947004645165, 28.752137655370145], [77.19500751642458, 28.752132666829006], [77.19500940347869, 28.752222863344826], [77.19511175418522, 28.752221200336763], [77.19511364133581, 28.752311396845087], [77.19490893973845, 28.752314722796147], [77.19491082672205, 28.752404919315495], [77.19460377399763, 28.752409907679986], [77.19460566072642, 28.75250010421656], [77.19440095869123, 28.752503429418148]]]}}, {"type": "Feature", "properties": {"id": "delhi-1185", "status": "vanished", "area_ha": 0.39, "water_left": 0.0, "baseline_years_with_water": 3, "recent_years_seen": [2024, 2025], "lat": 28.67116, "lon": 77.0019, "now": "dried_grassed", "thumbs": ["thumbs/delhi-1185-2019.jpg", "thumbs/delhi-1185-2025.jpg"], "district": "Outer North Delhi"}, "geometry": {"type": "Polygon", "coordinates": [[[77.00159439352302, 28.67149010138006], [77.0015926784166, 28.671399892586848], [77.00149039364766, 28.671401405161856], [77.00148181867117, 28.670950361148208], [77.00219780882583, 28.670939771699206], [77.00219952441786, 28.671029980465107], [77.00230180878165, 28.67102846737228], [77.00230695586757, 28.671299093645313], [77.00220467124127, 28.671300606755043], [77.00220638686484, 28.671390815515764], [77.00169496317767, 28.671398379934647], [77.0016966783716, 28.671488588722227], [77.00159439352302, 28.67149010138006]]]}}, {"type": "Feature", "properties": {"id": "delhi-786", "status": "vanished", "area_ha": 0.36, "water_left": 0.0, "baseline_years_with_water": 2, "recent_years_seen": [2024, 2025], "lat": 28.71558, "lon": 77.03406, "now": "dried_grassed", "thumbs": ["thumbs/delhi-786-2019.jpg", "thumbs/delhi-786-2025.jpg"], "district": "North West Delhi"}, "geometry": {"type": "Polygon", "coordinates": [[[77.03386571082336, 28.716035246002175], [77.03385872701725, 28.71567442038516], [77.03375640123915, 28.715675959495055], [77.03375290955955, 28.715495546667302], [77.033957560757, 28.71549246839307], [77.0339540687587, 28.71531205558299], [77.03405639417002, 28.715310516341336], [77.03405814025287, 28.715400722741293], [77.03426279122684, 28.715397644014544], [77.03426453749307, 28.715487850401754], [77.03436686305572, 28.71548631091667], [77.0343773413476, 28.716027549178264], [77.03386571082336, 28.716035246002175]]]}}, {"type": "Feature", "properties": {"id": "delhi-413", "status": "vanished", "area_ha": 0.33, "water_left": 0.0, "baseline_years_with_water": 2, "recent_years_seen": [2024, 2025], "lat": 28.76462, "lon": 77.13076, "now": "built_or_bare", "thumbs": ["thumbs/delhi-413-2019.jpg", "thumbs/delhi-413-2025.jpg"], "district": "North Delhi"}, "geometry": {"type": "Polygon", "coordinates": [[[77.13055838212914, 28.764894233637833], [77.13055654949855, 28.764804033444065], [77.1304541821458, 28.76480564820984], [77.13044685205908, 28.76444484739766], [77.13054921906028, 28.764443232655875], [77.13054738647173, 28.764353032455542], [77.13105922091215, 28.764344957614604], [77.1310683861362, 28.764795958453163], [77.13096601882549, 28.764797573606284], [77.13096785180764, 28.764887773776056], [77.13055838212914, 28.764894233637833]]]}}, {"type": "Feature", "properties": {"id": "delhi-473", "status": "vanished", "area_ha": 0.33, "water_left": 0.0, "baseline_years_with_water": 3, "recent_years_seen": [2024, 2025], "lat": 28.75185, "lon": 77.1927, "now": "dried_grassed", "thumbs": ["thumbs/delhi-473-2019.jpg", "thumbs/delhi-473-2025.jpg"], "district": "North Delhi"}, "geometry": {"type": "Polygon", "coordinates": [[[77.19296050223285, 28.752165910609012], [77.19295861694377, 28.752075713968363], [77.1927539155099, 28.75207903663084], [77.1927520304051, 28.751988839976537], [77.19254732911229, 28.751992162317002], [77.19254544419178, 28.751901965649044], [77.19234074304, 28.751905287667494], [77.19233320414699, 28.751544500933104], [77.19264025480788, 28.75153951786335], [77.19264213978161, 28.751629714530416], [77.19274449007243, 28.751628053346156], [77.19274637514263, 28.751718250005723], [77.1928487255126, 28.75171658873789], [77.19285061067927, 28.751806785389967], [77.19305531156894, 28.75180346260969], [77.1930571969199, 28.751893659248115], [77.19315954743956, 28.75189199773568], [77.19316143288698, 28.751982194366608], [77.19326378348583, 28.751980532770585], [77.19326755458223, 28.752160926016153], [77.19296050223285, 28.752165910609012]]]}}, {"type": "Feature", "properties": {"id": "delhi-363", "status": "vanished", "area_ha": 0.32, "water_left": 0.0, "baseline_years_with_water": 2, "recent_years_seen": [2024, 2025], "lat": 28.77875, "lon": 77.11005, "now": "built_or_bare", "thumbs": ["thumbs/delhi-363-2019.jpg", "thumbs/delhi-363-2025.jpg"], "district": "Outer North Delhi"}, "geometry": {"type": "Polygon", "coordinates": [[[77.10975004857079, 28.779116244362786], [77.10973915385524, 28.778575037014352], [77.11014868248006, 28.77856863747288], [77.11014686637147, 28.778478436267314], [77.11045401248876, 28.77847363581511], [77.11045764524202, 28.778654038189277], [77.11035526303534, 28.778655638429413], [77.11035889564602, 28.77883604081022], [77.1102565132551, 28.778837640984726], [77.11025832948498, 28.778927842179108], [77.11015594699776, 28.778929442282035], [77.11015776314801, 28.77901964348105], [77.10985061537252, 28.779024443342543], [77.10985243126724, 28.779114644558064], [77.10975004857079, 28.779116244362786]]]}}, {"type": "Feature", "properties": {"id": "delhi-441", "status": "vanished", "area_ha": 0.32, "water_left": 0.0, "baseline_years_with_water": 2, "recent_years_seen": [2024, 2025], "lat": 28.76096, "lon": 77.01318, "now": "unclear", "thumbs": ["thumbs/delhi-441-2019.jpg", "thumbs/delhi-441-2025.jpg"], "district": "Outer North Delhi"}, "geometry": {"type": "Polygon", "coordinates": [[[77.01333899279105, 28.76118825639851], [77.01333726121143, 28.761098049452226], [77.01282540441345, 28.761105677579554], [77.01282367328128, 28.761015470603628], [77.01272130198575, 28.761016995990992], [77.0127161089006, 28.760746375038423], [77.01281847993243, 28.76074484966806], [77.01282021104078, 28.760835056647878], [77.01312732435231, 28.76083048005492], [77.01312559298027, 28.7607402730921], [77.01353507693285, 28.760734169906154], [77.01353680865647, 28.760824376846305], [77.0137415507609, 28.760821324777133], [77.01374328266826, 28.760911531704643], [77.01364091153212, 28.76091305778364], [77.01364264335955, 28.76100326471552], [77.01354027212757, 28.761004790722705], [77.01354200387503, 28.761094997658947], [77.0134396325472, 28.76109652359433], [77.0134413642147, 28.761186730534945], [77.01333899279105, 28.76118825639851]]]}}, {"type": "Feature", "properties": {"id": "delhi-249", "status": "vanished", "area_ha": 0.31, "water_left": 0.0, "baseline_years_with_water": 2, "recent_years_seen": [2024, 2025], "lat": 28.80987, "lon": 77.05571, "now": "dried_grassed", "thumbs": ["thumbs/delhi-249-2019.jpg", "thumbs/delhi-249-2025.jpg"], "district": "Outer North Delhi"}, "geometry": {"type": "Polygon", "coordinates": [[[77.0552580872823, 28.8100938876585], [77.05525454490736, 28.809913479778057], [77.05515212855029, 28.809915039718234], [77.05514858638404, 28.80973463182099], [77.05525100256489, 28.809733071892396], [77.05525277373205, 28.809823275835885], [77.0554576062456, 28.809820155734222], [77.05545583490222, 28.809729951802318], [77.05586549947938, 28.80972371069066], [77.0558672711752, 28.809813914599406], [77.05627693597484, 28.80980767222258], [77.05628048009572, 28.80998807998983], [77.05576839819479, 28.80999588282471], [77.05577016982687, 28.81008608673533], [77.0552580872823, 28.8100938876585]]]}}, {"type": "Feature", "properties": {"id": "delhi-600", "status": "vanished", "area_ha": 0.31, "water_left": 0.0, "baseline_years_with_water": 3, "recent_years_seen": [2024, 2025], "lat": 28.72789, "lon": 77.25878, "now": "dried_grassed", "thumbs": ["thumbs/delhi-600-2019.jpg", "thumbs/delhi-600-2025.jpg"], "district": "North East Delhi"}, "geometry": {"type": "Polygon", "coordinates": [[[77.2588990370477, 28.7285231645497], [77.2588970969973, 28.72843297164442], [77.2587947739196, 28.728434681663664], [77.25879089402092, 28.728254295836404], [77.25868857110973, 28.728256005765616], [77.25868469142205, 28.728075619920347], [77.25858236867734, 28.728077329759515], [77.25857267005237, 28.727626365091414], [77.25887963694436, 28.727621235437255], [77.25888157691463, 28.72771142835446], [77.25898389928186, 28.727709718308727], [77.25899359970525, 28.7281606828431], [77.25909592250204, 28.728158972688263], [77.25909786270111, 28.728249165584803], [77.25899553981661, 28.728250875745996], [77.2590013602042, 28.728521454446767], [77.2588990370477, 28.7285231645497]]]}}, {"type": "Feature", "properties": {"id": "delhi-2355", "status": "vanished", "area_ha": 0.29, "water_left": 0.0, "baseline_years_with_water": 3, "recent_years_seen": [2024, 2025], "lat": 28.55276, "lon": 77.15611, "now": "dried_grassed", "thumbs": ["thumbs/delhi-2355-2019.jpg", "thumbs/delhi-2355-2025.jpg"], "district": "South Delhi"}, "geometry": {"type": "Polygon", "coordinates": [[[77.15612049264844, 28.553171085243967], [77.15611865423473, 28.553080883742908], [77.15601649407047, 28.553082506913572], [77.15601281744229, 28.552902103895413], [77.15591065744347, 28.552903726977164], [77.15590514282542, 28.552633122421952], [77.15580298307896, 28.55263474540874], [77.15579746879777, 28.552364140823595], [77.1560017877606, 28.55236089480957], [77.15600730256341, 28.552631499358377], [77.15610946229296, 28.552629876218013], [77.1561113006644, 28.55272007772561], [77.15631562027203, 28.552716831202392], [77.15631745882581, 28.55280703269656], [77.15641961870388, 28.552805409313713], [77.15642329601069, 28.552985812286014], [77.15652545605418, 28.55298418881426], [77.1565272948072, 28.553074390292387], [77.15642513467677, 28.553076013770205], [77.1564269733513, 28.553166215253086], [77.15612049264844, 28.553171085243967]]]}}, {"type": "Feature", "properties": {"id": "delhi-499", "status": "vanished", "area_ha": 0.28, "water_left": 0.0, "baseline_years_with_water": 3, "recent_years_seen": [2024, 2025], "lat": 28.74678, "lon": 77.16346, "now": "built_or_bare", "thumbs": ["thumbs/delhi-499-2019.jpg", "thumbs/delhi-499-2025.jpg"], "district": "North Delhi"}, "geometry": {"type": "Polygon", "coordinates": [[[77.16336967172204, 28.74713908213396], [77.16336781224663, 28.74704888364742], [77.16326546441655, 28.747050522348793], [77.16325616760652, 28.746599529865943], [77.16335851499758, 28.746597891195012], [77.16335479615768, 28.746417494204852], [77.16345714336461, 28.746415855468694], [77.16345528386965, 28.746325656977724], [77.16365997808232, 28.746322379285388], [77.1636729959554, 28.746953768609288], [77.16357064823872, 28.746955407536788], [77.16357250788118, 28.747045606012456], [77.16347016006817, 28.74704724486865], [77.16347201963139, 28.747137443349096], [77.16336967172204, 28.74713908213396]]]}}, {"type": "Feature", "properties": {"id": "delhi-730", "status": "vanished", "area_ha": 0.26, "water_left": 0.0, "baseline_years_with_water": 2, "recent_years_seen": [2024, 2025], "lat": 28.72234, "lon": 77.02841, "now": "built_or_bare", "thumbs": ["thumbs/delhi-730-2019.jpg", "thumbs/delhi-730-2025.jpg"], "district": "Outer North Delhi"}, "geometry": {"type": "Polygon", "coordinates": [[[77.02815847917768, 28.722617734155012], [77.0281567376373, 28.722527527520576], [77.02805440482487, 28.722529062650718], [77.02805266338021, 28.72243885600928], [77.02825732882161, 28.722435785683047], [77.0282503624211, 28.722074959149936], [77.02835269477893, 28.72207342389362], [77.02835095311107, 28.7219832172628], [77.02876028211152, 28.721977075486897], [77.02876376615703, 28.722157488701566], [77.02866143374347, 28.722159024272983], [77.02866317569048, 28.722249230884078], [77.0285608431812, 28.72225076638386], [77.02856432692377, 28.722431179613565], [77.02846199423105, 28.72243271504741], [77.02846547783017, 28.72261312828333], [77.02815847917768, 28.722617734155012]]]}}, {"type": "Feature", "properties": {"id": "delhi-2311", "status": "vanished", "area_ha": 0.26, "water_left": 0.0, "baseline_years_with_water": 3, "recent_years_seen": [2024, 2025], "lat": 28.55675, "lon": 77.10315, "now": "built_or_bare", "thumbs": ["thumbs/delhi-2311-2019.jpg", "thumbs/delhi-2311-2025.jpg"], "district": "New Delhi"}, "geometry": {"type": "Polygon", "coordinates": [[[77.10274870863078, 28.556986276056087], [77.10274332902314, 28.556715662290568], [77.10304983065157, 28.556710912261508], [77.10304803720459, 28.556620707688115], [77.10345670557919, 28.55661437326431], [77.10345491179258, 28.556524168713267], [77.10386357968734, 28.556517833084147], [77.10386716796455, 28.55669824213765], [77.1037650008293, 28.556699826171972], [77.10376320677354, 28.556609621639954], [77.10355887265221, 28.55661278946634], [77.1035624604241, 28.556793198552707], [77.10335812592191, 28.556796366095494], [77.10335991964631, 28.556886570648537], [77.10295125019508, 28.55689290483601], [77.10295304357982, 28.5569831094114], [77.10274870863078, 28.556986276056087]]]}}, {"type": "Feature", "properties": {"id": "delhi-1876", "status": "vanished", "area_ha": 0.25, "water_left": 0.0, "baseline_years_with_water": 3, "recent_years_seen": [2024, 2025], "lat": 28.59699, "lon": 77.18937, "now": "built_or_bare", "thumbs": ["thumbs/delhi-1876-2019.jpg", "thumbs/delhi-1876-2025.jpg"], "district": "New Delhi"}, "geometry": {"type": "Polygon", "coordinates": [[[77.18922517320605, 28.597304593261626], [77.18922143311673, 28.597124195401655], [77.18911923264135, 28.5971258457984], [77.1891136228332, 28.596855248980134], [77.18921582304719, 28.596853598601854], [77.1892139530412, 28.596763399665956], [77.18952055337024, 28.59675844808804], [77.18952242363763, 28.59684864700547], [77.18962462381725, 28.5968469963195], [77.18963210532124, 28.59720779195149], [77.18952990479309, 28.597209442662077], [77.18953177510343, 28.597299641572945], [77.18922517320605, 28.597304593261626]]]}}, {"type": "Feature", "properties": {"id": "delhi-487", "status": "vanished", "area_ha": 0.23, "water_left": 0.0, "baseline_years_with_water": 3, "recent_years_seen": [2024, 2025], "lat": 28.74943, "lon": 77.19183, "now": "unclear", "thumbs": ["thumbs/delhi-487-2019.jpg", "thumbs/delhi-487-2025.jpg"], "district": "North Delhi"}, "geometry": {"type": "Polygon", "coordinates": [[[77.19178000109326, 28.74956847640642], [77.19177811702089, 28.749478279659694], [77.19157342048999, 28.749481600261202], [77.19156965272238, 28.74930120673913], [77.19167200081654, 28.749299546489414], [77.1916701168579, 28.749209349732574], [77.19228420471454, 28.74919938664574], [77.19228608920002, 28.749289583365563], [77.19238843723367, 28.74928792257399], [77.1923903218156, 28.749378119286337], [77.19208327742528, 28.749383101447332], [77.19208516175243, 28.74947329817687], [77.192187509979, 28.749471637527773], [77.1921893944026, 28.749561834249818], [77.19178000109326, 28.74956847640642]]]}}, {"type": "Feature", "properties": {"id": "delhi-395", "status": "vanished", "area_ha": 0.22, "water_left": 0.0, "baseline_years_with_water": 3, "recent_years_seen": [2024, 2025], "lat": 28.77057, "lon": 77.11987, "now": "dried_grassed", "thumbs": ["thumbs/delhi-395-2019.jpg", "thumbs/delhi-395-2025.jpg"], "district": "Outer North Delhi"}, "geometry": {"type": "Polygon", "coordinates": [[[77.11961934829382, 28.770841032390102], [77.11961752462027, 28.770750831634146], [77.11951515073594, 28.770752438415006], [77.11951332715867, 28.770662237651774], [77.11961570095508, 28.770660630876883], [77.11961205364979, 28.770480229358423], [77.119714427262, 28.770478622517977], [77.11971260353398, 28.77038842176274], [77.1201220975475, 28.77038199364994], [77.12012756981166, 28.770652595840083], [77.12002519605707, 28.77065420300243], [77.12002702007395, 28.770744403735822], [77.11992464622307, 28.77074601082664], [77.1199264701604, 28.770836211564685], [77.11961934829382, 28.770841032390102]]]}}, {"type": "Feature", "properties": {"id": "delhi-1464", "status": "vanished", "area_ha": 0.21, "water_left": 0.0, "baseline_years_with_water": 3, "recent_years_seen": [2024, 2025], "lat": 28.64273, "lon": 77.19799, "now": "dried_grassed", "thumbs": ["thumbs/delhi-1464-2019.jpg", "thumbs/delhi-1464-2025.jpg"], "district": "New Delhi"}, "geometry": {"type": "Polygon", "coordinates": [[[77.19805098724163, 28.643088123683757], [77.19804910608991, 28.642997925897873], [77.19794686179037, 28.642999585368365], [77.19794498073465, 28.64290938757499], [77.19784273651379, 28.642911046962222], [77.19783709366043, 28.642640453555668], [77.19773484969292, 28.6426421128473], [77.19773296884641, 28.64255191503631], [77.19783521272657, 28.642550255750862], [77.19783333180136, 28.64246005794473], [77.19793557558557, 28.64245839858839], [77.19793369458168, 28.642368200787136], [77.19803593826991, 28.64236654135991], [77.198039700461, 28.64254693694876], [77.19814194431524, 28.642545277432106], [77.19814758792867, 28.64281587078698], [77.19824983203627, 28.64281421117472], [77.19825359466309, 28.642994606725697], [77.19815135038081, 28.64299626635032], [77.19815323161986, 28.64308646413002], [77.19805098724163, 28.643088123683757]]]}}, {"type": "Feature", "properties": {"id": "delhi-463", "status": "vanished", "area_ha": 0.2, "water_left": 0.0, "baseline_years_with_water": 2, "recent_years_seen": [2024, 2025], "lat": 28.7542, "lon": 77.17324, "now": "unclear", "thumbs": ["thumbs/delhi-463-2019.jpg", "thumbs/delhi-463-2025.jpg"], "district": "North Delhi"}, "geometry": {"type": "Polygon", "coordinates": [[[77.17304116646487, 28.754382568881642], [77.1730336931413, 28.75402177762914], [77.17313604710516, 28.754020131168485], [77.17313231031913, 28.753839735546585], [77.17323466409876, 28.753838089020725], [77.17323653257533, 28.753928286826223], [77.1734412402845, 28.753924993530006], [77.1734505836742, 28.754375982476567], [77.17304116646487, 28.754382568881642]]]}}, {"type": "Feature", "properties": {"id": "delhi-1025", "status": "vanished", "area_ha": 0.2, "water_left": 0.0, "baseline_years_with_water": 2, "recent_years_seen": [2024, 2025], "lat": 28.69025, "lon": 77.04713, "now": "built_or_bare", "thumbs": ["thumbs/delhi-1025-2019.jpg", "thumbs/delhi-1025-2025.jpg"], "district": "North West Delhi"}, "geometry": {"type": "Polygon", "coordinates": [[[77.04698319396266, 28.690572222614147], [77.04697266187046, 28.69003098657633], [77.04707496185895, 28.690029438728967], [77.04707320645089, 28.689939232723873], [77.04738010610534, 28.68993458873561], [77.047383617455, 28.690115000709945], [77.04728131740309, 28.690116548794805], [77.04728658422529, 28.690387166763824], [77.0471842839026, 28.690388714788718], [77.04718779498255, 28.690569126773074], [77.04698319396266, 28.690572222614147]]]}}, {"type": "Feature", "properties": {"id": "delhi-360", "status": "vanished", "area_ha": 0.16, "water_left": 0.0, "baseline_years_with_water": 3, "recent_years_seen": [2024, 2025], "lat": 28.77936, "lon": 77.10566, "now": "unclear", "thumbs": ["thumbs/delhi-360-2019.jpg", "thumbs/delhi-360-2025.jpg"], "district": "Outer North Delhi"}, "geometry": {"type": "Polygon", "coordinates": [[[77.10566742013914, 28.779811583161983], [77.10566560779259, 28.779721381712307], [77.10556322422723, 28.77972297837434], [77.1055505386498, 28.779091568148505], [77.10575530454074, 28.779088374829918], [77.10576617892342, 28.77962958352771], [77.10586856238419, 28.779627986716562], [77.10587037489836, 28.779718188155687], [77.10576799134962, 28.77971978497276], [77.10576980378414, 28.779809986416502], [77.10566742013914, 28.779811583161983]]]}}, {"type": "Feature", "properties": {"id": "delhi-383", "status": "vanished", "area_ha": 0.16, "water_left": 0.0, "baseline_years_with_water": 3, "recent_years_seen": [2024, 2025], "lat": 28.77297, "lon": 77.10466, "now": "dried_grassed", "thumbs": ["thumbs/delhi-383-2019.jpg", "thumbs/delhi-383-2025.jpg"], "district": "Outer North Delhi"}, "geometry": {"type": "Polygon", "coordinates": [[[77.10461555624384, 28.773331438818555], [77.1046119343387, 28.773151035622647], [77.10450955711876, 28.773152631154424], [77.10450231375991, 28.772791824723182], [77.10460469062811, 28.7727902292151], [77.10460287972123, 28.772700027609936], [77.10470525649319, 28.772698432030282], [77.10470706748801, 28.772788633629517], [77.1048094443396, 28.772787037966445], [77.10481849987792, 28.773238045913338], [77.10471612258668, 28.773239641606043], [77.10471793363133, 28.773329843197423], [77.10461555624384, 28.773331438818555]]]}}, {"type": "Feature", "properties": {"id": "delhi-1014", "status": "vanished", "area_ha": 0.16, "water_left": 0.0, "baseline_years_with_water": 2, "recent_years_seen": [2024, 2025], "lat": 28.69226, "lon": 77.03392, "now": "built_or_bare", "thumbs": ["thumbs/delhi-1014-2019.jpg", "thumbs/delhi-1014-2025.jpg"], "district": "North West Delhi"}, "geometry": {"type": "Polygon", "coordinates": [[[77.03392180231512, 28.6924836415133], [77.03392005800427, 28.692393434800156], [77.03381775487745, 28.692394972820043], [77.03381601066219, 28.692304766099884], [77.03371370761495, 28.69230630403679], [77.03371021938362, 28.69212589058112], [77.03381252225569, 28.692124352655654], [77.03380903388123, 28.69194393920623], [77.03401363925097, 28.691940863146417], [77.03401887235022, 28.69221148328428], [77.03412117528585, 28.69220994512133], [77.03412640871991, 28.692480565230316], [77.03392180231512, 28.6924836415133]]]}}, {"type": "Feature", "properties": {"id": "delhi-569", "status": "vanished", "area_ha": 0.15, "water_left": 0.0, "baseline_years_with_water": 3, "recent_years_seen": [2024, 2025], "lat": 28.73895, "lon": 77.00119, "now": "dried_grassed", "thumbs": ["thumbs/delhi-569-2019.jpg", "thumbs/delhi-569-2025.jpg"], "district": "Outer North Delhi"}, "geometry": {"type": "Polygon", "coordinates": [[[77.00104063153675, 28.739173621600088], [77.00103203441009, 28.738722581980152], [77.0013390852607, 28.7387180353621], [77.00134768370441, 28.739169074897543], [77.00104063153675, 28.739173621600088]]]}}, {"type": "Feature", "properties": {"id": "delhi-429", "status": "vanished", "area_ha": 0.14, "water_left": 0.0, "baseline_years_with_water": 2, "recent_years_seen": [2024, 2025], "lat": 28.76524, "lon": 77.01075, "now": "dried_grassed", "thumbs": ["thumbs/delhi-429-2019.jpg", "thumbs/delhi-429-2025.jpg"], "district": "Outer North Delhi"}, "geometry": {"type": "Polygon", "coordinates": [[[77.0106562429958, 28.7654691576248], [77.0106545134166, 28.765378950586694], [77.01055213772679, 28.765380474541253], [77.01054694930055, 28.76510985340214], [77.01095645095721, 28.765103757186886], [77.01096164043845, 28.765374378258063], [77.01085926477245, 28.7653759024451], [77.01086099452748, 28.765466109471884], [77.0106562429958, 28.7654691576248]]]}}, {"type": "Feature", "properties": {"id": "delhi-458", "status": "vanished", "area_ha": 0.14, "water_left": 0.0, "baseline_years_with_water": 2, "recent_years_seen": [2024, 2025], "lat": 28.75699, "lon": 77.0257, "now": "dried_grassed", "thumbs": ["thumbs/delhi-458-2019.jpg", "thumbs/delhi-458-2025.jpg"], "district": "Outer North Delhi"}, "geometry": {"type": "Polygon", "coordinates": [[[77.02555382793167, 28.75739634800893], [77.02555208612397, 28.75730614169283], [77.02565445298798, 28.7573046067659], [77.02565096922076, 28.75712419414119], [77.02554860253252, 28.75712572905672], [77.02554337720528, 28.7568551100928], [77.02585047645515, 28.756850505165158], [77.02585744462867, 28.757211330379356], [77.02575507786851, 28.757212865455504], [77.02575856182746, 28.757393278066203], [77.02555382793167, 28.75739634800893]]]}}, {"type": "Feature", "properties": {"id": "delhi-492", "status": "vanished", "area_ha": 0.14, "water_left": 0.0, "baseline_years_with_water": 3, "recent_years_seen": [2024, 2025], "lat": 28.74974, "lon": 77.11295, "now": "built_or_bare", "thumbs": ["thumbs/delhi-492-2019.jpg", "thumbs/delhi-492-2025.jpg"], "district": "Outer North Delhi"}, "geometry": {"type": "Polygon", "coordinates": [[[77.11295107973733, 28.749922008344868], [77.11294926336947, 28.749831806920234], [77.11274455552284, 28.749835008178685], [77.11273910699627, 28.749564403861235], [77.11284146066028, 28.749562803288566], [77.11283964441358, 28.74947260185274], [77.11304435154095, 28.749469400487015], [77.11304798439394, 28.749649803333565], [77.11315033812079, 28.749648202522664], [77.11315397118278, 28.74982860535208], [77.11305161728029, 28.749830206174867], [77.11305343373597, 28.749920407593553], [77.11295107973733, 28.749922008344868]]]}}, {"type": "Feature", "properties": {"id": "delhi-196", "status": "vanished", "area_ha": 0.13, "water_left": 0.0, "baseline_years_with_water": 2, "recent_years_seen": [2024, 2025], "lat": 28.82668, "lon": 77.0145, "now": "built_or_bare", "thumbs": ["thumbs/delhi-196-2019.jpg", "thumbs/delhi-196-2025.jpg"], "district": "Outer North Delhi"}, "geometry": {"type": "Polygon", "coordinates": [[[77.01449925712402, 28.826860097952093], [77.01449751984154, 28.826769891947603], [77.01429264893449, 28.826772951532952], [77.01428917474621, 28.826592539497348], [77.01439161002733, 28.82659100975487], [77.01438987285694, 28.82650080374079], [77.01449230804191, 28.826499273926288], [77.0144905707913, 28.82640906791659], [77.0145930058801, 28.82640753803007], [77.01459648056569, 28.82658795003684], [77.0146989158229, 28.82658642006129], [77.0147041281756, 28.82685703804464], [77.01449925712402, 28.826860097952093]]]}}, {"type": "Feature", "properties": {"id": "delhi-468", "status": "vanished", "area_ha": 0.13, "water_left": 0.0, "baseline_years_with_water": 2, "recent_years_seen": [2024, 2025], "lat": 28.75305, "lon": 77.18863, "now": "unclear", "thumbs": ["thumbs/delhi-468-2019.jpg", "thumbs/delhi-468-2025.jpg"], "district": "North Delhi"}, "geometry": {"type": "Polygon", "coordinates": [[[77.18837352150342, 28.753142564999262], [77.18836787725883, 28.752871974280517], [77.188674932619, 28.752867000009726], [77.18867681428868, 28.7529571968988], [77.18888151799463, 28.752953880318856], [77.18888528171124, 28.75313427406843], [77.18837352150342, 28.753142564999262]]]}}, {"type": "Feature", "properties": {"id": "delhi-780", "status": "vanished", "area_ha": 0.13, "water_left": 0.0, "baseline_years_with_water": 2, "recent_years_seen": [2024, 2025], "lat": 28.71318, "lon": 77.22341, "now": "dried_grassed", "thumbs": ["thumbs/delhi-780-2019.jpg", "thumbs/delhi-780-2025.jpg"], "district": "North Delhi"}, "geometry": {"type": "Polygon", "coordinates": [[[77.22316253645864, 28.71341625274847], [77.22315872010599, 28.71323586211321], [77.22326103088808, 28.713234179868913], [77.22325721439518, 28.713053789240885], [77.22346183558255, 28.713050424545457], [77.22345992717398, 28.71296022924198], [77.22366454815104, 28.712956864249914], [77.22366836532754, 28.71313725483053], [77.2235660546681, 28.713138937377717], [77.22356796318185, 28.713229132672307], [77.22336334166144, 28.71323249754733], [77.22336715836465, 28.713412888157567], [77.22316253645864, 28.71341625274847]]]}}, {"type": "Feature", "properties": {"id": "delhi-788", "status": "vanished", "area_ha": 0.13, "water_left": 0.0, "baseline_years_with_water": 2, "recent_years_seen": [2024, 2025], "lat": 28.71261, "lon": 77.22294, "now": "unclear", "thumbs": ["thumbs/delhi-788-2019.jpg", "thumbs/delhi-788-2025.jpg"], "district": "North Delhi"}, "geometry": {"type": "Polygon", "coordinates": [[[77.22263953521663, 28.712883490763907], [77.22263571984541, 28.712703100050284], [77.22273803014548, 28.71270141822995], [77.22273612238537, 28.71261122287741], [77.22283843258904, 28.71260954098604], [77.22283652475006, 28.712519345638434], [77.22293883485735, 28.71251766367604], [77.22293692693947, 28.712427468333363], [77.22303923695036, 28.71242578629993], [77.22303732895362, 28.71233559096219], [77.2231396388681, 28.71233390885774], [77.22314154695249, 28.71242410418922], [77.22324385694587, 28.71242242200123], [77.22324576512663, 28.712512617325142], [77.22314345504563, 28.712514299519388], [77.22314536314752, 28.712604494848232], [77.22304305297011, 28.712606176971452], [77.22304496099314, 28.712696372305235], [77.22284034043679, 28.712699736332333], [77.22284224829329, 28.7127899316773], [77.22273993791435, 28.71279161358117], [77.22274184569196, 28.71288180893107], [77.22263953521663, 28.712883490763907]]]}}, {"type": "Feature", "properties": {"id": "delhi-791", "status": "vanished", "area_ha": 0.13, "water_left": 0.0, "baseline_years_with_water": 2, "recent_years_seen": [2024, 2025], "lat": 28.7147, "lon": 77.04796, "now": "built_or_bare", "thumbs": ["thumbs/delhi-791-2019.jpg", "thumbs/delhi-791-2025.jpg"], "district": "Outer North Delhi"}, "geometry": {"type": "Polygon", "coordinates": [[[77.04786849304793, 28.715011803230524], [77.04786321935802, 28.714741186344966], [77.04776089538304, 28.71474273600264], [77.04775913759022, 28.71465253036576], [77.04786146147752, 28.71465098071385], [77.04785794574073, 28.7144705694477], [77.0479602694446, 28.714469019729993], [77.04796202739664, 28.71455922535796], [77.04806435118013, 28.714557675557167], [77.04806610922792, 28.714647881178056], [77.04816843309102, 28.71464633129418], [77.04817194938619, 28.71482674252054], [77.04806962534772, 28.714828292415945], [77.04807138341972, 28.71491849803294], [77.04796905928552, 28.714920047856786], [77.0479708172779, 28.71501025347824], [77.04786849304793, 28.715011803230524]]]}}, {"type": "Feature", "properties": {"id": "delhi-302", "status": "vanished", "area_ha": 0.12, "water_left": 0.0, "baseline_years_with_water": 2, "recent_years_seen": [2024, 2025], "lat": 28.7993, "lon": 77.02903, "now": "dried_grassed", "thumbs": ["thumbs/delhi-302-2019.jpg", "thumbs/delhi-302-2025.jpg"], "district": "Outer North Delhi"}, "geometry": {"type": "Polygon", "coordinates": [[[77.02893007216235, 28.799574297728828], [77.02891958576706, 28.799033064325542], [77.02912440054995, 28.79902998523183], [77.02913488800205, 28.799571218566545], [77.02893007216235, 28.799574297728828]]]}}, {"type": "Feature", "properties": {"id": "delhi-1216", "status": "vanished", "area_ha": 0.12, "water_left": 0.0, "baseline_years_with_water": 3, "recent_years_seen": [2024, 2025], "lat": 28.66818, "lon": 77.03581, "now": "built_or_bare", "thumbs": ["thumbs/delhi-1216-2019.jpg", "thumbs/delhi-1216-2025.jpg"], "district": "Outer North Delhi"}, "geometry": {"type": "Polygon", "coordinates": [[[77.0357099983374, 28.668544994321547], [77.03570825422311, 28.66845478738986], [77.03581053396896, 28.66845324911092], [77.03580704558945, 28.668272835255085], [77.03570476601858, 28.66827437352257], [77.03569953377185, 28.668003752711897], [77.03580181308028, 28.668002214461595], [77.03580006892658, 28.667912007527832], [77.03590234813952, 28.667910469206078], [77.0359040923807, 28.668000676134117], [77.03600637167312, 28.667999137729453], [77.03600811600978, 28.66808934465047], [77.0359058366299, 28.668090883060852], [77.03591455799602, 28.668541917675046], [77.0357099983374, 28.668544994321547]]]}}, {"type": "Feature", "properties": {"id": "delhi-549", "status": "vanished", "area_ha": 0.11, "water_left": 0.0, "baseline_years_with_water": 2, "recent_years_seen": [2024, 2025], "lat": 28.7399, "lon": 77.09581, "now": "dried_grassed", "thumbs": ["thumbs/delhi-549-2019.jpg", "thumbs/delhi-549-2025.jpg"], "district": "Outer North Delhi"}, "geometry": {"type": "Polygon", "coordinates": [[[77.09555376076521, 28.74008715628549], [77.09555015939989, 28.739906751151754], [77.09565250478262, 28.739905164080565], [77.09565070402458, 28.73981496151763], [77.09575304931126, 28.739813374374947], [77.09575124847369, 28.739723171816603], [77.09585359366433, 28.739721584602417], [77.0958571955233, 28.739901989705995], [77.09595954088124, 28.73990040240262], [77.09596314294885, 28.740080807489164], [77.09555376076521, 28.74008715628549]]]}}, {"type": "Feature", "properties": {"id": "delhi-1664", "status": "vanished", "area_ha": 0.11, "water_left": 0.0, "baseline_years_with_water": 2, "recent_years_seen": [2024, 2025], "lat": 28.62876, "lon": 76.94341, "now": "dried_grassed", "thumbs": ["thumbs/delhi-1664-2019.jpg", "thumbs/delhi-1664-2025.jpg"], "district": "South West Delhi"}, "geometry": {"type": "Polygon", "coordinates": [[[76.94330864685772, 28.628935923381484], [76.94330698460865, 28.628845710848477], [76.9432047375265, 28.628847177407877], [76.94320141322594, 28.628666752327053], [76.94361040081014, 28.628660885670737], [76.94361538832032, 28.628931523224466], [76.94330864685772, 28.628935923381484]]]}}, {"type": "Feature", "properties": {"id": "delhi-2231", "status": "vanished", "area_ha": 0.11, "water_left": 0.0, "baseline_years_with_water": 3, "recent_years_seen": [2024, 2025], "lat": 28.56397, "lon": 77.12077, "now": "built_or_bare", "thumbs": ["thumbs/delhi-2231-2019.jpg", "thumbs/delhi-2231-2025.jpg"], "district": "New Delhi"}, "geometry": {"type": "Polygon", "coordinates": [[[77.1207816384819, 28.56437532880944], [77.12077982934476, 28.564285125371477], [77.12057548264725, 28.56428831959347], [77.12057367369243, 28.564198116142286], [77.12077802021595, 28.564194921932216], [77.12077621109543, 28.564104718491656], [77.12067403792486, 28.564106315629147], [77.12066861087423, 28.56383570528174], [77.12087295668512, 28.563832510965685], [77.12088381190517, 28.564373731577238], [77.1207816384819, 28.56437532880944]]]}}, {"type": "Feature", "properties": {"id": "delhi-2333", "status": "vanished", "area_ha": 0.11, "water_left": 0.0, "baseline_years_with_water": 3, "recent_years_seen": [2024, 2025], "lat": 28.55596, "lon": 77.06681, "now": "dried_grassed", "thumbs": ["thumbs/delhi-2333-2019.jpg", "thumbs/delhi-2333-2025.jpg"], "district": "South West Delhi"}, "geometry": {"type": "Polygon", "coordinates": [[[77.06665663970978, 28.556187275869846], [77.06665487732323, 28.556097069195317], [77.06655270834268, 28.556098625193492], [77.06655094605122, 28.55600841851185], [77.06665311494478, 28.556006862519485], [77.06665135257445, 28.555916655842356], [77.06675352137295, 28.555915099778982], [77.06675175892373, 28.55582489310636], [77.06685392762715, 28.555823336971983], [77.06685569016334, 28.555913543638788], [77.06695785894563, 28.555911987421783], [77.06696314686373, 28.556182607396998], [77.06665663970978, 28.556187275869846]]]}}, {"type": "Feature", "properties": {"id": "delhi-3412", "status": "vanished", "area_ha": 0.11, "water_left": 0.0, "baseline_years_with_water": 2, "recent_years_seen": [2024, 2025], "lat": 28.45421, "lon": 77.17483, "now": "dried_grassed", "thumbs": ["thumbs/delhi-3412-2019.jpg", "thumbs/delhi-3412-2025.jpg"], "district": "South Delhi"}, "geometry": {"type": "Polygon", "coordinates": [[[77.1748389512657, 28.45443072271578], [77.17483710449491, 28.454340521023244], [77.17473504066437, 28.454342153115363], [77.17472950066251, 28.45407154801159], [77.17462743708298, 28.454073180008923], [77.17462189741708, 28.45380257487508], [77.17472396073711, 28.453800942896063], [77.1747276540122, 28.453981346307724], [77.17482971749673, 28.453979714240024], [77.17483156423351, 28.454069915937787], [77.17493362779605, 28.45406828378751], [77.17494101517423, 28.454429090541083], [77.1748389512657, 28.45443072271578]]]}}, {"type": "Feature", "properties": {"id": "delhi-408", "status": "vanished", "area_ha": 0.1, "water_left": 0.0, "baseline_years_with_water": 3, "recent_years_seen": [2024, 2025], "lat": 28.76624, "lon": 77.13094, "now": "unclear", "thumbs": ["thumbs/delhi-408-2019.jpg", "thumbs/delhi-408-2025.jpg"], "district": "North Delhi"}, "geometry": {"type": "Polygon", "coordinates": [[[77.13079427597982, 28.76642440675131], [77.13078877715714, 28.76615380626896], [77.13089114580306, 28.766152191180804], [77.1308893127911, 28.766061991023392], [77.13109404988194, 28.766058760626652], [77.13109954947045, 28.76632936105895], [77.13099718066555, 28.766330976314052], [77.13099901379064, 28.766421176461524], [77.13079427597982, 28.76642440675131]]]}}, {"type": "Feature", "properties": {"id": "delhi-507", "status": "vanished", "area_ha": 0.1, "water_left": 0.0, "baseline_years_with_water": 3, "recent_years_seen": [2024, 2025], "lat": 28.74439, "lon": 77.18563, "now": "unclear", "thumbs": ["thumbs/delhi-507-2019.jpg", "thumbs/delhi-507-2025.jpg"], "district": "North Delhi"}, "geometry": {"type": "Polygon", "coordinates": [[[77.1855320068077, 28.744526722395715], [77.18553012849513, 28.74443652520432], [77.18542778472059, 28.744438180548574], [77.1854259065044, 28.744347983349712], [77.18552825019117, 28.744346328011613], [77.18552637189582, 28.744256130817586], [77.18583340264102, 28.744251164357372], [77.185839038343, 28.744521755880136], [77.1855320068077, 28.744526722395715]]]}}, {"type": "Feature", "properties": {"id": "delhi-779", "status": "vanished", "area_ha": 0.1, "water_left": 0.0, "baseline_years_with_water": 2, "recent_years_seen": [2024, 2025], "lat": 28.71641, "lon": 77.03572, "now": "dried_grassed", "thumbs": ["thumbs/delhi-779-2019.jpg", "thumbs/delhi-779-2025.jpg"], "district": "North West Delhi"}, "geometry": {"type": "Polygon", "coordinates": [[[77.03571981279143, 28.71663897244671], [77.03571806519324, 28.71654876615658], [77.0356157386825, 28.716550306715682], [77.03561399118003, 28.71646010041853], [77.03551166474895, 28.71646164089457], [77.03550816994348, 28.7162812282849], [77.03571282244683, 28.7162781472784], [77.03571457002094, 28.716368353572435], [77.03591922266759, 28.71636527224515], [77.03592271819068, 28.716545684806384], [77.03582039169596, 28.71654722552015], [77.03582213938184, 28.71663743180455], [77.03571981279143, 28.71663897244671]]]}}, {"type": "Feature", "properties": {"id": "delhi-1167", "status": "vanished", "area_ha": 0.1, "water_left": 0.0, "baseline_years_with_water": 3, "recent_years_seen": [2024, 2025], "lat": 28.67192, "lon": 77.09547, "now": "unclear", "thumbs": ["thumbs/delhi-1167-2019.jpg", "thumbs/delhi-1167-2025.jpg"], "district": "Central North Delhi"}, "geometry": {"type": "Polygon", "coordinates": [[[77.0954275351471, 28.672145257096957], [77.09542573962376, 28.67205505361769], [77.09522118083555, 28.6720582205156], [77.09521938549543, 28.671968017023232], [77.09532166480618, 28.671966433618756], [77.09531986938681, 28.67187623013098], [77.09542214860184, 28.671874646655223], [77.09542035310324, 28.671784443172022], [77.09552263222254, 28.671782859624983], [77.09552442780861, 28.671873063102282], [77.09562670700714, 28.67187147947216], [77.0956320940773, 28.67214208987853], [77.0954275351471, 28.672145257096957]]]}}, {"type": "Feature", "properties": {"id": "delhi-1213", "status": "vanished", "area_ha": 0.1, "water_left": 0.0, "baseline_years_with_water": 2, "recent_years_seen": [2024, 2025], "lat": 28.66831, "lon": 77.03647, "now": "unclear", "thumbs": ["thumbs/delhi-1213-2019.jpg", "thumbs/delhi-1213-2025.jpg"], "district": "Outer North Delhi"}, "geometry": {"type": "Polygon", "coordinates": [[[77.03642770173707, 28.668624431598474], [77.0364224675571, 28.668353810923666], [77.03632018794681, 28.66835534965994], [77.03631844332367, 28.668265142760013], [77.03642072284647, 28.668263604029462], [77.03641548876266, 28.667992983339065], [77.03651776801502, 28.66799144454852], [77.03651951278908, 28.66808165144089], [77.0366217921209, 28.668080112567445], [77.03662353699048, 28.668170319452788], [77.03652125757117, 28.66817185833197], [77.03652300236126, 28.668262065221736], [77.03662528186806, 28.668260526336834], [77.03662702675365, 28.66835073321958], [77.03652474715938, 28.668352272110212], [77.03652998160177, 28.66862289276784], [77.03642770173707, 28.668624431598474]]]}}, {"type": "Feature", "properties": {"id": "delhi-2081", "status": "vanished", "area_ha": 0.1, "water_left": 0.0, "baseline_years_with_water": 2, "recent_years_seen": [2024, 2025], "lat": 28.57389, "lon": 77.28778, "now": "built_or_bare", "thumbs": ["thumbs/delhi-2081-2019.jpg", "thumbs/delhi-2081-2025.jpg"], "district": "South East Delhi"}, "geometry": {"type": "Polygon", "coordinates": [[[77.28768642293171, 28.574204990616273], [77.28768251846081, 28.57402460430808], [77.28758034720926, 28.574026327626], [77.28757839507428, 28.573936134463494], [77.28768056623883, 28.57393441115201], [77.28767861402582, 28.57384421799461], [77.2877807850944, 28.573842494612713], [77.28777883280335, 28.57375230146042], [77.28788100377596, 28.573750578008127], [77.28787905140689, 28.573660384860947], [77.28808339315117, 28.573656937738715], [77.28808534569424, 28.573747130873038], [77.2879831747396, 28.57374885447899], [77.28798512720464, 28.573839047618428], [77.28788295615401, 28.573840771153986], [77.28788490854102, 28.57393096429853], [77.28778273739441, 28.573932687763687], [77.28778859434831, 28.574203267208663], [77.28768642293171, 28.574204990616273]]]}}, {"type": "Feature", "properties": {"id": "delhi-1420", "status": "vanished", "area_ha": 0.09, "water_left": 0.0, "baseline_years_with_water": 2, "recent_years_seen": [2024, 2025], "lat": 28.64422, "lon": 77.26599, "now": "dried_grassed", "thumbs": ["thumbs/delhi-1420-2019.jpg", "thumbs/delhi-1420-2025.jpg"], "district": "East Delhi"}, "geometry": {"type": "MultiPolygon", "coordinates": [[[[77.26587975569281, 28.64395518715184], [77.26577751520136, 28.643956897860015], [77.26577945436458, 28.64404709146114], [77.26588169494335, 28.64404538074659], [77.26587975569281, 28.64395518715184]]], [[[77.26588751274839, 28.644315961522924], [77.2659897535802, 28.644314250712206], [77.26599557172737, 28.644584831457525], [77.26609781281225, 28.644583120550628], [77.26608811550824, 28.644132152667005], [77.26598587485996, 28.64413386354204], [77.2659839355132, 28.644043669954982], [77.26588169494335, 28.64404538074659], [77.26588751274839, 28.644315961522924]]]]}}, {"type": "Feature", "properties": {"id": "delhi-1669", "status": "vanished", "area_ha": 0.09, "water_left": 0.0, "baseline_years_with_water": 3, "recent_years_seen": [2024, 2025], "lat": 28.6282, "lon": 76.94452, "now": "built_or_bare", "thumbs": ["thumbs/delhi-1669-2019.jpg", "thumbs/delhi-1669-2025.jpg"], "district": "South West Delhi"}, "geometry": {"type": "Polygon", "coordinates": [[[76.94442338607467, 28.628378511224778], [76.94442172291089, 28.62828829874415], [76.94431947643672, 28.62828976611849], [76.94431615030672, 28.62810934114244], [76.94472513545902, 28.628103471226428], [76.9447284622876, 28.628283896158738], [76.94452396937744, 28.628286831292744], [76.94452563262854, 28.628377043767905], [76.94442338607467, 28.628378511224778]]]}}, {"type": "Feature", "properties": {"id": "delhi-3028", "status": "vanished", "area_ha": 0.09, "water_left": 0.0, "baseline_years_with_water": 3, "recent_years_seen": [2024, 2025], "lat": 28.49137, "lon": 77.22595, "now": "dried_grassed", "thumbs": ["thumbs/delhi-3028-2019.jpg", "thumbs/delhi-3028-2025.jpg"], "district": "South Delhi"}, "geometry": {"type": "Polygon", "coordinates": [[[77.22574744251197, 28.491593645569804], [77.22574365671547, 28.491413249352256], [77.22584575267521, 28.49141157701417], [77.22584196674023, 28.491231180803876], [77.22594406251795, 28.491229508401705], [77.22594595556775, 28.491319706501262], [77.22604805142343, 28.491318034016263], [77.22605373088503, 28.49158862828829], [77.22574744251197, 28.491593645569804]]]}}, {"type": "Feature", "properties": {"id": "delhi-423", "status": "vanished", "area_ha": 0.08, "water_left": 0.0, "baseline_years_with_water": 2, "recent_years_seen": [2024, 2025], "lat": 28.76575, "lon": 77.01, "now": "built_or_bare", "thumbs": ["thumbs/delhi-423-2019.jpg", "thumbs/delhi-423-2025.jpg"], "district": "Outer North Delhi"}, "geometry": {"type": "Polygon", "coordinates": [[[77.0098458810499, 28.76593238253421], [77.00984069432721, 28.765661761299654], [77.01014782233075, 28.765657190779894], [77.01015300984473, 28.765927811963518], [77.01005063358772, 28.765929335564575], [77.01004890449639, 28.76583912849901], [77.00994652831936, 28.765840652016916], [77.00994825732278, 28.76593085908814], [77.0098458810499, 28.76593238253421]]]}}, {"type": "Feature", "properties": {"id": "delhi-797", "status": "shrank", "area_ha": 3.82, "water_left": 0.32, "baseline_years_with_water": 2, "recent_years_seen": [2024, 2025], "lat": 28.71309, "lon": 77.04686, "now": "built_or_bare", "thumbs": ["thumbs/delhi-797-2019.jpg", "thumbs/delhi-797-2025.jpg"], "district": "Outer North Delhi"}, "geometry": {"type": "Polygon", "coordinates": [[[77.04734456968252, 28.714388111212557], [77.04734281227272, 28.714297905547422], [77.04713816511084, 28.714301003954592], [77.04713465066615, 28.714120592597368], [77.04672535694709, 28.714126788437763], [77.04672711381467, 28.714216994140074], [77.04662479027706, 28.71421854291262], [77.04662654706502, 28.71430874861938], [77.04642189979025, 28.714311845944042], [77.04642014317766, 28.71422164022576], [77.046215496046, 28.71422473722961], [77.04621725248323, 28.714314942959412], [77.04611492881762, 28.714316491351106], [77.04609385315517, 28.713234022438517], [77.0461961757686, 28.713232474115912], [77.04619441942812, 28.713142268370486], [77.04609209690236, 28.713143816687335], [77.04608682819232, 28.71287319942599], [77.04618915045505, 28.712871651126417], [77.04618036899447, 28.712420622360245], [77.04669197799524, 28.71241287984657], [77.0466884645907, 28.712232468388574], [77.04679078619131, 28.712230919665405], [77.04678375912829, 28.71187009675683], [77.04719304404733, 28.71186390118317], [77.04719128695105, 28.711773695475806], [77.0480098557006, 28.711761300663476], [77.04801161349825, 28.711851506324738], [77.0482162557803, 28.711848406836996], [77.04821801376139, 28.71193861248542], [77.04811569253671, 28.71194016227372], [77.04811920834774, 28.71212057357821], [77.04801688693965, 28.712122123300713], [77.0480204026076, 28.71230253461153], [77.04791808101609, 28.71230408426825], [77.04792686988877, 28.7127551125513], [77.04782454785084, 28.712756662159517], [77.0478263055619, 28.712846867817984], [77.04772398342821, 28.712848417354646], [77.0477274986992, 28.713028828679192], [77.04762517638208, 28.713030378150062], [77.04763044908603, 28.713300995144408], [77.04752812649782, 28.71330254455524], [77.04753339901133, 28.713573161555164], [77.04743107615202, 28.713574710905952], [77.04743283358498, 28.713664916575745], [77.04753515653196, 28.713663367219187], [77.04753867159744, 28.71384377854335], [77.04743634847509, 28.71384532791143], [77.04743810593224, 28.713935533577324], [77.04733578271414, 28.713937082873848], [77.04733754009168, 28.71402728854419], [77.04743986339747, 28.714025739241904], [77.04744689333904, 28.714386561887224], [77.04734456968252, 28.714388111212557]]]}}, {"type": "Feature", "properties": {"id": "delhi-337", "status": "shrank", "area_ha": 3.03, "water_left": 0.08, "baseline_years_with_water": 3, "recent_years_seen": [2024, 2025], "lat": 28.78366, "lon": 77.10697, "now": "dried_grassed", "thumbs": ["thumbs/delhi-337-2019.jpg", "thumbs/delhi-337-2025.jpg"], "district": "Outer North Delhi"}, "geometry": {"type": "Polygon", "coordinates": [[[77.10781125097486, 28.78456030219368], [77.10780762188949, 28.78437989966916], [77.1077052339159, 28.7843814981902], [77.10770341947368, 28.78429129692004], [77.107293867848, 28.784297690205094], [77.1072956819383, 28.784387891498998], [77.10688612982757, 28.784394283567217], [77.10688431608922, 28.784304082249587], [77.10616760019109, 28.784315265342332], [77.10616397397109, 28.784134862620114], [77.10626636180552, 28.784133265279905], [77.10626092227393, 28.78386266120454], [77.10636330983611, 28.783861063804583], [77.10634699089861, 28.78304925156114], [77.10716608476207, 28.783036469997377], [77.1071678986479, 28.78312667131554], [77.10727028543137, 28.783125073265243], [77.1072720994135, 28.783215274576172], [77.10737448627663, 28.78321367644241], [77.10737630035507, 28.78330387774609], [77.10758107423233, 28.783300681234106], [77.10759195993336, 28.783841888957483], [77.1076943473874, 28.783840290549584], [77.10768527550916, 28.78338928414639], [77.10778766251497, 28.78338768569063], [77.10778221922395, 28.783117081850794], [77.10767983248208, 28.783118680288744], [77.10767438952989, 28.78284807641932], [77.10777677600784, 28.78284647799917], [77.1077749616191, 28.782756276712675], [77.10818450709576, 28.78274988228051], [77.10818632183638, 28.782840083543267], [77.1084934811204, 28.782835286887266], [77.10849529613328, 28.782925488130896], [77.10859768263262, 28.78292388908456], [77.1085994977418, 28.78301409032096], [77.1087018843208, 28.783012491191155], [77.10870369952629, 28.7831026924203], [77.10860131285932, 28.783104291556036], [77.1086067582618, 28.783374895253417], [77.10850437132258, 28.78337649432943], [77.10850800145657, 28.783556896799666], [77.10840561433307, 28.783558495810023], [77.10840742932457, 28.783648697049124], [77.10850981653606, 28.783647098032834], [77.10851163162387, 28.783737299264672], [77.1084092443244, 28.783738898286902], [77.10841287434903, 28.783919300758534], [77.10831048686529, 28.783920899715106], [77.10831411674725, 28.784101302193367], [77.10821172907922, 28.78410290108427], [77.1082189885911, 28.784463706048825], [77.10811660056282, 28.784465304885938], [77.10811841537362, 28.78455550612974], [77.10781125097486, 28.78456030219368]], [[77.10759558856695, 28.78402229152146], [77.10769797619695, 28.784020693101695], [77.10769616178801, 28.783930491826297], [77.107593774246, 28.783932090240132], [77.10759558856695, 28.78402229152146]], [[77.10738899913702, 28.783935286835185], [77.10749138669567, 28.783933688576425], [77.10748594404669, 28.783663084706767], [77.10728116944895, 28.783666281111152], [77.10728479752136, 28.783846683715968], [77.10738718500036, 28.78384508554068], [77.10738899913702, 28.783935286835185]]]}}, {"type": "Feature", "properties": {"id": "delhi-2790", "status": "shrank", "area_ha": 1.61, "water_left": 0.32, "baseline_years_with_water": 3, "recent_years_seen": [2024, 2025], "lat": 28.51257, "lon": 76.91507, "now": "dried_grassed", "thumbs": ["thumbs/delhi-2790-2019.jpg", "thumbs/delhi-2790-2025.jpg"], "district": "South West Delhi"}, "geometry": {"type": "Polygon", "coordinates": [[[76.91462514796726, 28.51347887146641], [76.91462351807344, 28.513388655871335], [76.91452138082354, 28.51339009547923], [76.91451812123205, 28.513209664274488], [76.91441598414829, 28.513211103794923], [76.9144143544506, 28.513120888185256], [76.91451649144753, 28.513119448670196], [76.9145099723845, 28.512758586240164], [76.91471424566134, 28.512755707022972], [76.91471261574071, 28.512665491423007], [76.91481475228106, 28.512664051704736], [76.91481149228864, 28.512483620511723], [76.9147093559219, 28.51248506021924], [76.91470772602375, 28.51239484461543], [76.91460558973633, 28.512396284240864], [76.91460233013615, 28.51221585301864], [76.91450019401486, 28.512217292556613], [76.91449041591513, 28.511675998826835], [76.91459255151554, 28.511674559321126], [76.91458929203532, 28.511494128078358], [76.91469142745461, 28.511492688506703], [76.91469305727777, 28.511582904123355], [76.9147951927764, 28.511581464469625], [76.91479682269387, 28.511671680079612], [76.9148989582718, 28.51167024034381], [76.91490384832967, 28.51194088714993], [76.91521025579975, 28.5119365674339], [76.91521188609447, 28.512026783017234], [76.91531402198963, 28.51202534295311], [76.91531565237868, 28.51211555852978], [76.91541778835317, 28.51211411838358], [76.91542431033156, 28.512474980655888], [76.91532217400983, 28.512476420823617], [76.91532706531194, 28.512747067530515], [76.91542920189413, 28.512745627346643], [76.91543246297334, 28.512926058467396], [76.91553459972165, 28.512924618196063], [76.91553623035932, 28.513014833749136], [76.91563836718694, 28.51301339339572], [76.91564652092192, 28.51346447111489], [76.91462514796726, 28.51347887146641]]]}}, {"type": "Feature", "properties": {"id": "delhi-2719", "status": "shrank", "area_ha": 1.6, "water_left": 0.34, "baseline_years_with_water": 3, "recent_years_seen": [2024, 2025], "lat": 28.51753, "lon": 76.91863, "now": "dried_grassed", "thumbs": ["thumbs/delhi-2719-2019.jpg", "thumbs/delhi-2719-2025.jpg"], "district": "South West Delhi"}, "geometry": {"type": "Polygon", "coordinates": [[[76.91818436451979, 28.518211293975526], [76.91818109803974, 28.51803086328632], [76.91797681501265, 28.518033748201674], [76.91797518195757, 28.517943532844374], [76.91787304051961, 28.517944975181596], [76.91786650872176, 28.517584113717962], [76.91796864981238, 28.517582671402305], [76.91796211778737, 28.51722180993968], [76.91785997704407, 28.517223252233787], [76.91785671125031, 28.517042821483997], [76.91795885181993, 28.517041379200663], [76.91795721884749, 28.51695116382923], [76.9183657807035, 28.516945393950287], [76.91836414739122, 28.516855178599123], [76.91867056844384, 28.516850850400576], [76.91867220201661, 28.516941065735576], [76.91887648285446, 28.516938179875524], [76.9188781166084, 28.517028395198448], [76.91938881900563, 28.517021179178847], [76.91939208740443, 28.51720160976694], [76.91949422803499, 28.517200166322088], [76.9194958623325, 28.517290381608813], [76.91939372161511, 28.517291825059058], [76.919396990059, 28.517472255639447], [76.91929484916041, 28.517473699023753], [76.9192981174607, 28.517654129609795], [76.91919597638092, 28.51765557292817], [76.91919761045551, 28.51774578822465], [76.91909546928137, 28.517747231471706], [76.91909710327664, 28.517837446772294], [76.91899496200816, 28.51783888994802], [76.9189965959241, 28.517929105252716], [76.91889445456127, 28.517930548357114], [76.91889608839787, 28.518020763665916], [76.91828323954202, 28.518029420713557], [76.91828487286513, 28.51811963605342], [76.91838701444674, 28.518118193398557], [76.91838864786419, 28.518208408731738], [76.91818436451979, 28.518211293975526]]]}}, {"type": "Feature", "properties": {"id": "delhi-2006", "status": "shrank", "area_ha": 1.29, "water_left": 0.25, "baseline_years_with_water": 2, "recent_years_seen": [2024, 2025], "lat": 28.58292, "lon": 77.27254, "now": "dried_grassed", "thumbs": ["thumbs/delhi-2006-2019.jpg", "thumbs/delhi-2006-2025.jpg"], "district": "South East Delhi"}, "geometry": {"type": "Polygon", "coordinates": [[[77.27194148400154, 28.583492309894876], [77.2719395444435, 28.583402115874183], [77.27183736300714, 28.583403827850688], [77.27183542354506, 28.58331363382229], [77.27173324218683, 28.58331534571555], [77.27172548477581, 28.582954569563217], [77.27182766578585, 28.58295285769549], [77.27182378695971, 28.58277246962417], [77.27192596778674, 28.58277075769235], [77.2719240283, 28.582680563661093], [77.27253711255268, 28.582670290494367], [77.27253905256168, 28.582760484487316], [77.27274341408202, 28.582757059470737], [77.27274535427404, 28.582847253449582], [77.27284753510787, 28.582845540819605], [77.27284559482881, 28.582755346847144], [77.27294777556666, 28.58275363414669], [77.2729497159328, 28.58284382811277], [77.2730518967488, 28.58284211532907], [77.27304995629564, 28.582751921369386], [77.27335649842898, 28.582746782576272], [77.2733545577236, 28.582656588634418], [77.27355891892715, 28.5826531624008], [77.27355697805659, 28.582562968470413], [77.27376133905037, 28.582559541942132], [77.27375939801465, 28.58246934802319], [77.27406593917728, 28.582464207673468], [77.27406399788933, 28.58237401377238], [77.27467707945142, 28.582363731036004], [77.27467902126163, 28.58245392489874], [77.27478120157778, 28.582452210833935], [77.27478896925602, 28.58281298624611], [77.27448242723622, 28.582818128286636], [77.27448436891696, 28.58290832215556], [77.27407564575078, 28.582915177159073], [77.27407370441824, 28.582824983264594], [77.27386934295572, 28.582828410292397], [77.27386740180617, 28.582738216383817], [77.27376522114858, 28.582739929776036], [77.27376716221107, 28.582830123691004], [77.27366498145751, 28.582831837012748], [77.27366304048206, 28.58274164309138], [77.27345867912226, 28.5827450694915], [77.27346061992361, 28.58283526342564], [77.27325625835404, 28.58283868953108], [77.27325819899022, 28.582928883476676], [77.27305383721087, 28.58293230928744], [77.27305577768188, 28.583022503244493], [77.27295359669178, 28.58302421604097], [77.27295553708466, 28.583114410003084], [77.27285335599859, 28.58311612272908], [77.27285141569277, 28.58302592876058], [77.27274923468484, 28.58302764140333], [77.27274729447498, 28.582937447427113], [77.27254293260647, 28.582940872469244], [77.27254487264223, 28.583031066458233], [77.27234051056396, 28.58303449120568], [77.27235021000604, 28.583485461194655], [77.27194148400154, 28.583492309894876]]]}}, {"type": "Feature", "properties": {"id": "delhi-1606", "status": "shrank", "area_ha": 1.02, "water_left": 0.43, "baseline_years_with_water": 3, "recent_years_seen": [2024, 2025], "lat": 28.62924, "lon": 77.25002, "now": "dried_grassed", "thumbs": ["thumbs/delhi-1606-2019.jpg", "thumbs/delhi-1606-2025.jpg"], "district": "South East Delhi"}, "geometry": {"type": "Polygon", "coordinates": [[[77.25003105651987, 28.629783183878043], [77.25002528288496, 28.629512599557117], [77.24992305527297, 28.629514297520842], [77.24991920640174, 28.629333907954315], [77.24981697895544, 28.629335605828373], [77.24981505462034, 28.629245411036802], [77.24971282725245, 28.62924710882752], [77.24971090301345, 28.629156914028304], [77.24960867572398, 28.629158611735683], [77.24960675158108, 28.62906841692882], [77.2493000699214, 28.62907350956989], [77.24930199380253, 28.629163704395715], [77.2491997664777, 28.629165401795035], [77.24920169028042, 28.629255596625867], [77.24909946285949, 28.629257293954495], [77.24910138658377, 28.629347488790334], [77.24899915906676, 28.629349186048266], [77.24900108271261, 28.629439380889103], [77.2488988550995, 28.62944107807635], [77.24890270224321, 28.629621467766714], [77.24869824664145, 28.629624861935437], [77.24870017005203, 28.629715056791287], [77.2484957142404, 28.629718450664587], [77.24848994455871, 28.629447866055145], [77.24869439984677, 28.629444472219777], [77.24869247646268, 28.629354277359973], [77.24879470400622, 28.629352580333084], [77.24879085709004, 28.62917219062215], [77.2488930844502, 28.6291704935309], [77.24888923739486, 28.628990103827334], [77.24899146457167, 28.628988406671702], [77.24898954096999, 28.62889821182426], [77.24970513034951, 28.62888632962274], [77.24970320614585, 28.628796134818245], [77.24990766000025, 28.628792739223044], [77.24990573563092, 28.628702544429885], [77.2500079624576, 28.62870084652309], [77.25000988691416, 28.628791041309924], [77.25011211381926, 28.62878934331979], [77.25011018927543, 28.628699148539283], [77.25031464288458, 28.628695752340626], [77.25031656760291, 28.628785947108486], [77.25052102135119, 28.62878255058912], [77.25052294625289, 28.62887274534301], [77.25062517320102, 28.62887104696148], [77.25062902320543, 28.629051436452635], [77.25052679608278, 28.62905313484682], [77.25052872101101, 28.62914332959675], [77.25042649379226, 28.629145027920245], [77.25042841864206, 28.629235222675177], [77.2503261913272, 28.62923692092799], [77.25033004087882, 28.629417310446552], [77.2502278133806, 28.629419008634997], [77.25023551224088, 28.629779787681596], [77.25003105651987, 28.629783183878043]]]}}, {"type": "Feature", "properties": {"id": "delhi-751", "status": "shrank", "area_ha": 0.83, "water_left": 0.22, "baseline_years_with_water": 2, "recent_years_seen": [2024, 2025], "lat": 28.71933, "lon": 77.03326, "now": "dried_grassed", "thumbs": ["thumbs/delhi-751-2019.jpg", "thumbs/delhi-751-2025.jpg"], "district": "North West Delhi"}, "geometry": {"type": "Polygon", "coordinates": [[[77.03352798328233, 28.719739864382177], [77.03352623734102, 28.719649658010326], [77.033423907672, 28.7196511970627], [77.03342216182642, 28.719560990683814], [77.03321750263974, 28.71956406854507], [77.03321575697761, 28.719473862153446], [77.03270410930925, 28.719481555424498], [77.03270236409367, 28.71939134900297], [77.03260003462367, 28.71939288741944], [77.03260177975154, 28.71948309384669], [77.03249945018584, 28.719484632191534], [77.03249421508937, 28.719214012888724], [77.03269887368653, 28.71921093615601], [77.03269712849497, 28.719120729730577], [77.03300411606752, 28.71911611406862], [77.03300237062085, 28.71902590765905], [77.03310469970796, 28.719024368956102], [77.03310295418159, 28.71893416255095], [77.0338192569531, 28.718923389504873], [77.03382100309342, 28.719013595869963], [77.03402566113142, 28.719010517149297], [77.03402740745517, 28.719100723501644], [77.03392507835245, 28.719102262906368], [77.03392857084857, 28.7192826756186], [77.03403090012671, 28.71928113620243], [77.03403264647449, 28.719371342550875], [77.03393031710867, 28.719372881972767], [77.03393206337675, 28.719463088325636], [77.03382973391521, 28.719464627675915], [77.03383322630002, 28.719645040389185], [77.03373089665504, 28.71964657967358], [77.03373264277175, 28.719736786033984], [77.03352798328233, 28.719739864382177]]]}}, {"type": "Feature", "properties": {"id": "delhi-2733", "status": "shrank", "area_ha": 0.71, "water_left": 0.03, "baseline_years_with_water": 3, "recent_years_seen": [2024, 2025], "lat": 28.51603, "lon": 76.91881, "now": "dried_grassed", "thumbs": ["thumbs/delhi-2733-2019.jpg", "thumbs/delhi-2733-2025.jpg"], "district": "South West Delhi"}, "geometry": {"type": "Polygon", "coordinates": [[[76.91876944148302, 28.516668976851236], [76.9187629069799, 28.51630811550969], [76.91866076716504, 28.516309558363634], [76.91865913364488, 28.51621934301965], [76.9187612733729, 28.5162179001711], [76.91875963977341, 28.51612768483122], [76.91865750013221, 28.516129127674375], [76.9186444323015, 28.515407404865975], [76.91874657124808, 28.51540596206594], [76.91874493771623, 28.5153157467145], [76.91905135425037, 28.5153114178703], [76.9190627909545, 28.5159429251902], [76.91896065150951, 28.51594436825271], [76.91896391903326, 28.516124798914763], [76.91906605865191, 28.516123355841472], [76.91906932637937, 28.5163037864876], [76.91917146616416, 28.51630234332681], [76.91917310012599, 28.51639255864256], [76.91958165953731, 28.5163867852107], [76.91958329385399, 28.516477000503592], [76.91978757368821, 28.516474113316594], [76.91978920818606, 28.516564328597426], [76.91968706818588, 28.51656577223467], [76.91968870260443, 28.516655987519606], [76.91876944148302, 28.516668976851236]]]}}, {"type": "Feature", "properties": {"id": "delhi-259", "status": "shrank", "area_ha": 0.7, "water_left": 0.37, "baseline_years_with_water": 3, "recent_years_seen": [2024, 2025], "lat": 28.80602, "lon": 77.18512, "now": "dried_grassed", "thumbs": ["thumbs/delhi-259-2019.jpg", "thumbs/delhi-259-2025.jpg"], "district": "Outer North Delhi"}, "geometry": {"type": "Polygon", "coordinates": [[[77.18508545495258, 28.80661028023354], [77.18508168945706, 28.80642988745325], [77.18497928513135, 28.806431545706523], [77.18497551984649, 28.806251152908658], [77.18487311568825, 28.80625281107204], [77.18486182056924, 28.805711632609885], [77.1849642241991, 28.805709974483413], [77.18496045905238, 28.80552958166445], [77.18506286249747, 28.805527923472695], [77.1850534493414, 28.805076941432986], [77.18515585233759, 28.805075283194412], [77.1851539696442, 28.804985086788662], [77.1852563725437, 28.804983428478657], [77.18525825532514, 28.80507362487825], [77.18536065830405, 28.805071966484498], [77.18537195570231, 28.80561314481744], [77.18526955219504, 28.805614803248112], [77.18527331788741, 28.805795196027518], [77.1853757215708, 28.805793537584535], [77.1853851363931, 28.80624451947921], [77.18548754050816, 28.806242860927874], [77.18549507287368, 28.806603646395263], [77.18508545495258, 28.80661028023354]]]}}, {"type": "Feature", "properties": {"id": "delhi-2409", "status": "shrank", "area_ha": 0.66, "water_left": 0.23, "baseline_years_with_water": 3, "recent_years_seen": [2024, 2025], "lat": 28.54604, "lon": 77.28054, "now": "built_or_bare", "thumbs": ["thumbs/delhi-2409-2019.jpg", "thumbs/delhi-2409-2025.jpg"], "district": "South East Delhi"}, "geometry": {"type": "MultiPolygon", "coordinates": [[[[77.28034204743442, 28.546448687477152], [77.28044419257631, 28.546446971120545], [77.28044030494216, 28.546266583161774], [77.28054244990135, 28.546264866741232], [77.28054439380085, 28.546355060714866], [77.280646538838, 28.546353344211173], [77.28064265087417, 28.54617295627539], [77.28084694057412, 28.546169523063394], [77.28084305229854, 28.54598913514795], [77.28094519696134, 28.545987418439655], [77.28093547599435, 28.54553644865999], [77.28083333176596, 28.545538165336254], [77.28083138768625, 28.545447971369953], [77.28062709937639, 28.54545140447944], [77.28062904328233, 28.545541598458556], [77.28052689902712, 28.545543314904588], [77.28052884285512, 28.54563350888879], [77.28063098719721, 28.545631792436346], [77.28063293112103, 28.545721986412822], [77.28042864225414, 28.545725419253774], [77.28043058601314, 28.54581561324174], [77.2803284414794, 28.54581732955351], [77.28033232885043, 28.54599771753829], [77.28023018413401, 28.54599943378613], [77.28023212774605, 28.546089627782948], [77.2801299829338, 28.546091343960434], [77.28013192646789, 28.546181537962344], [77.28002978155983, 28.5461832540695], [77.28003172501599, 28.546273448076484], [77.2799295800121, 28.5462751641133], [77.27993152339029, 28.546365358125378], [77.28003366848107, 28.546363642082152], [77.28003561195509, 28.546453836086503], [77.27983132159085, 28.546457268109002], [77.27983326490003, 28.54654746212484], [77.27993541017351, 28.546545746145558], [77.2799373535785, 28.546635940153667], [77.28003949892991, 28.54663422409124], [77.28004144243074, 28.546724418091625], [77.28024573328054, 28.54672098572371], [77.28024184594028, 28.546540597747228], [77.28034399117801, 28.54653888146096], [77.28034204743442, 28.546448687477152]]], [[[77.28034593493055, 28.54662907544346], [77.28044808024623, 28.546627359074044], [77.2804461364068, 28.546537165097945], [77.28034399117801, 28.54653888146096], [77.28034593493055, 28.54662907544346]]]]}}, {"type": "Feature", "properties": {"id": "delhi-739", "status": "shrank", "area_ha": 0.52, "water_left": 0.19, "baseline_years_with_water": 2, "recent_years_seen": [2024, 2025], "lat": 28.72052, "lon": 77.03539, "now": "dried_grassed", "thumbs": ["thumbs/delhi-739-2019.jpg", "thumbs/delhi-739-2025.jpg"], "district": "Outer North Delhi"}, "geometry": {"type": "Polygon", "coordinates": [[[77.03498680753604, 28.721071403667565], [77.03498506024651, 28.720981197395368], [77.034882729374, 28.720982737616414], [77.03487049918581, 28.72035129363456], [77.03497282944431, 28.720349753453604], [77.03496758779222, 28.720079134601903], [77.03527457773019, 28.720074513646505], [77.03527283026574, 28.71998430737718], [77.0353751601413, 28.71998276690975], [77.03537690769346, 28.720072973173348], [77.03547923764872, 28.720071432622866], [77.03548273295254, 28.720251845134683], [77.03558506307522, 28.720250304495394], [77.03559205412995, 28.72061112948052], [77.03548972365644, 28.720612670142728], [77.03549671448867, 28.720973495129954], [77.03539438365628, 28.720975035737727], [77.03539088839955, 28.72079462323526], [77.03518622706157, 28.72079770419587], [77.03518447962065, 28.720707497931226], [77.03528681020596, 28.720705957495323], [77.03528506268535, 28.720615751235112], [77.03518273218776, 28.72061729166529], [77.03517923734607, 28.720436879129494], [77.0350769070159, 28.720438419470867], [77.03508913848823, 28.721069863363443], [77.03498680753604, 28.721071403667565]]]}}, {"type": "Feature", "properties": {"id": "delhi-734", "status": "shrank", "area_ha": 0.4, "water_left": 0.1, "baseline_years_with_water": 3, "recent_years_seen": [2024, 2025], "lat": 28.72166, "lon": 77.02952, "now": "unclear", "thumbs": ["thumbs/delhi-734-2019.jpg", "thumbs/delhi-734-2025.jpg"], "district": "Outer North Delhi"}, "geometry": {"type": "Polygon", "coordinates": [[[77.02906727877793, 28.721972468342784], [77.02906205198015, 28.72170184856241], [77.02916438392312, 28.721700312710137], [77.02916264158547, 28.72161010611979], [77.02926497343273, 28.721608570195887], [77.02926323101536, 28.721518363609942], [77.0293655627669, 28.721516827614394], [77.02936382026981, 28.721426621032865], [77.02956848357346, 28.721423548821146], [77.02956674090892, 28.721333342249743], [77.02997606706937, 28.721327196920978], [77.02997955310819, 28.721507610016793], [77.02987722140463, 28.721509146476432], [77.02988245025972, 28.72177976612754], [77.0296777863023, 28.721782838849045], [77.02967952909455, 28.721873045408234], [77.0294748649297, 28.721876117831766], [77.0294766075545, 28.721966324401084], [77.02927194318221, 28.721969396526635], [77.02927020073284, 28.721879189945902], [77.02916786862241, 28.721880725886937], [77.02916961098406, 28.72197093247339], [77.02906727877793, 28.721972468342784]]]}}, {"type": "Feature", "properties": {"id": "delhi-529", "status": "shrank", "area_ha": 0.38, "water_left": 0.34, "baseline_years_with_water": 3, "recent_years_seen": [2024, 2025], "lat": 28.74216, "lon": 77.08966, "now": "unclear", "thumbs": ["thumbs/delhi-529-2019.jpg", "thumbs/delhi-529-2025.jpg"], "district": "Outer North Delhi"}, "geometry": {"type": "Polygon", "coordinates": [[[77.08945969595888, 28.742527515078862], [77.0894579003252, 28.74243731219327], [77.08935555206874, 28.742438894702058], [77.08934836996757, 28.742078083123086], [77.08945071787284, 28.742076500637822], [77.08944892228033, 28.741986297745683], [77.08965361789055, 28.741983132554708], [77.08965182213069, 28.741892929673035], [77.08975416983564, 28.741891346967325], [77.08975237399623, 28.741801144090225], [77.08985472160515, 28.741799561312995], [77.08985292568619, 28.74170935844046], [77.09005762070369, 28.741706192665557], [77.09006480513136, 28.74206700410075], [77.08996245727555, 28.742068587050444], [77.08996604936323, 28.742248992771966], [77.08986370132358, 28.742250575656012], [77.08986549729198, 28.742340778520695], [77.08976314915628, 28.742342361333222], [77.08976494504513, 28.74243256420248], [77.08966259681338, 28.742434146943484], [77.08966439262268, 28.742524349817312], [77.08945969595888, 28.742527515078862]]]}}, {"type": "Feature", "properties": {"id": "delhi-1093", "status": "shrank", "area_ha": 0.36, "water_left": 0.22, "baseline_years_with_water": 3, "recent_years_seen": [2024, 2025], "lat": 28.6823, "lon": 77.0306, "now": "unclear", "thumbs": ["thumbs/delhi-1093-2019.jpg", "thumbs/delhi-1093-2025.jpg"], "district": "Outer North Delhi"}, "geometry": {"type": "Polygon", "coordinates": [[[77.02994336806942, 28.682527520434967], [77.02993988771149, 28.682347106295783], [77.03004218131882, 28.68234557169676], [77.0300404410643, 28.682255364630926], [77.0303473215757, 28.682250760387646], [77.03034558106654, 28.68216055333765], [77.03044787446682, 28.68215901844116], [77.03044961506353, 28.68224922548544], [77.03116566925449, 28.682238479007747], [77.031170892931, 28.682509100012823], [77.02994336806942, 28.682527520434967]]]}}, {"type": "Feature", "properties": {"id": "delhi-339", "status": "shrank", "area_ha": 0.35, "water_left": 0.06, "baseline_years_with_water": 3, "recent_years_seen": [2024, 2025], "lat": 28.78213, "lon": 77.15636, "now": "dried_grassed", "thumbs": ["thumbs/delhi-339-2019.jpg", "thumbs/delhi-339-2025.jpg"], "district": "North Delhi"}, "geometry": {"type": "Polygon", "coordinates": [[[77.15610968131745, 28.782444163303573], [77.15610782537345, 28.782353964855545], [77.15600544260428, 28.78235559988579], [77.15600358675677, 28.782265401430372], [77.15610596943797, 28.782263766406196], [77.15610411351099, 28.78217356795553], [77.15600173091777, 28.782175202973626], [77.1559961634518, 28.781904607595546], [77.15609854578116, 28.78190297259565], [77.15609668988823, 28.781812774139727], [77.15619907212111, 28.781811139068388], [77.156200928102, 28.78190133751824], [77.15640569271814, 28.781898067130864], [77.15640940505729, 28.782078464002346], [77.15671655244542, 28.782073557803454], [77.15672397828142, 28.782434351457766], [77.15610968131745, 28.782444163303573]]]}}, {"type": "Feature", "properties": {"id": "delhi-764", "status": "shrank", "area_ha": 0.32, "water_left": 0.16, "baseline_years_with_water": 3, "recent_years_seen": [2024, 2025], "lat": 28.71814, "lon": 77.03493, "now": "dried_grassed", "thumbs": ["thumbs/delhi-764-2019.jpg", "thumbs/delhi-764-2025.jpg"], "district": "North West Delhi"}, "geometry": {"type": "Polygon", "coordinates": [[[77.03442100400325, 28.718282708097483], [77.03441576422003, 28.718012089070108], [77.03472274822649, 28.718007469669928], [77.034721001385, 28.71791726334204], [77.03492565717379, 28.717914183366698], [77.03492740419067, 28.71800438968312], [77.03543904396085, 28.717996688362728], [77.03544428637517, 28.718267307218305], [77.03442100400325, 28.718282708097483]]]}}, {"type": "Feature", "properties": {"id": "delhi-668", "status": "shrank", "area_ha": 0.31, "water_left": 0.29, "baseline_years_with_water": 3, "recent_years_seen": [2024, 2025], "lat": 28.72696, "lon": 77.04232, "now": "built_or_bare", "thumbs": ["thumbs/delhi-668-2019.jpg", "thumbs/delhi-668-2025.jpg"], "district": "Outer North Delhi"}, "geometry": {"type": "Polygon", "coordinates": [[[77.04227271487042, 28.727277803296815], [77.04227096087742, 28.72718759751735], [77.04216862442632, 28.72718914355485], [77.04216687052912, 28.727098937768332], [77.0420645341577, 28.727100483722722], [77.04206102656292, 28.72692007213429], [77.04195869035894, 28.726921617999817], [77.04195693666136, 28.726831412197896], [77.04185460053708, 28.72683295798032], [77.04185284693529, 28.726742752171347], [77.04195518297183, 28.72674120639468], [77.04195342929036, 28.72665100059016], [77.04246510891367, 28.726643270575074], [77.04246686303385, 28.72673347635087], [77.04256919902211, 28.726731930110013], [77.04257095323808, 28.726822135878745], [77.04267328930601, 28.72682058955478], [77.04267504361778, 28.726910795316467], [77.0425727074621, 28.72691234164618], [77.04257446169417, 28.72700254741231], [77.04247212544269, 28.727004093670406], [77.04247387959506, 28.727094299440985], [77.0423715432478, 28.72709584562746], [77.04237505140124, 28.727276257176204], [77.04227271487042, 28.727277803296815]]]}}, {"type": "Feature", "properties": {"id": "delhi-3443", "status": "shrank", "area_ha": 0.28, "water_left": 0.36, "baseline_years_with_water": 3, "recent_years_seen": [2024, 2025], "lat": 28.45168, "lon": 77.13466, "now": "dried_grassed", "thumbs": ["thumbs/delhi-3443-2019.jpg", "thumbs/delhi-3443-2025.jpg"], "district": "South Delhi"}, "geometry": {"type": "Polygon", "coordinates": [[[77.13466736405539, 28.452089511494503], [77.13466555155728, 28.451999307381787], [77.13446142297806, 28.452002510982524], [77.1344505492026, 28.451461286206953], [77.13475674050191, 28.451456480798996], [77.1347549279757, 28.45136627668315], [77.13485699163897, 28.451364674733544], [77.13486786744036, 28.45190589937312], [77.13496993161426, 28.451904297311092], [77.13497174436353, 28.451994501407135], [77.13486968010312, 28.451996103475153], [77.13487149277424, 28.452086307575893], [77.13466736405539, 28.452089511494503]]]}}, {"type": "Feature", "properties": {"id": "delhi-1739", "status": "shrank", "area_ha": 0.25, "water_left": 0.48, "baseline_years_with_water": 3, "recent_years_seen": [2024, 2025], "lat": 28.61926, "lon": 76.89041, "now": "dried_grassed", "thumbs": ["thumbs/delhi-1739-2019.jpg", "thumbs/delhi-1739-2025.jpg"], "district": "South West Delhi"}, "geometry": {"type": "Polygon", "coordinates": [[[76.89026478194316, 28.619579733373307], [76.89026316567679, 28.619489517909457], [76.89016092447937, 28.61949094402688], [76.89015284369538, 28.619039866661794], [76.89056180669463, 28.619034161836137], [76.89056342318574, 28.61912437729046], [76.89066566400429, 28.619122950886123], [76.89067051378407, 28.61939359722544], [76.89056827270366, 28.619395023645726], [76.89056988922448, 28.61948523909491], [76.89046764804934, 28.619486665443475], [76.89046926449029, 28.619576880896695], [76.89026478194316, 28.619579733373307]]]}}, {"type": "Feature", "properties": {"id": "delhi-2431", "status": "shrank", "area_ha": 0.24, "water_left": 0.46, "baseline_years_with_water": 3, "recent_years_seen": [2024, 2025], "lat": 28.54395, "lon": 77.28637, "now": "unclear", "thumbs": ["thumbs/delhi-2431-2019.jpg", "thumbs/delhi-2431-2025.jpg"], "district": "South East Delhi"}, "geometry": {"type": "Polygon", "coordinates": [[[77.28662825287823, 28.544177481778746], [77.28662630397193, 28.544087288159623], [77.28631987667269, 28.544092450561905], [77.28631792803597, 28.544002256922198], [77.28611364329876, 28.544005698127187], [77.28610974639966, 28.54382531081812], [77.286211888599, 28.543823590266836], [77.28620799156198, 28.543643202965338], [77.28651441758504, 28.54363804088961], [77.28651636635966, 28.54372823452175], [77.28672065050397, 28.54372479274141], [77.2867245484276, 28.54390517997604], [77.28662240618618, 28.54390690091743], [77.28662435507458, 28.54399709453919], [77.28672649740285, 28.543995373591375], [77.28673039538026, 28.54417576081809], [77.28662825287823, 28.544177481778746]]]}}, {"type": "Feature", "properties": {"id": "delhi-2074", "status": "shrank", "area_ha": 0.21, "water_left": 0.1, "baseline_years_with_water": 3, "recent_years_seen": [2024, 2025], "lat": 28.58007, "lon": 76.90561, "now": "unclear", "thumbs": ["thumbs/delhi-2074-2019.jpg", "thumbs/delhi-2074-2025.jpg"], "district": "South West Delhi"}, "geometry": {"type": "Polygon", "coordinates": [[[76.90561149386166, 28.580291823261764], [76.90560986713095, 28.58020160807921], [76.90540546258838, 28.580204479788794], [76.90540383603937, 28.58011426459425], [76.90530163384399, 28.58011570032831], [76.90529838094265, 28.579935269924643], [76.9055027849775, 28.579932398401034], [76.90550115836382, 28.579842183207994], [76.90570556219451, 28.579839311387428], [76.90570718898242, 28.579929526569757], [76.90580939097367, 28.57992809053874], [76.90581101785618, 28.580018305714432], [76.90591321992706, 28.58001686960114], [76.90591810088078, 28.580287515104434], [76.90561149386166, 28.580291823261764]]]}}, {"type": "Feature", "properties": {"id": "delhi-651", "status": "shrank", "area_ha": 0.19, "water_left": 0.05, "baseline_years_with_water": 3, "recent_years_seen": [2024, 2025], "lat": 28.72707, "lon": 77.09985, "now": "unclear", "thumbs": ["thumbs/delhi-651-2019.jpg", "thumbs/delhi-651-2025.jpg"], "district": "North West Delhi"}, "geometry": {"type": "MultiPolygon", "coordinates": [[[[77.10010779254658, 28.72720374163273], [77.1000054598304, 28.7272053314366], [77.10000185273996, 28.72702492647467], [77.09989952019096, 28.727026516189373], [77.09989771674589, 28.726936313700534], [77.09979538427633, 28.72693790333197], [77.09979177758647, 28.726757498338564], [77.0996894452841, 28.726759087880822], [77.09969124853717, 28.72684929038409], [77.09958891613879, 28.72685087985492], [77.0995925224943, 28.727031284869355], [77.09969485506814, 28.72702969538672], [77.09969665834602, 28.72711989788606], [77.0997989909993, 28.72711830832015], [77.09980079437321, 28.72720851081229], [77.09990312710595, 28.727206921163127], [77.09990493057585, 28.72729712364804], [77.10000726338805, 28.7272955339156], [77.10000906695396, 28.727385736393302], [77.10011139984559, 28.727384146577606], [77.10010779254658, 28.72720374163273]]], [[[77.10012041823796, 28.727835158916918], [77.10022275155998, 28.727833568994313], [77.10021373272896, 28.727382556684553], [77.10011139984559, 28.727384146577606], [77.10012041823796, 28.727835158916918]]]]}}, {"type": "Feature", "properties": {"id": "delhi-805", "status": "shrank", "area_ha": 0.17, "water_left": 0.35, "baseline_years_with_water": 3, "recent_years_seen": [2024, 2025], "lat": 28.71383, "lon": 77.02164, "now": "dried_grassed", "thumbs": ["thumbs/delhi-805-2019.jpg", "thumbs/delhi-805-2025.jpg"], "district": "Outer North Delhi"}, "geometry": {"type": "Polygon", "coordinates": [[[77.02154313464071, 28.713964212226642], [77.02154139939975, 28.713874005107108], [77.02143907459211, 28.713875534812196], [77.02143386918011, 28.713604913428718], [77.02194549182336, 28.71359726421532], [77.02194896296692, 28.713777678415386], [77.02184663827883, 28.713779208424096], [77.02185010927889, 28.71395962263034], [77.02154313464071, 28.713964212226642]]]}}, {"type": "Feature", "properties": {"id": "delhi-551", "status": "shrank", "area_ha": 0.16, "water_left": 0.31, "baseline_years_with_water": 2, "recent_years_seen": [2024, 2025], "lat": 28.74047, "lon": 77.03777, "now": "unclear", "thumbs": ["thumbs/delhi-551-2019.jpg", "thumbs/delhi-551-2025.jpg"], "district": "Outer North Delhi"}, "geometry": {"type": "Polygon", "coordinates": [[[77.03772370910387, 28.74079107049471], [77.03772195803786, 28.7407008646394], [77.03761960813064, 28.740702407895224], [77.03761085336018, 28.740251378570438], [77.03791790174068, 28.74024674865679], [77.0379266578282, 28.74069777789553], [77.03782430793704, 28.74069932130617], [77.03782605909086, 28.740789527155744], [77.03772370910387, 28.74079107049471]]]}}, {"type": "Feature", "properties": {"id": "delhi-191", "status": "shrank", "area_ha": 0.15, "water_left": 0.33, "baseline_years_with_water": 2, "recent_years_seen": [2024, 2025], "lat": 28.82874, "lon": 77.11833, "now": "unclear", "thumbs": ["thumbs/delhi-191-2019.jpg", "thumbs/delhi-191-2025.jpg"], "district": "Outer North Delhi"}, "geometry": {"type": "Polygon", "coordinates": [[[77.11823293653485, 28.828880089266743], [77.11823110968058, 28.82878988920504], [77.11812867897127, 28.828791497882964], [77.11812502546421, 28.828611097743693], [77.11822745599716, 28.828609489077706], [77.118225629168, 28.828519289012057], [77.1186353508633, 28.82851285359523], [77.11863717804516, 28.828603053636993], [77.11873960853625, 28.82860144458263], [77.11874143581466, 28.828691644617123], [77.11853657464779, 28.828694862660104], [77.11853840175823, 28.82878506270522], [77.1183335403815, 28.82878828044944], [77.11833536732397, 28.82887848050518], [77.11823293653485, 28.828880089266743]]]}}, {"type": "Feature", "properties": {"id": "delhi-494", "status": "shrank", "area_ha": 0.14, "water_left": 0.07, "baseline_years_with_water": 2, "recent_years_seen": [2024, 2025], "lat": 28.748, "lon": 77.15192, "now": "built_or_bare", "thumbs": ["thumbs/delhi-494-2019.jpg", "thumbs/delhi-494-2025.jpg"], "district": "North Delhi"}, "geometry": {"type": "Polygon", "coordinates": [[[77.15182464875895, 28.74831595705469], [77.15181540061003, 28.747864961250027], [77.15191775000774, 28.747863331175935], [77.15191220095682, 28.74759273369555], [77.1521168991999, 28.747589473351486], [77.15212244877769, 28.747860070795525], [77.15202009939696, 28.747861701024437], [77.1520256487877, 28.748132298474832], [77.15192329913505, 28.748133928644503], [77.1519269985957, 28.748314326950315], [77.15182464875895, 28.74831595705469]]]}}, {"type": "Feature", "properties": {"id": "delhi-273", "status": "shrank", "area_ha": 0.13, "water_left": 0.23, "baseline_years_with_water": 3, "recent_years_seen": [2024, 2025], "lat": 28.8073, "lon": 77.00997, "now": "unclear", "thumbs": ["thumbs/delhi-273-2019.jpg", "thumbs/delhi-273-2025.jpg"], "district": "Outer North Delhi"}, "geometry": {"type": "Polygon", "coordinates": [[[77.00982268927342, 28.807439705597485], [77.0098209574112, 28.807349499073712], [77.00971854066812, 28.807351024419482], [77.00971507714368, 28.807170611356717], [77.01032957642572, 28.807161458185654], [77.0103313087126, 28.807251664683726], [77.01022889209733, 28.80725319041196], [77.01023062430407, 28.80734339691438], [77.01002579087351, 28.8073464481493], [77.01002752291195, 28.807436654661746], [77.00982268927342, 28.807439705597485]]]}}, {"type": "Feature", "properties": {"id": "delhi-483", "status": "shrank", "area_ha": 0.13, "water_left": 0.23, "baseline_years_with_water": 3, "recent_years_seen": [2024, 2025], "lat": 28.75035, "lon": 77.17936, "now": "dried_grassed", "thumbs": ["thumbs/delhi-483-2019.jpg", "thumbs/delhi-483-2025.jpg"], "district": "North Delhi"}, "geometry": {"type": "Polygon", "coordinates": [[[77.17931029946641, 28.750582244622443], [77.17930842602945, 28.750492047137097], [77.17920607592647, 28.750493698087666], [77.17919858261587, 28.750132908108608], [77.1793009323676, 28.750131257182566], [77.17930280577016, 28.750221454673166], [77.17940515560112, 28.750219803663587], [77.17940702910009, 28.75031000114674], [77.17950937901027, 28.75030835005361], [77.17951125260565, 28.750398547529322], [77.17961360259504, 28.75039689635264], [77.17961734998724, 28.750577291287833], [77.17931029946641, 28.750582244622443]]]}}, {"type": "Feature", "properties": {"id": "delhi-1031", "status": "shrank", "area_ha": 0.12, "water_left": 0.08, "baseline_years_with_water": 3, "recent_years_seen": [2024, 2025], "lat": 28.69023, "lon": 77.00379, "now": "dried_grassed", "thumbs": ["thumbs/delhi-1031-2019.jpg", "thumbs/delhi-1031-2025.jpg"], "district": "Outer North Delhi"}, "geometry": {"type": "Polygon", "coordinates": [[[77.00338526696886, 28.690322509985286], [77.00338354898949, 28.690232301542014], [77.00348585193684, 28.690230786631254], [77.00348413387778, 28.690140578192313], [77.00399564805828, 28.69013300250793], [77.00399736655527, 28.69022321091869], [77.00409966945529, 28.690221695544416], [77.00410138804776, 28.69031190394823], [77.00338526696886, 28.690322509985286]]]}}, {"type": "Feature", "properties": {"id": "delhi-2419", "status": "shrank", "area_ha": 0.1, "water_left": 0.3, "baseline_years_with_water": 2, "recent_years_seen": [2024, 2025], "lat": 28.54543, "lon": 77.28466, "now": "unclear", "thumbs": ["thumbs/delhi-2419-2019.jpg", "thumbs/delhi-2419-2025.jpg"], "district": "South East Delhi"}, "geometry": {"type": "Polygon", "coordinates": [[[77.28451441279589, 28.54565670410961], [77.28451051835437, 28.54547631664266], [77.28461266226074, 28.545474597203658], [77.28461071496653, 28.545384403474618], [77.28450857114704, 28.5453861229072], [77.28450662394867, 28.545295929170422], [77.2844044802071, 28.545297648519853], [77.28440253310457, 28.545207454775333], [77.28470896404177, 28.545202296516084], [77.28471091140494, 28.545292490241344], [77.28481305511964, 28.545290770661687], [77.28481500257865, 28.54538096437921], [77.28471285877707, 28.545382683965286], [77.28471675354818, 28.545563071409205], [77.2846146095639, 28.54556479093137], [77.28461655687602, 28.545654984657773], [77.28451441279589, 28.54565670410961]]]}}, {"type": "Feature", "properties": {"id": "delhi-669", "status": "shrank", "area_ha": 0.08, "water_left": 0.38, "baseline_years_with_water": 3, "recent_years_seen": [2024, 2025], "lat": 28.72616, "lon": 77.10628, "now": "unclear", "thumbs": ["thumbs/delhi-669-2019.jpg", "thumbs/delhi-669-2025.jpg"], "district": "North West Delhi"}, "geometry": {"type": "Polygon", "coordinates": [[[77.10612912911836, 28.726297987113526], [77.10612551164998, 28.726117582838256], [77.10602318038782, 28.726119177140813], [77.10602137175381, 28.72602897499529], [77.10632836525221, 28.726024191873364], [77.10633017414939, 28.726114394001105], [77.10643250538665, 28.726112799466502], [77.10643431437985, 28.726203001587006], [77.10633198305487, 28.726204596127538], [77.10633379196865, 28.72629479825266], [77.10612912911836, 28.726297987113526]]]}}, {"type": "Feature", "properties": {"id": "delhi-b103", "status": "came_back", "area_ha": 5.97, "water_left": 1.0, "lat": 28.74056, "lon": 76.98402, "thumbs": ["thumbs/delhi-b103-2019.jpg", "thumbs/delhi-b103-2025.jpg"], "dry_in": [2019, 2020, 2021], "district": "Outer North Delhi"}, "geometry": {"type": "Polygon", "coordinates": [[[76.98400080115832, 28.7422220964838], [76.98399739112624, 28.74204167884694], [76.98389503652922, 28.74204318149388], [76.98388651202507, 28.7415921373511], [76.98378415785932, 28.7415936398927], [76.98378245306978, 28.741503431054667], [76.9838848071477, 28.74150192851865], [76.98388139741645, 28.741321510849872], [76.98377904351416, 28.741323013374718], [76.98377733874808, 28.741232804532792], [76.98367498492578, 28.741234306974633], [76.98367328025536, 28.74114409812583], [76.98357092651305, 28.741145600484664], [76.98356751737128, 28.740965182772005], [76.9834651637968, 28.74096668504226], [76.98346175486195, 28.74078626731324], [76.98335940145526, 28.7407877694949], [76.98335599272733, 28.740607351749535], [76.98325363948845, 28.74060885384262], [76.98325193522403, 28.7405186449624], [76.98314958206517, 28.740520146972496], [76.9831461737354, 28.740339729197004], [76.98304382074434, 28.74034123111851], [76.98304041262149, 28.740160813326675], [76.98293805979823, 28.7401623151596], [76.98293635583634, 28.740072106256154], [76.98283400309309, 28.74007360800609], [76.9828305953684, 28.739893190184144], [76.98272824279293, 28.7398946918455], [76.98272313152799, 28.739624065086108], [76.98282548384003, 28.739622563441497], [76.98282207619354, 28.73944214560658], [76.983947949178, 28.739425622529392], [76.98394965396324, 28.739515831386086], [76.98415435821616, 28.739512826172696], [76.98414412856839, 28.738971573080086], [76.98434883173631, 28.738968567624056], [76.98434712664678, 28.73887835878192], [76.98526828972484, 28.738864830448207], [76.98527170149224, 28.739045248030628], [76.9854764046636, 28.739042240860368], [76.98547469860037, 28.738952032080988], [76.98567940156481, 28.738949024612264], [76.98568110780364, 28.739039233380467], [76.98578345936193, 28.739037729524394], [76.98578175303527, 28.738947520761776], [76.98588410449791, 28.738946016833886], [76.98588581091238, 28.739036225590908], [76.98609051398978, 28.739033217491716], [76.98609222058768, 28.739123426236258], [76.98629692380936, 28.73912041781624], [76.98629863059071, 28.739210626548314], [76.98640098227762, 28.739209122216586], [76.98640951674089, 28.73966016582952], [76.98630716461494, 28.739661670189193], [76.9863088714433, 28.739751878913484], [76.9862065192217, 28.739753383201336], [76.98620481248116, 28.739663174471456], [76.98589775603284, 28.739667686853767], [76.98589946250993, 28.73975789560042], [76.98579711025702, 28.739759399578613], [76.9858005230591, 28.7399398170792], [76.98569817062273, 28.73994132099116], [76.9856998769477, 28.740031529745092], [76.9850857616382, 28.740040551624702], [76.98508746744415, 28.740130760410874], [76.98498511477734, 28.740132263792113], [76.98498852623709, 28.74031268137173], [76.98488617338684, 28.74031418468673], [76.98488958470224, 28.740494602272335], [76.98478723166855, 28.740496105521085], [76.98479064283963, 28.74067652311268], [76.98489299604896, 28.740675019852752], [76.98489470173406, 28.74076522864102], [76.98479234843691, 28.740766731906533], [76.98479405404203, 28.74085694069909], [76.98489640742699, 28.740855437427985], [76.98490493600903, 28.74130648134336], [76.98470022835312, 28.741309487864015], [76.98470363948947, 28.741489905443434], [76.98480599349696, 28.74148840221065], [76.98480940484025, 28.7416688197737], [76.98450234226735, 28.741673329273336], [76.98450404768727, 28.741763538069677], [76.98440169339284, 28.741765041086964], [76.98440510408052, 28.741945458686924], [76.98430274960262, 28.74194696163797], [76.98430616014595, 28.742127379243914], [76.98420380548458, 28.742128882128704], [76.98420551068017, 28.74221909093532], [76.98400080115832, 28.7422220964838]], [[76.98429422338118, 28.741495917600407], [76.98460128547413, 28.74149140859881], [76.98459787451343, 28.74131099100822], [76.98429081294738, 28.741315499976295], [76.98429422338118, 28.741495917600407]]]}}, {"type": "Feature", "properties": {"id": "delhi-b206", "status": "came_back", "area_ha": 3.29, "water_left": 1.0, "lat": 28.60773, "lon": 77.27952, "thumbs": ["thumbs/delhi-b206-2019.jpg", "thumbs/delhi-b206-2025.jpg"], "dry_in": [2019, 2020, 2021], "district": "East Delhi"}, "geometry": {"type": "Polygon", "coordinates": [[[77.27995371232193, 28.608982043347915], [77.27995176386828, 28.6088918501694], [77.27984955834623, 28.608893569576516], [77.27984760998868, 28.608803376390266], [77.27974540454483, 28.608805095714022], [77.2797434562834, 28.608714902520052], [77.27964125091775, 28.60871662176046], [77.27963735459606, 28.60853623535573], [77.27953514939578, 28.608537954506378], [77.27953320133552, 28.60844776129562], [77.27943099621345, 28.60844948036292], [77.2794290482493, 28.60835928714443], [77.27932684320545, 28.60836100612838], [77.2793248953374, 28.608270812902166], [77.27922269037175, 28.60827253180277], [77.27922074259982, 28.608182338568824], [77.27911853771238, 28.608184057386065], [77.27911659003655, 28.608093864144394], [77.27901438522731, 28.6080955828783], [77.27901243764758, 28.6080053896289], [77.27891023291657, 28.608007108279452], [77.27890828543295, 28.607916915022322], [77.27880608078013, 28.60791863358953], [77.27880218601403, 28.607738247058503], [77.27869998152659, 28.607739965535956], [77.27869803424413, 28.607649772262054], [77.27859582983488, 28.60765149065616], [77.27859388264851, 28.60756129737453], [77.27849167831748, 28.607563015685294], [77.27848973122722, 28.607472822395934], [77.2783875269744, 28.607474540623354], [77.27838557998022, 28.607384347326274], [77.27828337580561, 28.60738606547035], [77.27828142890756, 28.60729587216554], [77.27817922481115, 28.607297590226267], [77.27817533121618, 28.60711720359988], [77.27807312728513, 28.607118921570866], [77.27806923390021, 28.606938534926385], [77.27796703013453, 28.606940252807618], [77.27796313695971, 28.606759866145044], [77.27786093335939, 28.60676158393654], [77.2778550939257, 28.60649100391356], [77.2782639072275, 28.606484132362795], [77.27826585404506, 28.606574325679503], [77.2784702608166, 28.606570889429687], [77.2784722078174, 28.606661082732256], [77.27867661472747, 28.60665764616188], [77.27867856191152, 28.606747839450325], [77.2788829689601, 28.60674440255939], [77.2788849163274, 28.6068345958337], [77.27898711992543, 28.606832877266417], [77.27898906738884, 28.606923070533], [77.27909127106504, 28.606921351882377], [77.27909321862455, 28.607011545141233], [77.27919542237899, 28.607009826407268], [77.27919737003458, 28.60710001965839], [77.27929957386722, 28.607098300841077], [77.27930346937957, 28.607278687326556], [77.27940567337757, 28.60727696841949], [77.27940762123431, 28.60736716165384], [77.2795098253105, 28.60736544266342], [77.27951177326337, 28.60745563589004], [77.2797161815632, 28.60745219766558], [77.27971812969932, 28.607542390878063], [77.27992253813768, 28.607538952333027], [77.27992448645705, 28.607629145531373], [77.2801288950339, 28.60762570666575], [77.28013084353654, 28.60771589984996], [77.28033525225189, 28.60771246066376], [77.2803372009378, 28.607802653833822], [77.28054160979164, 28.607799214327038], [77.28054355866081, 28.60788940748296], [77.28064576316146, 28.607887687607747], [77.28064771212674, 28.60797788075595], [77.28074991670559, 28.607976160797378], [77.28075186576697, 28.608066353937836], [77.28085407042403, 28.608064633895918], [77.28085796874798, 28.60824502016005], [77.28096017357039, 28.60824330002837], [77.28096797067441, 28.60860407251513], [77.28086576550336, 28.608605792672456], [77.2808677147146, 28.60869598579725], [77.28066330417133, 28.608699425893896], [77.2806652532172, 28.608789619030183], [77.28046084246378, 28.608793058831868], [77.28046279134429, 28.608883251979663], [77.280360585867, 28.6088849717715], [77.2803625346693, 28.608975164924384], [77.27995371232193, 28.608982043347915]]]}}, {"type": "Feature", "properties": {"id": "delhi-b160", "status": "came_back", "area_ha": 2.36, "water_left": 1.0, "lat": 28.67296, "lon": 77.23377, "thumbs": ["thumbs/delhi-b160-2019.jpg", "thumbs/delhi-b160-2025.jpg"], "dry_in": [2019, 2020, 2021], "district": "Old Delhi"}, "geometry": {"type": "Polygon", "coordinates": [[[77.23318566187413, 28.674543876372965], [77.2331818344871, 28.674363485934467], [77.23307956218524, 28.674365173598428], [77.23307190786645, 28.67400439268047], [77.23317417981845, 28.67400270504163], [77.2331684389092, 28.67373211935815], [77.23327071059003, 28.67373043166098], [77.2332649694975, 28.673459845984468], [77.23336724090716, 28.673458158228996], [77.23335958589028, 28.673097377333633], [77.23325731483047, 28.673099065063983], [77.23325540118567, 28.67300886983057], [77.23335767215804, 28.673007182106492], [77.23335001731692, 28.67264640118475], [77.23345228793069, 28.672644713408644], [77.23344846038792, 28.67246432295242], [77.233550730818, 28.672462635111728], [77.23354881697234, 28.67237243988791], [77.23365108730616, 28.67237075197634], [77.23364725946631, 28.67219036153733], [77.23374952961645, 28.672188673561163], [77.23374761562225, 28.67209847834596], [77.23384988567614, 28.672096790298927], [77.23384797160327, 28.672006595088686], [77.23395024156093, 28.672004906970784], [77.2339483274094, 28.671914711765503], [77.23405059727081, 28.671913023576725], [77.23404868304063, 28.67182282837641], [77.23415095280579, 28.67182114011677], [77.23414903849695, 28.671730944921418], [77.23425130816587, 28.6717292565909], [77.23424939377836, 28.671639061400516], [77.23435166335105, 28.671637372999133], [77.23434974888488, 28.6715471778137], [77.23445201836132, 28.671545489341447], [77.23445010381649, 28.671455294160992], [77.23475691193073, 28.671450228300163], [77.2347588267379, 28.67154042346176], [77.23486109617919, 28.67153873468089], [77.23486875584561, 28.671899515288974], [77.23476648605453, 28.67190120409498], [77.23477223063432, 28.672171789556035], [77.23466996057209, 28.672173478303748], [77.234673790161, 28.672353868617087], [77.23457151991506, 28.672355557300218], [77.23457343463527, 28.672445752461194], [77.2344711642931, 28.67244744107345], [77.23447307893461, 28.672537636239383], [77.2343708084962, 28.672539324780768], [77.23437463763072, 28.672719715121268], [77.2342723670086, 28.672721403598064], [77.23427619600336, 28.672901793945854], [77.23417392519755, 28.67290348235806], [77.23417775405257, 28.673083872713132], [77.23407548306304, 28.673085561060752], [77.23408122614912, 28.673356146602323], [77.23397895488843, 28.67335783489163], [77.23398086918057, 28.673448030075797], [77.23387859782365, 28.673449718294226], [77.23388434049045, 28.673720303857664], [77.23378206886235, 28.673721992017775], [77.23378015471874, 28.67363179682501], [77.23367788316932, 28.673633484901686], [77.23368171129039, 28.67381387529848], [77.23357943955725, 28.673815563310573], [77.23358900957639, 28.674266539310878], [77.23369128174683, 28.67426485126738], [77.23369319586449, 28.674355046457208], [77.23359092360658, 28.674356734506983], [77.23359475169333, 28.674537124895235], [77.23318566187413, 28.674543876372965]]]}}, {"type": "Feature", "properties": {"id": "delhi-b93", "status": "came_back", "area_ha": 2.22, "water_left": 1.0, "lat": 28.74758, "lon": 76.98369, "thumbs": ["thumbs/delhi-b93-2019.jpg", "thumbs/delhi-b93-2025.jpg"], "dry_in": [2019, 2020, 2021], "district": "Outer North Delhi"}, "geometry": {"type": "Polygon", "coordinates": [[[76.98278607057007, 28.74837582650183], [76.98277413986423, 28.74774436485949], [76.98267177963199, 28.74774586685156], [76.98265814571158, 28.747024196280687], [76.98276050524106, 28.74702269433327], [76.98275880094836, 28.746932485511657], [76.98327059803921, 28.746924974640926], [76.98326889331511, 28.74683476584592], [76.98337125262198, 28.746833263445048], [76.98336954781787, 28.746743054654335], [76.98347190702906, 28.746741552181607], [76.98347020214493, 28.74665134339518], [76.98387963856013, 28.746645332752234], [76.98388475429009, 28.746915959040624], [76.98398711363785, 28.746914456169545], [76.98398540829886, 28.746824247413628], [76.98419012679523, 28.74682124145033], [76.9841918323099, 28.74691145019507], [76.98439655095065, 28.746908443910858], [76.98439996235487, 28.74708886137411], [76.98450232183919, 28.747087358104665], [76.98450402764087, 28.74717756682876], [76.9846063872052, 28.7471760634763], [76.98461150492076, 28.747446689624038], [76.9847138647408, 28.747445186177387], [76.98471898279034, 28.747715812296686], [76.98379774175639, 28.747729340679644], [76.98379944699795, 28.747819549433757], [76.98328764571042, 28.747827062519598], [76.9832927601643, 28.748097688857904], [76.98319039961979, 28.748099191259502], [76.98319551388055, 28.748369817602878], [76.98278607057007, 28.74837582650183]]]}}, {"type": "Feature", "properties": {"id": "delhi-b199", "status": "came_back", "area_ha": 1.7, "water_left": 1.0, "lat": 28.62518, "lon": 77.25561, "thumbs": ["thumbs/delhi-b199-2019.jpg", "thumbs/delhi-b199-2025.jpg"], "dry_in": [2019, 2020, 2021], "district": "East Delhi"}, "geometry": {"type": "Polygon", "coordinates": [[[77.25630934265386, 28.626881732156615], [77.25630741296479, 28.62679153773611], [77.25620518843196, 28.62679324029083], [77.256203258839, 28.626703045862662], [77.25610103438454, 28.626704748334035], [77.25609910488768, 28.626614553898204], [77.25599688051162, 28.626616256286226], [77.25599302171896, 28.626435867397905], [77.25589079750853, 28.626437569696243], [77.25588115111825, 28.625986597420642], [77.25577892733516, 28.625988299610267], [77.25577506901556, 28.625807910678102], [77.2556728453981, 28.62580961277804], [77.25566898728843, 28.625629223827914], [77.25556676383658, 28.62563092583816], [77.25556097700027, 28.62536034238405], [77.25545875380128, 28.625362044298278], [77.25545103849254, 28.625001266315603], [77.25534881563365, 28.625002968127465], [77.25534110081563, 28.624642190098317], [77.25523887829682, 28.62464389180782], [77.25523116396948, 28.62428311373219], [77.25512894179076, 28.62428481533933], [77.25511929951712, 28.623833842683396], [77.2550170777657, 28.62383554418184], [77.25500550785306, 28.623294376913126], [77.25510772908108, 28.62329267545272], [77.25511351425924, 28.623563259074], [77.2552157357401, 28.62356155751757], [77.25521959274428, 28.623741946579145], [77.25532181439074, 28.62374024493305], [77.25532374299337, 28.623830439455514], [77.2554259647182, 28.623828737726075], [77.25542789341691, 28.623918932240887], [77.25553011522013, 28.62391723042811], [77.2555378304525, 28.624278008448773], [77.2556400525958, 28.624276306533634], [77.2556496972718, 28.624727278998062], [77.2557519198424, 28.62472557697422], [77.25576542337166, 28.62535693832459], [77.25586764654408, 28.625355236179356], [77.25587343416554, 28.6256258195764], [77.25597565759081, 28.62562411733514], [77.25597951622392, 28.62580450624722], [77.25608173981479, 28.62580280391627], [77.25608366923188, 28.62589299836399], [77.25649256385574, 28.625886188244806], [77.25649063408969, 28.62579599382246], [77.25659285763625, 28.625794291106498], [77.25658899795626, 28.625613902270537], [77.25669122131947, 28.62561219949026], [77.25671631100748, 28.626784726747154], [77.25651186200386, 28.62678813239564], [77.25651379186743, 28.626878326803467], [77.25630934265386, 28.626881732156615]]]}}, {"type": "Feature", "properties": {"id": "delhi-b104", "status": "came_back", "area_ha": 1.12, "water_left": 1.0, "lat": 28.74138, "lon": 76.97974, "thumbs": ["thumbs/delhi-b104-2019.jpg", "thumbs/delhi-b104-2025.jpg"], "dry_in": [2019, 2020, 2021], "district": "Outer North Delhi"}, "geometry": {"type": "Polygon", "coordinates": [[[76.97907925930782, 28.741843091299945], [76.97907755854237, 28.741752882207944], [76.97846343070042, 28.741761874497005], [76.97846003024675, 28.74158145624228], [76.9788694481367, 28.741575461737146], [76.97886774757029, 28.741485252630117], [76.97917481064236, 28.741480755955056], [76.97917140900606, 28.741300337770532], [76.97927376317216, 28.741298838735144], [76.97927036139141, 28.741118420556585], [76.97937271537408, 28.741116921454918], [76.9793710144076, 28.741026712369255], [76.98018984528538, 28.741014716813453], [76.98019154695439, 28.741104925854533], [76.9802939008668, 28.741103426056103], [76.98030070797223, 28.74146426218514], [76.98040306222809, 28.741462762286986], [76.9804047641118, 28.741552971310437], [76.9803024097681, 28.74155447121416], [76.98030581338331, 28.741734889268304], [76.98020345885617, 28.741736389105757], [76.98020516058764, 28.741826598136463], [76.97907925930782, 28.741843091299945]]]}}, {"type": "Feature", "properties": {"id": "delhi-b247", "status": "came_back", "area_ha": 1.11, "water_left": 1.0, "lat": 28.51785, "lon": 77.32825, "thumbs": ["thumbs/delhi-b247-2019.jpg", "thumbs/delhi-b247-2025.jpg"], "dry_in": [2019, 2020, 2021], "district": "South East Delhi"}, "geometry": {"type": "Polygon", "coordinates": [[[77.3278524625232, 28.518394066335567], [77.32785048062418, 28.51830387499927], [77.32774836602927, 28.518305625442558], [77.32774638422612, 28.518215434098398], [77.32764426970886, 28.5182171844585], [77.32763832461426, 28.517946610398468], [77.32753621034813, 28.517948360662313], [77.3275322471708, 28.517767977935932], [77.32763436126342, 28.517766227685158], [77.32763237960168, 28.517676036326513], [77.32773449359846, 28.517674286005633], [77.32773251185908, 28.517584094652207], [77.3279367396518, 28.517580593793575], [77.32793475774805, 28.517490402451898], [77.32813898533082, 28.51748690129977], [77.32813700326271, 28.517396709969844], [77.32895391253524, 28.517382702347824], [77.32896580924445, 28.51792384999363], [77.32886369509683, 28.517925601253882], [77.32886567782685, 28.518015792530086], [77.32876356358337, 28.51801754372023], [77.32876554623577, 28.518107735001657], [77.32856131754797, 28.518111237165087], [77.328563300036, 28.518201428458262], [77.32835907113822, 28.51820493032818], [77.32836105346188, 28.518295121633113], [77.32805470978658, 28.518300373882745], [77.32805669185912, 28.518390565205973], [77.3278524625232, 28.518394066335567]]]}}, {"type": "Feature", "properties": {"id": "delhi-b137", "status": "came_back", "area_ha": 1.03, "water_left": 1.0, "lat": 28.717, "lon": 77.04995, "thumbs": ["thumbs/delhi-b137-2019.jpg", "thumbs/delhi-b137-2025.jpg"], "dry_in": [2019, 2020, 2021], "district": "Outer North Delhi"}, "geometry": {"type": "Polygon", "coordinates": [[[77.04966430877562, 28.71787202317245], [77.04966254912182, 28.717781817684923], [77.04956022230255, 28.717783368853194], [77.04954966507553, 28.717242135866076], [77.04965199136862, 28.717240584732412], [77.04964847218217, 28.717060173737817], [77.04954614606447, 28.717061724859946], [77.04952679208105, 28.716069464233115], [77.04962911723412, 28.716067913174438], [77.0496326362429, 28.716248324197686], [77.04973496156329, 28.716246773050138], [77.04973672116748, 28.71633697855403], [77.04983904656748, 28.716335427323386], [77.04984432569161, 28.716606043809975], [77.04994665134662, 28.716604492484695], [77.0499484111585, 28.716694697971853], [77.05005073689311, 28.716693146563475], [77.05005249680077, 28.71678335204356], [77.05046180000924, 28.716777145613666], [77.05046356027576, 28.716867351069382], [77.05056588614536, 28.71686579926281], [77.05056764650766, 28.716956004711445], [77.05036299458496, 28.716959108258777], [77.05036475477993, 28.71704931371765], [77.05016010264954, 28.717052416967206], [77.05016538275676, 28.71732303337061], [77.05026770908908, 28.717321481767193], [77.0502729895321, 28.717592098141562], [77.05037531611946, 28.717590546443507], [77.05037707637098, 28.717680751893255], [77.05017242301282, 28.717683855223584], [77.05017418309704, 28.717774060683567], [77.0499695295312, 28.717777163716114], [77.04997128944808, 28.717867369186333], [77.04966430877562, 28.71787202317245]]]}}, {"type": "Feature", "properties": {"id": "delhi-b251", "status": "came_back", "area_ha": 1.02, "water_left": 1.0, "lat": 28.51579, "lon": 76.92085, "thumbs": ["thumbs/delhi-b251-2019.jpg", "thumbs/delhi-b251-2025.jpg"], "dry_in": [2019, 2020, 2021], "district": "South West Delhi"}, "geometry": {"type": "Polygon", "coordinates": [[[76.92090947679323, 28.516368013080328], [76.92090784135529, 28.516277797856276], [76.92080570169833, 28.516279242321186], [76.92080406635473, 28.51618902709045], [76.9205997871919, 28.51619191577935], [76.92059815202948, 28.516101700536538], [76.92049601252361, 28.51610314476052], [76.92049110734199, 28.515832499008198], [76.92038896808909, 28.51583394313929], [76.9203873331304, 28.515743727880555], [76.9204894722965, 28.51574228375486], [76.92048620222805, 28.51556185324433], [76.92038406323563, 28.51556329735923], [76.92038569817926, 28.51565351262053], [76.9201814199982, 28.515656400630988], [76.9201830547757, 28.515746615901797], [76.91967235875732, 28.515753834612465], [76.9196739931082, 28.51584404990896], [76.91957185379515, 28.51584549342635], [76.91956041410467, 28.515213986286174], [76.91996896888064, 28.51520821190734], [76.91997060344688, 28.51529842719536], [76.92007274220892, 28.515296983403488], [76.92007437686951, 28.51538719868483], [76.92017651571084, 28.51538575481085], [76.92017815046577, 28.51547597008551], [76.9205867061032, 28.515470193800915], [76.92058834121295, 28.515560409052714], [76.9213033138966, 28.51555029756354], [76.92130985684206, 28.5159111584068], [76.92141199611407, 28.515909713579912], [76.92141690366265, 28.516180359182673], [76.92131476413013, 28.51618180402575], [76.92131312835991, 28.516091588820718], [76.92121098890671, 28.516093033581686], [76.92121262459011, 28.516183248792114], [76.92111048504253, 28.51618469348177], [76.92111212064663, 28.51627490869631], [76.92100998100472, 28.51627635331465], [76.9210116165295, 28.516366568533304], [76.92090947679323, 28.516368013080328]]]}}, {"type": "Feature", "properties": {"id": "delhi-b143", "status": "came_back", "area_ha": 0.82, "water_left": 1.0, "lat": 28.7159, "lon": 77.04548, "thumbs": ["thumbs/delhi-b143-2019.jpg", "thumbs/delhi-b143-2025.jpg"], "dry_in": [2019, 2020, 2021], "district": "Outer North Delhi"}, "geometry": {"type": "Polygon", "coordinates": [[[77.04656462976354, 28.71638502834899], [77.04656111600012, 28.716204616982544], [77.04635646502632, 28.71620771439442], [77.04635295164593, 28.71602730299973], [77.04625062632233, 28.716028851578162], [77.04624886973193, 28.7159386458731], [77.04614654448794, 28.71594019436844], [77.04614478799328, 28.715849988656327], [77.04594013765653, 28.71585308540352], [77.04594189397581, 28.715943291127147], [77.04573724343142, 28.715946387576537], [77.04573899958338, 28.716036593310385], [77.04543202344327, 28.716041237421788], [77.0454337793402, 28.716131443171594], [77.04512680286449, 28.716136086604305], [77.04512504723063, 28.716045880837232], [77.0450227218103, 28.716047428487723], [77.04501921074211, 28.715867016938148], [77.04481456022805, 28.71587011198413], [77.04481280488143, 28.71577990619588], [77.04450582931297, 28.71578454816763], [77.04450407423748, 28.71569434236082], [77.0441970988596, 28.715698983619358], [77.04419358925891, 28.715518571967316], [77.04429591421756, 28.715517024969973], [77.04429415934162, 28.715426819147744], [77.04439648420451, 28.715425272078814], [77.04439823916815, 28.715515477895288], [77.04450056411068, 28.715513930743292], [77.04450231917005, 28.715604136552706], [77.04511626918217, 28.71559485198231], [77.04511802477575, 28.715685057755895], [77.04532267489071, 28.715681962268974], [77.04532443066773, 28.715772168029748], [77.04675698179732, 28.715750490880037], [77.04676928105583, 28.71638193060475], [77.04656462976354, 28.71638502834899]]]}}, {"type": "Feature", "properties": {"id": "delhi-b132", "status": "came_back", "area_ha": 0.76, "water_left": 1.0, "lat": 28.71844, "lon": 77.04502, "thumbs": ["thumbs/delhi-b132-2019.jpg", "thumbs/delhi-b132-2025.jpg"], "dry_in": [2019, 2020, 2021], "district": "Outer North Delhi"}, "geometry": {"type": "Polygon", "coordinates": [[[77.0436498164257, 28.719136085759416], [77.04364806184147, 28.719045879949004], [77.04375039026864, 28.719044333191334], [77.04374863560476, 28.718954127385363], [77.04385096393617, 28.718952580556103], [77.04384920919263, 28.718862374754593], [77.04405386565587, 28.718859280875552], [77.04405211074499, 28.718769075084246], [77.04425676700059, 28.718765980907367], [77.04425501192236, 28.718675775126254], [77.04456199598224, 28.71867113329816], [77.04456024064895, 28.718580927533015], [77.04466256856509, 28.718579380108064], [77.04466081315216, 28.718489174347365], [77.04476314097253, 28.71848762685083], [77.04475962999544, 28.71830721533705], [77.04486195763236, 28.718305667774686], [77.04485669096404, 28.71803505051149], [77.04495901832979, 28.71803350288906], [77.04495375147089, 28.71776288563142], [77.0450560785655, 28.71776133794891], [77.04505432287428, 28.717671132199516], [77.04515664987312, 28.717669584445442], [77.04515840565203, 28.71775979018908], [77.04536305980095, 28.7177566944374], [77.04536481576332, 28.717846900168233], [77.0452624886052, 28.717848448088493], [77.04526424448794, 28.717938653823772], [77.04516191723405, 28.717940201672455], [77.0451706963301, 28.71839123035811], [77.04527302402249, 28.718389682480655], [77.04527477995359, 28.718479888208115], [77.04517245217349, 28.718481436091334], [77.04517420802493, 28.718571641823264], [77.04507188014908, 28.718573189634892], [77.04507539170075, 28.71875360110635], [77.04487073557405, 28.71875669652062], [77.04487249118657, 28.718846902265902], [77.04477016302343, 28.718848449862794], [77.0447719185563, 28.718938655612526], [77.04456726203044, 28.718941750585795], [77.04456901739594, 28.719031956345738], [77.04415970389674, 28.71903814538724], [77.04416145891948, 28.719128351168884], [77.0436498164257, 28.719136085759416]]]}}, {"type": "Feature", "properties": {"id": "delhi-b128", "status": "came_back", "area_ha": 0.69, "water_left": 1.0, "lat": 28.72041, "lon": 77.05473, "thumbs": ["thumbs/delhi-b128-2019.jpg", "thumbs/delhi-b128-2025.jpg"], "dry_in": [2019, 2020, 2021], "district": "Outer North Delhi"}, "geometry": {"type": "Polygon", "coordinates": [[[77.055149378942, 28.720946880813756], [77.05514761435678, 28.72085667567794], [77.05504528489648, 28.720858231147247], [77.05504175592576, 28.720677820860136], [77.0548370973317, 28.72068093154359], [77.05483533303389, 28.720590726386515], [77.05442601609946, 28.720596946802203], [77.05442778004641, 28.7206871519824], [77.05432545070485, 28.72068870689875], [77.05432192299445, 28.720508296525484], [77.05421959382022, 28.72050985135293], [77.05421606631761, 28.72032944096288], [77.0541137373107, 28.720330995701428], [77.05411197365925, 28.720240790498668], [77.05472594705306, 28.720231460941992], [77.05472241872195, 28.720051050601942], [77.05482474741716, 28.720049495416706], [77.05482298317605, 28.719959290250497], [77.05492531177546, 28.71995773499371], [77.05492354745473, 28.719867529831998], [77.05502587595835, 28.71986597450364], [77.05502764036677, 28.719956179659576], [77.05512996894998, 28.7199546242481], [77.05513702701553, 28.720315444835673], [77.05523935594147, 28.720313889323727], [77.05524288519824, 28.720494299598126], [77.0553452142915, 28.720492743997273], [77.0553487437561, 28.72067315425489], [77.05545107301668, 28.720671598565126], [77.05545636753746, 28.720942213924438], [77.055149378942, 28.720946880813756]]]}}, {"type": "Feature", "properties": {"id": "delhi-b146", "status": "came_back", "area_ha": 0.56, "water_left": 1.0, "lat": 28.71059, "lon": 77.23349, "thumbs": ["thumbs/delhi-b146-2019.jpg", "thumbs/delhi-b146-2025.jpg"], "dry_in": [2019, 2020, 2021], "district": "North East Delhi"}, "geometry": {"type": "Polygon", "coordinates": [[[77.23334950128283, 28.71117316629007], [77.23334758454074, 28.71108297156966], [77.23324527655551, 28.711084661327085], [77.2332433599098, 28.710994466599075], [77.23303874408819, 28.71099784586952], [77.23303682762656, 28.71090765112762], [77.23293451979018, 28.71090934064064], [77.23293260342497, 28.710819145891143], [77.23283029566743, 28.710820835320607], [77.23282837939863, 28.710730640563504], [77.233135302382, 28.710725572062127], [77.23312571985558, 28.710274598351038], [77.23302341264136, 28.710276287897358], [77.2330195798676, 28.710095898391113], [77.23332650095811, 28.710090829558016], [77.2333303342576, 28.710271219026563], [77.23343264144542, 28.71026952924841], [77.23343455819598, 28.710359723974417], [77.23353686546263, 28.71035803411271], [77.23354069916539, 28.7105384235482], [77.23364300659847, 28.710536733596637], [77.23364875748148, 28.71080731772112], [77.23375106516863, 28.710805627673437], [77.23375681639371, 28.71107621176718], [77.23355220048482, 28.711079591822976], [77.23355411740218, 28.711169786530824], [77.23334950128283, 28.71117316629007]], [[77.23323569341503, 28.71063368767382], [77.23333800096214, 28.71063199794781], [77.2333360842728, 28.710541803219478], [77.23323377681332, 28.71054349293921], [77.23323569341503, 28.71063368767382]]]}}, {"type": "Feature", "properties": {"id": "delhi-b105", "status": "came_back", "area_ha": 0.55, "water_left": 1.0, "lat": 28.73908, "lon": 77.10224, "thumbs": ["thumbs/delhi-b105-2019.jpg", "thumbs/delhi-b105-2025.jpg"], "dry_in": [2019, 2020, 2021], "district": "Outer North Delhi"}, "geometry": {"type": "Polygon", "coordinates": [[[77.10168364402455, 28.739450581025046], [77.10168183812029, 28.739360378805387], [77.10157949366469, 28.739361970413313], [77.10157588205658, 28.739181565958223], [77.10167822633663, 28.739179974362134], [77.1016746145861, 28.73899956991365], [77.1018793027702, 28.738996386512937], [77.1018774967318, 28.738906184298564], [77.10249156055848, 28.73889663227455], [77.1024897540017, 28.738806430094375], [77.10259209785602, 28.73880483782542], [77.1025939045006, 28.73889503999968], [77.10279859235992, 28.738891855217762], [77.10280401287005, 28.739162461697198], [77.10259932448405, 28.739165646514632], [77.10260113116176, 28.73925584868366], [77.10249878686854, 28.739257440982204], [77.10250059346677, 28.73934764315584], [77.10209121585984, 28.73935401159975], [77.10209302211523, 28.739444213795757], [77.10168364402455, 28.739450581025046]]]}}, {"type": "Feature", "properties": {"id": "delhi-b196", "status": "came_back", "area_ha": 0.5, "water_left": 1.0, "lat": 28.64207, "lon": 77.26824, "thumbs": ["thumbs/delhi-b196-2019.jpg", "thumbs/delhi-b196-2025.jpg"], "dry_in": [2019, 2020, 2021], "district": "East Delhi"}, "geometry": {"type": "Polygon", "coordinates": [[[77.2683063469039, 28.642651398714335], [77.26830246448787, 28.642471011789805], [77.26820022560736, 28.642472724245355], [77.26819634340163, 28.642292337302795], [77.26809410468682, 28.642294049668532], [77.26809216368464, 28.64220385618889], [77.26788768640289, 28.642207280676445], [77.26788186397371, 28.641936700191337], [77.2680863407316, 28.641933275742037], [77.26808439976509, 28.641843082257104], [77.26828887631268, 28.641839657512342], [77.26828693518046, 28.641749464038845], [77.26838917335358, 28.64174775155727], [77.26838723214297, 28.641657558088827], [77.26848947021986, 28.641655845536576], [77.26848752893085, 28.641565652073186], [77.26858976691152, 28.64156393945027], [77.26861112254144, 28.64255606740463], [77.26850888360036, 28.642557780097718], [77.26851082498744, 28.642647973546563], [77.2683063469039, 28.642651398714335]]]}}, {"type": "Feature", "properties": {"id": "delhi-b207", "status": "came_back", "area_ha": 0.43, "water_left": 1.0, "lat": 28.60679, "lon": 77.27132, "thumbs": ["thumbs/delhi-b207-2019.jpg", "thumbs/delhi-b207-2025.jpg"], "dry_in": [2019, 2020, 2021], "district": "East Delhi"}, "geometry": {"type": "Polygon", "coordinates": [[[77.27122738441687, 28.607324044105766], [77.27121768017341, 28.60687307534948], [77.27111547598369, 28.606874788062985], [77.2711135352489, 28.60678459430138], [77.27101133113742, 28.606786306931557], [77.2710093904987, 28.606696113162254], [77.27090718646545, 28.60669782570911], [77.27090330538907, 28.60651743815376], [77.27080110152122, 28.60651915061091], [77.27079528023496, 28.606248569248837], [77.27089748384137, 28.606246856810834], [77.27089942434836, 28.60633705059313], [77.27100162803299, 28.606335338071805], [77.27100356863605, 28.606425531846398], [77.27131017989791, 28.606420393801645], [77.27131406165368, 28.60660078130857], [77.27141626556411, 28.60659906846033], [77.27141820654252, 28.606689262205435], [77.27152041053118, 28.60668754927388], [77.27152429268907, 28.60686793674733], [77.27162649684311, 28.60686622372607], [77.2716323204083, 28.607136804907196], [77.27153011599277, 28.60713851794761], [77.27153205711186, 28.607228711678395], [77.27142985260026, 28.607230424648254], [77.27143179364111, 28.6073206183841], [77.27122738441687, 28.607324044105766]]]}}, {"type": "Feature", "properties": {"id": "delhi-b121", "status": "came_back", "area_ha": 0.4, "water_left": 1.0, "lat": 28.7217, "lon": 77.23194, "thumbs": ["thumbs/delhi-b121-2019.jpg", "thumbs/delhi-b121-2025.jpg"], "dry_in": [2019, 2020, 2021], "district": "North Delhi"}, "geometry": {"type": "MultiPolygon", "coordinates": [[[[77.2318248267552, 28.72130369405239], [77.23182291051803, 28.721213499373103], [77.2319252284607, 28.721211810148866], [77.23192331214466, 28.72112161547453], [77.23151404067191, 28.72112837188249], [77.23151595663727, 28.72121856658194], [77.23172059256657, 28.721215188520027], [77.23172250871606, 28.721305383205603], [77.2318248267552, 28.72130369405239]]], [[[77.23183824066155, 28.721935056770477], [77.23194055930561, 28.721933367496], [77.23193864291922, 28.72184317283223], [77.2320409614668, 28.721841483486717], [77.23204287794087, 28.72193167814421], [77.23224751518501, 28.72192829920868], [77.23224559853558, 28.721838104563755], [77.2323479170568, 28.721836414986303], [77.23234600032849, 28.721746220346333], [77.23224368189496, 28.721747909917504], [77.23224176526314, 28.721657715269938], [77.23213944690849, 28.721659404757514], [77.23213753037314, 28.721569210102345], [77.23203521209736, 28.72157089950632], [77.23203329565848, 28.721480704843557], [77.2318286592559, 28.721484083407017], [77.23182674300115, 28.721393888730365], [77.23172442487434, 28.721395577889854], [77.23172250871606, 28.721305383205603], [77.2314155545459, 28.72131045020134], [77.23141747044117, 28.721400644904435], [77.23151978859435, 28.721398955976884], [77.23152170458609, 28.721489150672376], [77.23162402281815, 28.721487461661237], [77.23163360334706, 28.721938435087488], [77.2317359220087, 28.721936745967636], [77.23173783822855, 28.722026940642646], [77.23184015696907, 28.722025251439195], [77.23183824066155, 28.721935056770477]]], [[[77.23163743562019, 28.72211882444874], [77.23173975445718, 28.72211713531634], [77.23173783822855, 28.722026940642646], [77.23163551947923, 28.72202862976877], [77.23163743562019, 28.72211882444874]]]]}}, {"type": "Feature", "properties": {"id": "delhi-b131", "status": "came_back", "area_ha": 0.4, "water_left": 1.0, "lat": 28.71896, "lon": 77.05255, "thumbs": ["thumbs/delhi-b131-2019.jpg", "thumbs/delhi-b131-2025.jpg"], "dry_in": [2019, 2020, 2021], "district": "Outer North Delhi"}, "geometry": {"type": "Polygon", "coordinates": [[[77.0528699254972, 28.71953779903554], [77.05286816297107, 28.719447593751706], [77.05266350649289, 28.71945070102506], [77.0526599818157, 28.71927029043038], [77.0525576537399, 28.7192718439395], [77.05255412927048, 28.719091433328064], [77.05245180136198, 28.719092986748297], [77.0524500392271, 28.71900278143485], [77.05234771139824, 28.719004334771963], [77.05234594935915, 28.71891412945143], [77.05224362160989, 28.718915682705436], [77.0522418596666, 28.718825477377827], [77.05213953199694, 28.718827030548724], [77.0521342464787, 28.718556414540753], [77.05233890128368, 28.718553308156295], [77.05233713928503, 28.71846310282925], [77.0524394665877, 28.71846154952679], [77.05244122867404, 28.718551754848054], [77.05264588343051, 28.71854864799958], [77.05264940797828, 28.718729058615093], [77.05275173551979, 28.7187275050633], [77.05276054746926, 28.71917853155042], [77.05286287544119, 28.7191769778924], [77.05286640045301, 28.719357388466577], [77.05296872859226, 28.71935583471967], [77.05297225381186, 28.719536245277073], [77.0528699254972, 28.71953779903554]]]}}, {"type": "Feature", "properties": {"id": "delhi-b237", "status": "came_back", "area_ha": 0.4, "water_left": 1.0, "lat": 28.5382, "lon": 77.1271, "thumbs": ["thumbs/delhi-b237-2019.jpg", "thumbs/delhi-b237-2025.jpg"], "dry_in": [2019, 2020, 2021], "district": "South West Delhi"}, "geometry": {"type": "Polygon", "coordinates": [[[77.12690420304116, 28.538473223426376], [77.1269023906339, 28.538383020003213], [77.1268002426958, 28.538384620437377], [77.12679299349766, 28.538023806707788], [77.12689514108826, 28.538022206297523], [77.12689151636543, 28.53784179943685], [77.12699366377393, 28.537840198961785], [77.12699185133813, 28.537749995535467], [77.12719614595636, 28.537746794367052], [77.12719795856592, 28.537836997781422], [77.1273001059494, 28.537835397076122], [77.12730191865417, 28.537925600483206], [77.1274040661162, 28.537923999695177], [77.12741494304116, 28.53846522007444], [77.12690420304116, 28.538473223426376]]]}}, {"type": "Feature", "properties": {"id": "delhi-b101", "status": "came_back", "area_ha": 0.37, "water_left": 1.0, "lat": 28.74061, "lon": 77.10017, "thumbs": ["thumbs/delhi-b101-2019.jpg", "thumbs/delhi-b101-2025.jpg"], "dry_in": [2019, 2020, 2021], "district": "Outer North Delhi"}, "geometry": {"type": "Polygon", "coordinates": [[[77.10048619268886, 28.741003114023684], [77.10048438769721, 28.74091291175529], [77.10017734953018, 28.740917683862218], [77.1001755448102, 28.740827481574783], [77.10007319882574, 28.740829072116384], [77.10007139420182, 28.740738869821737], [77.09996904829688, 28.740740460280026], [77.09996724376902, 28.740650257978157], [77.09986489794359, 28.740651848353146], [77.0998630935118, 28.740561646044053], [77.09976074776588, 28.740563236335735], [77.09975713910272, 28.740382831701808], [77.1001665213344, 28.740376470118], [77.10016471666408, 28.74028626782272], [77.10026706211352, 28.740284677239195], [77.1002688668716, 28.74037487952856], [77.10037121240055, 28.740373288861722], [77.10037482211719, 28.740553693424715], [77.10047716781341, 28.740552102668648], [77.10048077773875, 28.740732507214588], [77.10068546945752, 28.740729325446626], [77.10069088493438, 28.74099993222025], [77.10048619268886, 28.741003114023684]]]}}, {"type": "Feature", "properties": {"id": "delhi-b129", "status": "came_back", "area_ha": 0.37, "water_left": 1.0, "lat": 28.72007, "lon": 77.05334, "thumbs": ["thumbs/delhi-b129-2019.jpg", "thumbs/delhi-b129-2025.jpg"], "dry_in": [2019, 2020, 2021], "district": "Outer North Delhi"}, "geometry": {"type": "Polygon", "coordinates": [[[77.05309220957886, 28.72043674409237], [77.05308163300552, 28.719895512517347], [77.05318396165482, 28.719893958581107], [77.05318219883321, 28.71980375331982], [77.05348918446944, 28.71979909106437], [77.05349271064702, 28.71997950155097], [77.05359503935165, 28.719977947299586], [77.053598565737, 28.720158357769417], [77.05370089460897, 28.72015680342913], [77.05370265790148, 28.720247008656315], [77.05380498685307, 28.720245454232916], [77.0538085136378, 28.720425864671807], [77.05309220957886, 28.72043674409237]]]}}, {"type": "Feature", "properties": {"id": "delhi-b212", "status": "came_back", "area_ha": 0.36, "water_left": 1.0, "lat": 28.59065, "lon": 77.27291, "thumbs": ["thumbs/delhi-b212-2019.jpg", "thumbs/delhi-b212-2025.jpg"], "dry_in": [2019, 2020, 2021], "district": "South East Delhi"}, "geometry": {"type": "Polygon", "coordinates": [[[77.27230687586894, 28.590974983752748], [77.27230493539678, 28.590884789854442], [77.27199836943504, 28.59088992760443], [77.27199642923306, 28.590799733685632], [77.27220080637562, 28.59079630860864], [77.27219886600837, 28.590706114701295], [77.2726076198382, 28.590699263650176], [77.27260567913153, 28.590609069767055], [77.27281005581877, 28.590605643792944], [77.27280811494687, 28.590515449921273], [77.27301249142428, 28.590512023652387], [77.27301055038713, 28.590421829792177], [77.2732149266547, 28.59041840322851], [77.27321298545232, 28.59032820937975], [77.27362173753207, 28.59032135535533], [77.27362367908276, 28.59041154917853], [77.27341930288658, 28.59041497635729], [77.27342124427204, 28.590505170191946], [77.27331905607346, 28.59050688367239], [77.27332099738078, 28.59059707751212], [77.27321880908622, 28.590598790922055], [77.27322075031536, 28.590688984766846], [77.27301637352532, 28.590692411368842], [77.27301831458921, 28.59078260522509], [77.27281393758932, 28.590786031532307], [77.27281587848798, 28.590876225400013], [77.27240712403285, 28.590883077117333], [77.2724090645921, 28.590973271009258], [77.27230687586894, 28.590974983752748]]]}}, {"type": "Feature", "properties": {"id": "delhi-b190", "status": "came_back", "area_ha": 0.33, "water_left": 1.0, "lat": 28.64572, "lon": 77.26566, "thumbs": ["thumbs/delhi-b190-2019.jpg", "thumbs/delhi-b190-2025.jpg"], "dry_in": [2019, 2020, 2021], "district": "East Delhi"}, "geometry": {"type": "Polygon", "coordinates": [[[77.26572763287618, 28.646393835429585], [77.26572375427018, 28.64621344828201], [77.2656215115778, 28.646215158995318], [77.26561763318209, 28.646034771829708], [77.26551539065548, 28.646036482453223], [77.2654940610764, 28.645044352877793], [77.26559630264242, 28.64504264232435], [77.26560599820868, 28.64549361030116], [77.26570824020243, 28.645491899638802], [77.26571211866593, 28.645672286807535], [77.26581436082542, 28.645670576055373], [77.26581630015787, 28.645760769631387], [77.26591854239577, 28.64575905879579], [77.26593017910142, 28.646300220185882], [77.26582793633952, 28.646301931059703], [77.26582987573431, 28.646392124626466], [77.26572763287618, 28.646393835429585]]]}}, {"type": "Feature", "properties": {"id": "delhi-b200", "status": "came_back", "area_ha": 0.3, "water_left": 1.0, "lat": 28.62533, "lon": 77.25469, "thumbs": ["thumbs/delhi-b200-2019.jpg", "thumbs/delhi-b200-2025.jpg"], "dry_in": [2019, 2020, 2021], "district": "East Delhi"}, "geometry": {"type": "Polygon", "coordinates": [[[77.25464868054924, 28.625736435004416], [77.25464675237124, 28.625646240465297], [77.2545445288308, 28.62564794170552], [77.25454067267589, 28.625467552610637], [77.25443844930105, 28.625469253761175], [77.25442880950494, 28.62501828096919], [77.25473547829422, 28.625013177381618], [77.25473740649745, 28.62510337192365], [77.25483962949674, 28.625101670567453], [77.25484155779606, 28.62519186510181], [77.25494378087373, 28.62519016366228], [77.25495149450857, 28.625550941761187], [77.25484927108194, 28.625552643226076], [77.25485119942554, 28.62564283775384], [77.25474897590283, 28.625644539148073], [77.25475090416805, 28.625734733680854], [77.25464868054924, 28.625736435004416]]]}}, {"type": "Feature", "properties": {"id": "delhi-b172", "status": "came_back", "area_ha": 0.25, "water_left": 1.0, "lat": 28.66386, "lon": 77.25454, "thumbs": ["thumbs/delhi-b172-2019.jpg", "thumbs/delhi-b172-2025.jpg"], "dry_in": [2019, 2020, 2021], "district": "East Delhi"}, "geometry": {"type": "Polygon", "coordinates": [[[77.25413956809996, 28.66409113982089], [77.254137637291, 28.664000945760613], [77.25403537652167, 28.664002648692907], [77.25403344580899, 28.663912454624953], [77.25413570649089, 28.663910751699007], [77.25413377569966, 28.663820557636075], [77.25444055742997, 28.663815448414493], [77.25443862638537, 28.663725254369265], [77.25454088685699, 28.663723551147495], [77.254542817989, 28.663813745186378], [77.25464507853917, 28.663812041881144], [77.25464314731975, 28.663721847848596], [77.25474540777364, 28.663720144472588], [77.25474733908047, 28.663810338498788], [77.25484959961291, 28.663808635039302], [77.25484766821866, 28.663718441019437], [77.25494992865481, 28.663716737489167], [77.25494799718203, 28.663626543474326], [77.2550502575219, 28.663624839873275], [77.25505412065117, 28.66380522788896], [77.25495186013647, 28.663806931502698], [77.254953791627, 28.663897125514904], [77.25474927039619, 28.66390053252368], [77.25475120172075, 28.66399072654724], [77.25464894100462, 28.663992429942287], [77.25465087225065, 28.664082623970867], [77.25413956809996, 28.66409113982089]]]}}, {"type": "Feature", "properties": {"id": "delhi-b147", "status": "came_back", "area_ha": 0.24, "water_left": 1.0, "lat": 28.7137, "lon": 77.03909, "thumbs": ["thumbs/delhi-b147-2019.jpg", "thumbs/delhi-b147-2025.jpg"], "dry_in": [2019, 2020, 2021], "district": "North West Delhi"}, "geometry": {"type": "Polygon", "coordinates": [[[77.03863477990889, 28.71388807814507], [77.03862778035557, 28.713527253485605], [77.0387301037318, 28.713525710795892], [77.03873360366775, 28.71370612311675], [77.0388359272113, 28.71370458033824], [77.03883242709996, 28.713524168028854], [77.03913939715632, 28.713519539263807], [77.039141147471, 28.713609745401936], [77.03955044111771, 28.713603572609756], [77.03955219179116, 28.713693778723634], [77.0393475448085, 28.713696865285847], [77.03934929531464, 28.713787071409897], [77.03914464812449, 28.713790157674293], [77.03914639846329, 28.713880363808524], [77.03863477990889, 28.71388807814507]]]}}, {"type": "Feature", "properties": {"id": "delhi-b88", "status": "came_back", "area_ha": 0.23, "water_left": 1.0, "lat": 28.7528, "lon": 77.00145, "thumbs": ["thumbs/delhi-b88-2019.jpg", "thumbs/delhi-b88-2025.jpg"], "dry_in": [2019, 2020, 2021], "district": "Outer North Delhi"}, "geometry": {"type": "Polygon", "coordinates": [[[77.0014096046675, 28.753154317350507], [77.00140444243418, 28.75288369420329], [77.00119971426355, 28.75288672681856], [77.0011962731656, 28.752706311358054], [77.00129863707913, 28.7527047951004], [77.00129691645412, 28.752614587373838], [77.00119455262848, 28.752616103625847], [77.00119283209922, 28.752525895892347], [77.00149992328893, 28.752521346920865], [77.00150164408177, 28.752611554637472], [77.00170637167784, 28.752608521591288], [77.00171325563103, 28.75296935239961], [77.0016108914855, 28.75297086898397], [77.00161261240567, 28.753061076688436], [77.00151024816437, 28.75306259320098], [77.00151196900457, 28.75315280090979], [77.0014096046675, 28.753154317350507]]]}}, {"type": "Feature", "properties": {"id": "delhi-b189", "status": "came_back", "area_ha": 0.23, "water_left": 1.0, "lat": 28.65545, "lon": 77.04553, "thumbs": ["thumbs/delhi-b189-2019.jpg", "thumbs/delhi-b189-2025.jpg"], "dry_in": [2019, 2020, 2021], "district": "West Delhi"}, "geometry": {"type": "MultiPolygon", "coordinates": [[[[77.04578787908468, 28.655399509761633], [77.04568561264715, 28.655401054935414], [77.04568386094368, 28.655310848390517], [77.04558159458553, 28.6553123934814], [77.04557984297752, 28.655222186929453], [77.04547757669873, 28.65522373193745], [77.04547932821932, 28.65531393849516], [77.04537706184507, 28.655315483431778], [77.04537881328628, 28.655405689993938], [77.04527654681657, 28.655407234859172], [77.0452782981784, 28.655497441425787], [77.04507376504, 28.655500530936358], [77.04507726743812, 28.655680944088694], [77.04528180092619, 28.655677854555105], [77.04528004954828, 28.655587647991094], [77.04538231619283, 28.655586103114352], [77.04538406765818, 28.655676309672614], [77.04579313450564, 28.655670129371277], [77.04578787908468, 28.655399509761633]]], [[[77.04579488632871, 28.65576033590522], [77.04589715310789, 28.655758790631282], [77.04589540119738, 28.655668584103097], [77.04579313450564, 28.655670129371277], [77.04579488632871, 28.65576033590522]]]]}}, {"type": "Feature", "properties": {"id": "delhi-b211", "status": "came_back", "area_ha": 0.23, "water_left": 1.0, "lat": 28.59164, "lon": 77.27053, "thumbs": ["thumbs/delhi-b211-2019.jpg", "thumbs/delhi-b211-2025.jpg"], "dry_in": [2019, 2020, 2021], "district": "South East Delhi"}, "geometry": {"type": "Polygon", "coordinates": [[[77.2698737281505, 28.59191800697207], [77.26987178967924, 28.591827812933776], [77.26997397940008, 28.591826101978217], [77.26997204085066, 28.591735907944994], [77.27017642009142, 28.59173248581596], [77.27017448137673, 28.59164229179417], [77.27037886040767, 28.59163886937033], [77.27037692152771, 28.591548675359977], [77.27058130034887, 28.59154525264133], [77.27057936130365, 28.59145505864242], [77.27078373991498, 28.591451635628975], [77.27078180070448, 28.591361441641507], [77.270986179106, 28.591358018333256], [77.27098811849065, 28.591448212307963], [77.27109030776512, 28.59144650053212], [77.27109224724578, 28.591536694499116], [77.2709900578842, 28.591538406281344], [77.27099199728667, 28.591628600253408], [77.27068542888728, 28.591633735157878], [77.2706873680374, 28.591723929147765], [77.27027860969842, 28.591730774636105], [77.2702805485091, 28.591820968650193], [77.270076169112, 28.591824390945767], [77.27007810775743, 28.591914584971303], [77.2698737281505, 28.59191800697207]]]}}, {"type": "Feature", "properties": {"id": "delhi-b218", "status": "came_back", "area_ha": 0.22, "water_left": 1.0, "lat": 28.58897, "lon": 77.25984, "thumbs": ["thumbs/delhi-b218-2019.jpg", "thumbs/delhi-b218-2025.jpg"], "dry_in": [2019, 2020, 2021], "district": "South East Delhi"}, "geometry": {"type": "Polygon", "coordinates": [[[77.25969707192802, 28.589290976246268], [77.2596854946138, 28.58874980797056], [77.25978768207958, 28.588748104856098], [77.25978382287161, 28.588567715433015], [77.26009038469331, 28.588562605666436], [77.26009810418958, 28.58892338443112], [77.25999591657626, 28.588925087788937], [77.25999784638543, 28.589015282483164], [77.25989565867616, 28.589016985770446], [77.25989951814695, 28.589197375167632], [77.25979733025464, 28.589199078390735], [77.25979925991626, 28.589289273093705], [77.25969707192802, 28.589290976246268]]]}}, {"type": "Feature", "properties": {"id": "delhi-b179", "status": "came_back", "area_ha": 0.2, "water_left": 1.0, "lat": 28.66274, "lon": 77.24854, "thumbs": ["thumbs/delhi-b179-2019.jpg", "thumbs/delhi-b179-2025.jpg"], "dry_in": [2019, 2020, 2021], "district": "East Delhi"}, "geometry": {"type": "Polygon", "coordinates": [[[77.2480792040786, 28.66292875904436], [77.24807727855078, 28.66283856459208], [77.24817953860989, 28.662836866221603], [77.2481776130035, 28.662746671774322], [77.24827987296636, 28.662744973333034], [77.24827794728142, 28.662654778890765], [77.2486869866948, 28.662647984379717], [77.24868506066906, 28.662557789961408], [77.24909409959132, 28.6625509942417], [77.2490960259667, 28.662641188634712], [77.24889150634843, 28.662644586661454], [77.24889343255784, 28.662734781065794], [77.24879117264804, 28.662736479969794], [77.24879309877888, 28.662826674379144], [77.24848631873418, 28.662831770647422], [77.24848824461164, 28.66292196507441], [77.2480792040786, 28.66292875904436]]]}}, {"type": "Feature", "properties": {"id": "delhi-b188", "status": "came_back", "area_ha": 0.19, "water_left": 1.0, "lat": 28.6561, "lon": 77.25985, "thumbs": ["thumbs/delhi-b188-2019.jpg", "thumbs/delhi-b188-2025.jpg"], "dry_in": [2019, 2020, 2021], "district": "Old Delhi"}, "geometry": {"type": "MultiPolygon", "coordinates": [[[[77.25969972385664, 28.656238988719018], [77.25969778891695, 28.65614879490052], [77.26010679985389, 28.65614196731047], [77.26010486457358, 28.656051773516065], [77.2602071171982, 28.656050066432158], [77.26020518183941, 28.65595987264279], [77.26030743436779, 28.655958165488148], [77.26030549893049, 28.65586797170381], [77.25989648911316, 28.655874799834386], [77.25989842420094, 28.655964993644137], [77.2595916664825, 28.655970113951607], [77.25959553616049, 28.656150501605282], [77.25949328339516, 28.656152208232943], [77.2594952181601, 28.65624240206416], [77.25969972385664, 28.656238988719018]]], [[[77.2594952181601, 28.65624240206416], [77.25939296529852, 28.656244108621078], [77.25939489998497, 28.656334302457317], [77.25949715293395, 28.656332595894042], [77.2594952181601, 28.65624240206416]]], [[[77.25929458163507, 28.656426202784765], [77.25939683468032, 28.65642449629224], [77.25939489998497, 28.656334302457317], [77.25929264702711, 28.65633600894349], [77.25929458163507, 28.656426202784765]]]]}}, {"type": "Feature", "properties": {"id": "delhi-b250", "status": "came_back", "area_ha": 0.18, "water_left": 1.0, "lat": 28.51938, "lon": 76.97537, "thumbs": ["thumbs/delhi-b250-2019.jpg", "thumbs/delhi-b250-2025.jpg"], "dry_in": [2019, 2020, 2021], "district": "South West Delhi"}, "geometry": {"type": "Polygon", "coordinates": [[[76.97522364930703, 28.519830141949917], [76.97521860361685, 28.519559505173227], [76.97532074312218, 28.51955801965036], [76.97531906115411, 28.519467807394438], [76.97521692173561, 28.51946929291175], [76.97521187613829, 28.519198656119592], [76.97531401529629, 28.519197170618924], [76.97531569724117, 28.519287382878716], [76.97541783647826, 28.519285897295784], [76.97541615444656, 28.519195685041538], [76.9755182935891, 28.519194199387442], [76.9755166114783, 28.519103987137456], [76.97561875052628, 28.519102501412195], [76.97562211492927, 28.519282925899777], [76.97551997570764, 28.519284411636136], [76.97552502210966, 28.519555048374485], [76.9754228826198, 28.51955653405078], [76.97542792883097, 28.519827170794173], [76.97522364930703, 28.519830141949917]]]}}, {"type": "Feature", "properties": {"id": "delhi-b141", "status": "came_back", "area_ha": 0.17, "water_left": 1.0, "lat": 28.7167, "lon": 77.04672, "thumbs": ["thumbs/delhi-b141-2019.jpg", "thumbs/delhi-b141-2025.jpg"], "dry_in": [2019, 2020, 2021], "district": "Outer North Delhi"}, "geometry": {"type": "MultiPolygon", "coordinates": [[[[77.04707801526607, 28.716467489060918], [77.04707274329347, 28.716196872099594], [77.04697041785093, 28.716198421230843], [77.04697568956045, 28.716469038209436], [77.04707801526607, 28.716467489060918]]], [[[77.04687336384677, 28.716470587280643], [77.04687512101172, 28.716560792943323], [77.0465681435592, 28.716565439710227], [77.04657165738712, 28.716745851066257], [77.04636700536102, 28.71674894854725], [77.04637051887042, 28.716929359921103], [77.0464728450629, 28.716927811207754], [77.04647108821646, 28.71683760552724], [77.04688039255494, 28.716831409923586], [77.04687687818473, 28.71665099860472], [77.04697920407379, 28.716649449522], [77.04697568956045, 28.716469038209436], [77.04687336384677, 28.716470587280643]]]]}}, {"type": "Feature", "properties": {"id": "delhi-b163", "status": "came_back", "area_ha": 0.17, "water_left": 1.0, "lat": 28.67028, "lon": 77.23471, "thumbs": ["thumbs/delhi-b163-2019.jpg", "thumbs/delhi-b163-2025.jpg"], "dry_in": [2019, 2020, 2021], "district": "Old Delhi"}, "geometry": {"type": "MultiPolygon", "coordinates": [[[[77.23492889727956, 28.66991353293845], [77.23492698245575, 28.669823337765674], [77.23482471468473, 28.669825026504267], [77.23482662942111, 28.669915221683336], [77.23492889727956, 28.66991353293845]]], [[[77.23472436155386, 28.669916910351066], [77.23472627621157, 28.6700071055351], [77.2346240082481, 28.670008794131967], [77.23462975201167, 28.670279379695], [77.23452748377707, 28.67028106823358], [77.23452939829507, 28.670371263424894], [77.23442712996422, 28.670372951892613], [77.23443095885169, 28.670553342283867], [77.23463549585436, 28.670549965246153], [77.23463741048617, 28.670640160427233], [77.23473967906178, 28.670638471786372], [77.23473202023747, 28.670277691079278], [77.23483428845451, 28.670276002386398], [77.23482662942111, 28.669915221683336], [77.23472436155386, 28.669916910351066]]]]}}, {"type": "Feature", "properties": {"id": "delhi-b145", "status": "came_back", "area_ha": 0.16, "water_left": 1.0, "lat": 28.71423, "lon": 77.04002, "thumbs": ["thumbs/delhi-b145-2019.jpg", "thumbs/delhi-b145-2025.jpg"], "dry_in": [2019, 2020, 2021], "district": "North West Delhi"}, "geometry": {"type": "MultiPolygon", "coordinates": [[[[77.04027546120659, 28.714043797602013], [77.04027370988722, 28.713953591533524], [77.04017138619312, 28.71395513541177], [77.04017313742482, 28.714045341485996], [77.04027546120659, 28.714043797602013]]], [[[77.040070813635, 28.714046885292657], [77.04007431594714, 28.71422729744869], [77.03997199197391, 28.71422884118951], [77.03997024090151, 28.714138635106405], [77.03986791700794, 28.71414017876416], [77.03986616603125, 28.714049972674008], [77.03976384221731, 28.714051516248706], [77.03976734400335, 28.71423192843918], [77.03966502000601, 28.714233471948027], [77.03966852164884, 28.714413884144772], [77.04007781829144, 28.71440770959952], [77.04007606711527, 28.71431750352476], [77.04028071521297, 28.71431441579967], [77.04027896386947, 28.714224209735082], [77.04017663991232, 28.71422575363055], [77.04017313742482, 28.714045341485996], [77.040070813635, 28.714046885292657]]]]}}, {"type": "Feature", "properties": {"id": "delhi-b136", "status": "came_back", "area_ha": 0.15, "water_left": 1.0, "lat": 28.7178, "lon": 77.05145, "thumbs": ["thumbs/delhi-b136-2019.jpg", "thumbs/delhi-b136-2025.jpg"], "dry_in": [2019, 2020, 2021], "district": "Outer North Delhi"}, "geometry": {"type": "Polygon", "coordinates": [[[77.05130506032674, 28.718027604657], [77.0513032992536, 28.717937399264397], [77.05120097238819, 28.717938951681543], [77.05119745044156, 28.717758540880897], [77.05109512374347, 28.717760093209154], [77.05109336286998, 28.717669887801105], [77.0514003426769, 28.717665230601632], [77.0513985815484, 28.717575025209598], [77.0516032345372, 28.717571920034832], [77.05160675715308, 28.717752330794504], [77.05170908381075, 28.71775077807958], [77.05171084521851, 28.71784098345169], [77.05140386495816, 28.717845641381793], [77.05140738727175, 28.71802605215675], [77.05130506032674, 28.718027604657]]]}}, {"type": "Feature", "properties": {"id": "delhi-b258", "status": "came_back", "area_ha": 0.13, "water_left": 1.0, "lat": 28.51009, "lon": 76.921, "thumbs": ["thumbs/delhi-b258-2019.jpg", "thumbs/delhi-b258-2025.jpg"], "dry_in": [2019, 2020, 2021], "district": "South West Delhi"}, "geometry": {"type": "MultiPolygon", "coordinates": [[[[76.92079174448847, 28.50987251366546], [76.92068961099544, 28.509873957747264], [76.92069124581249, 28.50996417306791], [76.92079337939234, 28.509962728980707], [76.92079174448847, 28.50987251366546]]], [[[76.92079664922265, 28.510143159607352], [76.92089878296856, 28.510141715432667], [76.92090041798181, 28.510231930738662], [76.92100255180702, 28.5102304864819], [76.92100091670697, 28.51014027118129], [76.92120518416121, 28.51013738244846], [76.9212035488951, 28.51004716715736], [76.92130568252412, 28.5100457226813], [76.92130404717872, 28.50995550739432], [76.92120191363648, 28.509956951864982], [76.92120027838541, 28.50986673657131], [76.92099601145199, 28.509869625271776], [76.92099764652946, 28.509959840576233], [76.92079337939234, 28.509962728980707], [76.92079664922265, 28.510143159607352]]]]}}, {"type": "Feature", "properties": {"id": "delhi-b245", "status": "came_back", "area_ha": 0.12, "water_left": 1.0, "lat": 28.51929, "lon": 77.32057, "thumbs": ["thumbs/delhi-b245-2019.jpg", "thumbs/delhi-b245-2025.jpg"], "dry_in": [2019, 2020, 2021], "district": "South East Delhi"}, "geometry": {"type": "Polygon", "coordinates": [[[77.32031768236682, 28.519515502519358], [77.32031373121677, 28.519335118908586], [77.32041584734345, 28.519333373995487], [77.3204138716953, 28.51924318219464], [77.32051598772614, 28.519241437211402], [77.32051401200032, 28.51915124541574], [77.32061612793531, 28.519149500362374], [77.32061810374789, 28.51923969215152], [77.32072021976055, 28.51923794701498], [77.32072614751304, 28.51950852235491], [77.32031768236682, 28.519515502519358]]]}}, {"type": "Feature", "properties": {"id": "delhi-b246", "status": "came_back", "area_ha": 0.12, "water_left": 1.0, "lat": 28.51873, "lon": 77.32122, "thumbs": ["thumbs/delhi-b246-2019.jpg", "thumbs/delhi-b246-2025.jpg"], "dry_in": [2019, 2020, 2021], "district": "South East Delhi"}, "geometry": {"type": "Polygon", "coordinates": [[[77.32101866316022, 28.51887194408522], [77.32101075872183, 28.51851117700382], [77.32121498927734, 28.518507686145167], [77.32121696554681, 28.518597877904465], [77.32131908089768, 28.518596132353643], [77.32132105726299, 28.518686324105104], [77.32142317269152, 28.518684578471113], [77.32142514915267, 28.51877477021473], [77.32132303363738, 28.518776515855244], [77.32132501002087, 28.518866707604047], [77.32101866316022, 28.51887194408522]]]}}, {"type": "Feature", "properties": {"id": "delhi-b256", "status": "came_back", "area_ha": 0.12, "water_left": 1.0, "lat": 28.51078, "lon": 76.92043, "thumbs": ["thumbs/delhi-b256-2019.jpg", "thumbs/delhi-b256-2025.jpg"], "dry_in": [2019, 2020, 2021], "district": "South West Delhi"}, "geometry": {"type": "Polygon", "coordinates": [[[76.92040446029436, 28.511051088811108], [76.92040282564746, 28.510960873489694], [76.92030069108267, 28.510962317329465], [76.92029905653011, 28.51087210200137], [76.92019692204462, 28.51087354575905], [76.92019528758637, 28.51078333042427], [76.92029742198505, 28.510781886671985], [76.92029578744751, 28.510691671341323], [76.92039792175187, 28.510690227517742], [76.92039628713505, 28.51060001219119], [76.92049842134507, 28.5105985682963], [76.92049678664897, 28.51050835297386], [76.92059892076468, 28.510506909007677], [76.92060382513596, 28.510777554954963], [76.92050169075985, 28.510778998937337], [76.92050659493842, 28.51104964488925], [76.92040446029436, 28.511051088811108]]]}}, {"type": "Feature", "properties": {"id": "delhi-b156", "status": "came_back", "area_ha": 0.11, "water_left": 1.0, "lat": 28.70208, "lon": 77.23229, "thumbs": ["thumbs/delhi-b156-2019.jpg", "thumbs/delhi-b156-2025.jpg"], "dry_in": [2019, 2020, 2021], "district": "North East Delhi"}, "geometry": {"type": "MultiPolygon", "coordinates": [[[[77.23221994113364, 28.701357132922865], [77.23211764253058, 28.70135882130652], [77.23212721720037, 28.70180979592239], [77.23222951624136, 28.70180810750733], [77.23221994113364, 28.701357132922865]]], [[[77.23224100666069, 28.702349276965116], [77.2323433062184, 28.702347588435135], [77.23233181527354, 28.701806419015032], [77.23222951624136, 28.70180810750733], [77.23224100666069, 28.702349276965116]]]]}}, {"type": "Feature", "properties": {"id": "delhi-b253", "status": "came_back", "area_ha": 0.11, "water_left": 1.0, "lat": 28.51346, "lon": 76.90313, "thumbs": ["thumbs/delhi-b253-2019.jpg", "thumbs/delhi-b253-2025.jpg"], "dry_in": [2019, 2020, 2021], "district": "South West Delhi"}, "geometry": {"type": "Polygon", "coordinates": [[[76.90318733991869, 28.513729847544813], [76.90318571974127, 28.51363963135042], [76.90308358156732, 28.513641062372617], [76.90308196148416, 28.51355084617159], [76.90297982338957, 28.513552277111735], [76.90297496344533, 28.513281628484936], [76.90317923910615, 28.51327876656004], [76.90318085925375, 28.513368982759562], [76.90328299715979, 28.513367551676698], [76.90328947817203, 28.51372841644056], [76.90318733991869, 28.513729847544813]]]}}, {"type": "Feature", "properties": {"id": "delhi-b162", "status": "came_back", "area_ha": 0.1, "water_left": 1.0, "lat": 28.67151, "lon": 77.23384, "thumbs": ["thumbs/delhi-b162-2019.jpg", "thumbs/delhi-b162-2025.jpg"], "dry_in": [2019, 2020, 2021], "district": "Old Delhi"}, "geometry": {"type": "Polygon", "coordinates": [[[77.23363769002049, 28.6717393854167], [77.23363386230366, 28.671558994959213], [77.23373613184164, 28.671557307027026], [77.23373230398506, 28.67137691657683], [77.23383457333934, 28.671375228580054], [77.23383265933678, 28.67128503335926], [77.23403719784409, 28.671281657146825], [77.23404102620778, 28.67146204756196], [77.23393875678363, 28.671463735719325], [77.2339406708912, 28.6715539309312], [77.23383840137082, 28.67155561901769], [77.23384031539973, 28.67164581423453], [77.2337380457831, 28.671647502250153], [77.23373995973334, 28.671737697471954], [77.23363769002049, 28.6717393854167]]]}}, {"type": "Feature", "properties": {"id": "delhi-b122", "status": "came_back", "area_ha": 0.08, "water_left": 1.0, "lat": 28.72125, "lon": 77.23244, "thumbs": ["thumbs/delhi-b122-2019.jpg", "thumbs/delhi-b122-2025.jpg"], "dry_in": [2019, 2020, 2021], "district": "North Delhi"}, "geometry": {"type": "Polygon", "coordinates": [[[77.2324425683581, 28.721473946788873], [77.23244065157729, 28.721383752149904], [77.23223601542043, 28.72138713131931], [77.23223409882378, 28.721296936666455], [77.23233641681895, 28.72129524712669], [77.23233450014342, 28.721205052478798], [77.23243681804212, 28.721203362868], [77.23243490128772, 28.72111316822507], [77.23263953688337, 28.72110978878411], [77.23264145381312, 28.721199983414483], [77.23253913593202, 28.7212016731799], [77.232544886511, 28.72147225708192], [77.2324425683581, 28.721473946788873]]]}}, {"type": "Feature", "properties": {"id": "delhi-774", "status": "alive", "area_ha": 18.02, "water_left": 1.0, "baseline_years_with_water": 3, "recent_years_seen": [2024, 2025], "lat": 28.71475, "lon": 77.04157, "district": "Outer North Delhi"}, "geometry": {"type": "Polygon", "coordinates": [[[77.03890243543171, 28.717132413227546], [77.03889718436098, 28.716861794909875], [77.03899951096561, 28.716860251853223], [77.03899776053707, 28.71677004575047], [77.039100087046, 28.716768502622223], [77.03909833653779, 28.716678296523895], [77.03920066295098, 28.716676753324066], [77.0391901595443, 28.716135516741243], [77.03908783365728, 28.71613705990665], [77.0390860832053, 28.71604685379922], [77.03898375739796, 28.716048396881565], [77.03898200704172, 28.715958190767093], [77.03867502983451, 28.71596281953293], [77.0386715296723, 28.71578240726566], [77.03877385524068, 28.715780864432517], [77.03877210508394, 28.715690658302677], [77.03866977960325, 28.715692201130082], [77.03866277940733, 28.715331376574717], [77.03886742965916, 28.715328290888483], [77.03886917987147, 28.7154184970178], [77.03897150507302, 28.71541695405295], [77.03896800448105, 28.715236541804487], [77.0391726545093, 28.71523345566576], [77.03916915359872, 28.71505304343505], [77.0392714784254, 28.71505150026117], [77.03926447634991, 28.71469067580708], [77.03936680081782, 28.71468913257884], [77.03936329965289, 28.71450872035546], [77.03977259674268, 28.714502546715135], [77.03977084582154, 28.714412340624445], [77.04007781829144, 28.71440770959952], [77.04007606711527, 28.71431750352476], [77.04017839116814, 28.714315959700873], [77.04018014243199, 28.714406165769894], [77.0402824665645, 28.714404621862947], [77.04028071521297, 28.71431441579967], [77.04038303924976, 28.714312871821136], [77.04037603357328, 28.713952047577962], [77.04027370988722, 28.713953591533524], [77.04027195857587, 28.713863385463732], [77.04016963496946, 28.71386492933624], [77.04016613254625, 28.713684517181278], [77.0406777496211, 28.71367679710297], [77.04067599798314, 28.71358659105224], [77.04098296786853, 28.713581958094625], [77.04097946409065, 28.713401546023732], [77.04118411028999, 28.713398457021686], [77.04118235823775, 28.713308250995773], [77.04128468123767, 28.713306706384518], [77.0412759206587, 28.71285567626414], [77.04117359809719, 28.712857220846676], [77.04116834210936, 28.712586602741606], [77.04127066440785, 28.712585058176302], [77.04126716028081, 28.712404646111228], [77.04147180450296, 28.712401556771642], [77.04147355673781, 28.712491762793338], [77.04208748973728, 28.71248249288448], [77.04208573697638, 28.71239228689726], [77.04218805902711, 28.712390741647585], [77.0421898118757, 28.71248094762906], [77.0423944561284, 28.71247785688627], [77.04239620916039, 28.712568062854952], [77.04280549791994, 28.712561880418566], [77.04280725131069, 28.712652086362954], [77.04290957356812, 28.71265054055481], [77.04292184814237, 28.713281982088848], [77.04302417100551, 28.713280436163146], [77.0430206637687, 28.713100024314286], [77.04312298644844, 28.713098478322767], [77.0431247401505, 28.7131886842421], [77.04322706290986, 28.71318713816751], [77.04322881670765, 28.713277344079785], [77.04343346237759, 28.713274251687146], [77.0434352163588, 28.713364457586632], [77.04353753926938, 28.713362911268586], [77.04354104743129, 28.71354332305213], [77.04364337050917, 28.71354177664526], [77.0436451246899, 28.71363198252934], [77.04374744784741, 28.713630436039395], [77.04374920212385, 28.713720641916414], [77.04395384859008, 28.713717548693065], [77.04395560304995, 28.713807754557276], [77.04405792635866, 28.713806207823875], [77.04406845381307, 28.71434744294732], [77.04396612997826, 28.714348989715234], [77.04397139355112, 28.714619607276646], [77.0438690694452, 28.714621153984492], [77.04387257835866, 28.714801565697083], [77.04377025406932, 28.714803112339116], [77.0437807804769, 28.715344347480173], [77.04388310529237, 28.715342800803633], [77.04388661433468, 28.7155232124954], [77.04409126429223, 28.715520118887337], [77.04409301900085, 28.715610324719762], [77.04419534405523, 28.715608777793985], [77.04419885367203, 28.715789189443427], [77.04409652844225, 28.71579073638071], [77.04409828317503, 28.715880942209232], [77.04399595784952, 28.715882489074932], [77.04399771250267, 28.7159726949079], [77.04379306165211, 28.715975788418827], [77.0437965706318, 28.71615620010387], [77.04369424501905, 28.716157746754842], [77.04369950828591, 28.716428364289893], [77.0434948565101, 28.716431457394357], [77.04349661077309, 28.716521663248272], [77.0430873067741, 28.71652784855224], [77.04308906069437, 28.71661805442785], [77.04104253701392, 28.716648962503324], [77.04104954575986, 28.717009786452493], [77.04094721914059, 28.71701133106726], [77.0409489712595, 28.71710153705704], [77.03890243543171, 28.717132413227546]]]}}, {"type": "Feature", "properties": {"id": "delhi-1708", "status": "alive", "area_ha": 12.37, "water_left": 0.97, "baseline_years_with_water": 3, "recent_years_seen": [2024, 2025], "lat": 28.61512, "lon": 77.30585, "district": "East Delhi"}, "geometry": {"type": "Polygon", "coordinates": [[[77.30700501992173, 28.616373820407514], [77.30700304775785, 28.616283629039586], [77.30679862627356, 28.61628710937633], [77.3067966542931, 28.61619691799412], [77.30638781156453, 28.616203877718124], [77.3063858399419, 28.616113686308644], [77.30607920806192, 28.61611890527409], [77.3060772367099, 28.616028713843836], [77.30577060500998, 28.616033932097167], [77.30576863392855, 28.615943740646152], [77.30535979188397, 28.61595069721386], [77.30535782116034, 28.615860505735604], [77.3050511897934, 28.615865722333833], [77.30504921934038, 28.615775530834803], [77.3048447985582, 28.61577900816919], [77.3048428282886, 28.615688816655883], [77.3047406179711, 28.61569055520116], [77.30473864779775, 28.615600363680034], [77.3046364375584, 28.61560210214187], [77.30463446748128, 28.61551191061295], [77.30453225732005, 28.615513648991346], [77.30453028733916, 28.615423457454625], [77.30442807725608, 28.61542519574958], [77.30442610737141, 28.615335004205054], [77.30432389736646, 28.61533674241657], [77.30432192757803, 28.615246550864246], [77.30421971765122, 28.61524828899233], [77.30421774795903, 28.6151580974322], [77.30380890850999, 28.61516504914901], [77.30380693917559, 28.61507485756165], [77.30329589009665, 28.61508354544368], [77.30329392120719, 28.614993353822626], [77.30247624290801, 28.615007250380163], [77.30247427472506, 28.614917058705995], [77.30155438673141, 28.614932686387554], [77.30155241934214, 28.614842494653825], [77.30114358034757, 28.61484943826324], [77.30114161331605, 28.614759246502317], [77.30042614533794, 28.614771394810568], [77.30042417892571, 28.614681203003048], [77.2997087111152, 28.614693347495027], [77.2997067453223, 28.61460315564093], [77.29940011638672, 28.614608359249416], [77.29939815086438, 28.614518167374605], [77.29888710289373, 28.614526838483922], [77.29888513781633, 28.614436646575474], [77.29868071873922, 28.614440114467563], [77.29867875384521, 28.61434992254487], [77.29775886833612, 28.61436552419167], [77.29775690423574, 28.614275332209505], [77.29837016079996, 28.614264931843017], [77.29836819618554, 28.614174739898285], [77.29857261479371, 28.61417127250672], [77.29857065001396, 28.614081080573584], [77.29928611424796, 28.614068942324128], [77.29928807963798, 28.614159134212027], [77.29969691649322, 28.614152196350556], [77.29969495075449, 28.614062004488513], [77.29989936895356, 28.61405853510896], [77.29989740304951, 28.61396834325852], [77.3001018210381, 28.613964873584067], [77.30010378711651, 28.614055065421585], [77.3006148323658, 28.61404638985637], [77.3006128658515, 28.613956198051184], [77.30143053708314, 28.613942313196816], [77.30142856988046, 28.61385212144205], [77.30234844854006, 28.61383649515192], [77.30235041652735, 28.613926686848455], [77.30296366908331, 28.613916265819835], [77.3029656376027, 28.614006457476208], [77.30357889035616, 28.613996033638312], [77.30358085940765, 28.614086225254518], [77.3038874859238, 28.614081012277225], [77.30388945524587, 28.614171203872683], [77.30409387305241, 28.61416772815675], [77.3040958425579, 28.61425791973793], [77.3044024694614, 28.614252705567434], [77.30440443923746, 28.614342897127855], [77.30471106632106, 28.6143376822453], [77.30470909628345, 28.61424749070431], [77.30491351411956, 28.614244013744116], [77.30491154391667, 28.61415382221476], [77.30501375273397, 28.614152083625704], [77.30501178245295, 28.614061892101503], [77.30521619988605, 28.61405841470548], [77.30521422943971, 28.613968223192902], [77.30541864666223, 28.61396474550202], [77.3054166760506, 28.613874554001082], [77.30551888456112, 28.613872815046687], [77.30552085525993, 28.61396300654114], [77.30603189811255, 28.613954310582407], [77.30602992697786, 28.613864119120358], [77.30633655231924, 28.613858900641098], [77.30633852371547, 28.613949092083697], [77.30695177467673, 28.61393865300847], [77.30695571854247, 28.614119035811896], [77.30705792717866, 28.61411729568371], [77.30706187125499, 28.61429767846887], [77.30716408005648, 28.614295938250756], [77.30716605219541, 28.614386129634862], [77.30726826107501, 28.61438438933331], [77.30727023331018, 28.614474580709604], [77.30737244226792, 28.61447284032461], [77.30737441459932, 28.614563031693095], [77.30747662363515, 28.614561291224653], [77.30747859606281, 28.614651482585323], [77.30758080517677, 28.614649742033443], [77.30758277770065, 28.614739933386314], [77.30768498689274, 28.61473819275098], [77.30768893214206, 28.614918575439763], [77.30779114149944, 28.614916834714503], [77.30779311422486, 28.61500702605042], [77.30789532366036, 28.61500528524171], [77.3078992693128, 28.615185667896597], [77.30800147891358, 28.615183926997954], [77.30800345184056, 28.615274118316915], [77.3079012421526, 28.61527585922204], [77.30790321500147, 28.61536605054617], [77.30800542477662, 28.615364309634558], [77.30800937067592, 28.61554469226586], [77.3079071607264, 28.615546433190445], [77.30791110648758, 28.61572681582943], [77.30780889635463, 28.615728556690026], [77.3078128419777, 28.615908939336677], [77.30771063166132, 28.615910680133293], [77.30771260439927, 28.61600087146111], [77.30761039398664, 28.61600261218725], [77.30761433931534, 28.616182994851894], [77.30751212871927, 28.61618473551404], [77.30751410131003, 28.61627492685086], [77.30741189061771, 28.61627666744253], [77.30741386313035, 28.616366858784524], [77.30700501992173, 28.616373820407514]]]}}, {"type": "Feature", "properties": {"id": "delhi-1349", "status": "alive", "area_ha": 7.61, "water_left": 0.98, "baseline_years_with_water": 3, "recent_years_seen": [2024, 2025], "lat": 28.65325, "lon": 77.00693, "district": "West Delhi"}, "geometry": {"type": "Polygon", "coordinates": [[[77.00618955572676, 28.654909225495373], [77.00618783786464, 28.654819016735452], [77.0060855694801, 28.654820531982992], [77.0060821339544, 28.65464011444797], [77.00597986573682, 28.654641629607095], [77.00597814807323, 28.654551420832], [77.00587587993518, 28.65455293590833], [77.0058741623669, 28.654462727126297], [77.005669626242, 28.654465757036256], [77.00566790885647, 28.654375548241653], [77.00525883686171, 28.65438160711336], [77.00525711983376, 28.65429139829489], [77.00515485190279, 28.65429291281433], [77.00514111666247, 28.65357124217477], [77.00534565111776, 28.653568213148986], [77.00534393407337, 28.65347800432449], [77.00544620120176, 28.65347648970153], [77.00544448407783, 28.653386280881385], [77.00554675111093, 28.653384766186928], [77.00554159952418, 28.653114139735607], [77.00564386628713, 28.653112624980942], [77.0056421490199, 28.653022416166888], [77.00605121564311, 28.653016356399455], [77.0060494980341, 28.652926147606664], [77.00635629765642, 28.652921601988115], [77.00635457979304, 28.652831393210956], [77.0064568462306, 28.652829877856146], [77.00644825659498, 28.65237883397912], [77.00655052258757, 28.65237731857539], [77.00654880459672, 28.652287109801744], [77.006651070494, 28.652285594326536], [77.00664935242361, 28.652195385557228], [77.00695614980587, 28.652190838685726], [77.00695443148113, 28.65210062993206], [77.00715896285502, 28.652097598310032], [77.00715724436334, 28.652007389566357], [77.00746404110272, 28.65200284157177], [77.00746232235669, 28.651912632843732], [77.0079736496607, 28.651905051338364], [77.0079719304855, 28.65181484263726], [77.008176461177, 28.651811809506498], [77.00817818052703, 28.651902018196303], [77.00828044594836, 28.65190050150958], [77.0082907627389, 28.652441753587276], [77.00818849679308, 28.652443270307884], [77.0081902161984, 28.652533478988612], [77.00829248223162, 28.652531962262348], [77.00829420173226, 28.652622170936137], [77.0081919356116, 28.65262368766804], [77.00819881334343, 28.65298452237279], [77.00830107981375, 28.652983005618285], [77.00832859340343, 28.654426344139445], [77.00822632553438, 28.654427860984324], [77.0082297647004, 28.654608278287423], [77.0081274966486, 28.654609795066463], [77.00812921615604, 28.654700003721707], [77.0080269480089, 28.654701520429256], [77.00802866743682, 28.65479172908886], [77.007824130944, 28.654794762283824], [77.00782585020494, 28.65488497095343], [77.00618955572676, 28.654909225495373]]]}}, {"type": "Feature", "properties": {"id": "delhi-2704", "status": "alive", "area_ha": 6.51, "water_left": 0.57, "baseline_years_with_water": 3, "recent_years_seen": [2024, 2025], "lat": 28.51802, "lon": 76.91588, "district": "South West Delhi"}, "geometry": {"type": "Polygon", "coordinates": [[[76.91718416891054, 28.519398515646312], [76.91718253643754, 28.519308300265173], [76.91687610801299, 28.51931262544776], [76.91687284361055, 28.519132194649313], [76.91697498625255, 28.519130753009282], [76.91697172170646, 28.51895032221646], [76.91686957923815, 28.51895176384573], [76.91686631489577, 28.51877133303701], [76.91645774564216, 28.51877709874377], [76.91645937746223, 28.518867314170315], [76.91605080774114, 28.518873078671067], [76.91604917626846, 28.518782863222988], [76.91574274915936, 28.518787185776823], [76.91575090529523, 28.519238263085093], [76.91544447681596, 28.519242585029154], [76.9154428458343, 28.519152369553932], [76.91534070307972, 28.51915381004313], [76.91532602536407, 28.518341870659846], [76.91471317336851, 28.51835051169332], [76.91471154306976, 28.518260296167586], [76.91450725918492, 28.51826317588755], [76.91450562906735, 28.518172960349784], [76.91419920344437, 28.5181772793382], [76.91420083330141, 28.518267494892104], [76.91409869132526, 28.518268934406848], [76.91409706155504, 28.518178718847572], [76.91399491965824, 28.518180158280213], [76.91397536404256, 28.517097571404122], [76.91458820905872, 28.51708893404465], [76.91459309942448, 28.517359580684204], [76.91469524049477, 28.517358140839647], [76.91469198006976, 28.517177709758656], [76.91479412095887, 28.517176269848143], [76.91479575125447, 28.5172664853839], [76.91489789222292, 28.517265045391287], [76.91489952261286, 28.51735526092039], [76.91500166366063, 28.517353820845678], [76.91500492463666, 28.51753425188926], [76.91510706585062, 28.51753281172708], [76.91510869643673, 28.51762302724156], [76.91521083773003, 28.51762158699728], [76.9152092070571, 28.517531371488175], [76.91541348944752, 28.51752849078022], [76.9154085969527, 28.517257844277484], [76.91551073787615, 28.517256403824568], [76.91551236878709, 28.517346619321383], [76.91561450978988, 28.51734517878637], [76.91561124780183, 28.517164747802227], [76.91571338862344, 28.517163307201262], [76.91571175755384, 28.51707309171264], [76.9165288831619, 28.517061564186196], [76.91653377847726, 28.51733221051901], [76.91663591940501, 28.51733076921683], [76.91663102382914, 28.51706012290017], [76.91673316448887, 28.517058681537424], [76.91672990063549, 28.516878250663996], [76.91693418158509, 28.5168753677299], [76.91693581368169, 28.51696558315649], [76.91703795423206, 28.516964141568984], [76.91703958642302, 28.517054356988897], [76.91714172705271, 28.51705291531929], [76.91714009477494, 28.51696269990476], [76.91734437583813, 28.516959816346176], [76.91734274339419, 28.516869600941128], [76.91754702425368, 28.516866717086447], [76.91754865687129, 28.516956932480717], [76.91765079737661, 28.516955490432917], [76.91765243008855, 28.51704570582051], [76.91775457067318, 28.517044263690615], [76.9177594691146, 28.51731490982954], [76.91765732826946, 28.5173163519756], [76.91766712483405, 28.51785764425111], [76.91776926620022, 28.517856202072714], [76.91778396233566, 28.518668140350787], [76.91768182018795, 28.518669582577665], [76.91768835165163, 28.519030444022743], [76.91779049414671, 28.519029001774317], [76.91779212711826, 28.51911921712699], [76.91768998453634, 28.519120659380803], [76.91769325032827, 28.519301090093062], [76.91759110756514, 28.519302532280932], [76.91759274038552, 28.519392747640527], [76.91718416891054, 28.519398515646312]], [[76.91697008944467, 28.518860106818135], [76.91727651654406, 28.518855781486163], [76.91727161902219, 28.518585135331936], [76.91716947692377, 28.518586577169824], [76.91716784451835, 28.51849636177712], [76.91706570249924, 28.518497803532902], [76.91707059947754, 28.5187684497233], [76.91696845719042, 28.518769891418515], [76.91697008944467, 28.518860106818135]], [[76.91645448202456, 28.518596667886843], [76.91665876631902, 28.518593785208438], [76.91665387042787, 28.518323138945714], [76.9165517285449, 28.518324580307123], [76.91655499229115, 28.51850501116099], [76.91645285022702, 28.518506452456446], [76.91645448202456, 28.518596667886843]], [[76.91654356931066, 28.51787350314997], [76.91664571075941, 28.51787206181549], [76.91664407884824, 28.517781846385585], [76.91654193748633, 28.51778328771469], [76.91654356931066, 28.51787350314997]], [[76.9165403056695, 28.51769307227812], [76.91664244694459, 28.517691630954406], [76.91663755127864, 28.517420984653153], [76.91653541026406, 28.517422425960717], [76.9165403056695, 28.51769307227812]]]}}, {"type": "Feature", "properties": {"id": "delhi-560", "status": "alive", "area_ha": 4.4, "water_left": 1.0, "baseline_years_with_water": 3, "recent_years_seen": [2024, 2025], "lat": 28.73909, "lon": 77.0361, "district": "Outer North Delhi"}, "geometry": {"type": "Polygon", "coordinates": [[[77.03606861196945, 28.73991369386152], [77.03606686238861, 28.73982348790145], [77.0359645132309, 28.739825029861436], [77.03596276374586, 28.739734823894338], [77.03586041466792, 28.739736365771172], [77.03585866527872, 28.739646159797047], [77.03575631628057, 28.739647701590748], [77.0357545669872, 28.73955749560959], [77.03544752020792, 28.739562120509085], [77.03544926923792, 28.73965232650744], [77.03524457116934, 28.739655409398203], [77.0352410734686, 28.73947499737728], [77.03513872459789, 28.739476538695104], [77.0351317296439, 28.739115714614726], [77.03502938111635, 28.73911725583223], [77.0350258838631, 28.73893684377277], [77.0348211871351, 28.738939925952653], [77.03481943869609, 28.738849719909517], [77.03430769717465, 28.73885742397603], [77.03430944517469, 28.738947630047804], [77.03410474833436, 28.73895071114403], [77.03410824400729, 28.739131123306567], [77.0340058953995, 28.73913266375003], [77.0340093909289, 28.739313075918805], [77.03390704213751, 28.739314616296312], [77.03390878982644, 28.739404822384476], [77.03380644093923, 28.739406362690303], [77.03380818854838, 28.739496568782886], [77.03329644355303, 28.739504269179577], [77.03329469638287, 28.739414063058376], [77.03319234744754, 28.739415602899776], [77.03319060037319, 28.739325396771548], [77.03308825151765, 28.73932693652982], [77.0330847575686, 28.73914652425802], [77.03298240888064, 28.73914806392745], [77.03298066200594, 28.739057857783866], [77.03308301060612, 28.739056318120163], [77.03308126365164, 28.738966111981004], [77.03318361215598, 28.73896457224562], [77.03318186512172, 28.73887436611089], [77.03389830381313, 28.738863585835986], [77.03389655617232, 28.738773379740014], [77.03399890443694, 28.738771839396858], [77.03399715671635, 28.738681633305305], [77.03409950488515, 28.73868009289047], [77.0340977570848, 28.738589886803343], [77.03420010515778, 28.738588346316835], [77.03419835727763, 28.73849814023413], [77.03440305322395, 28.738495059040346], [77.03440130517625, 28.738404852967793], [77.03460600091489, 28.73840177147586], [77.03460425269962, 28.738311565413465], [77.03470660046912, 28.738310024557116], [77.03470485217407, 28.73821981849915], [77.03562598094834, 28.73820594736056], [77.03562773003353, 28.738296153366974], [77.03634416368969, 28.73828536032908], [77.03634591339745, 28.738375566294078], [77.03695999960209, 28.73836631206571], [77.03696174984464, 28.738456517995022], [77.03706409760508, 28.73845497534699], [77.03706584794347, 28.73854518126926], [77.03716819578369, 28.738543638538097], [77.03719270259342, 28.73980652123292], [77.03616921153828, 28.739821945864072], [77.03617096120695, 28.739912151818405], [77.03606861196945, 28.73991369386152]]]}}, {"type": "Feature", "properties": {"id": "delhi-2471", "status": "alive", "area_ha": 3.57, "water_left": 1.0, "baseline_years_with_water": 3, "recent_years_seen": [2024, 2025], "lat": 28.54257, "lon": 77.05362, "district": "South West Delhi"}, "geometry": {"type": "Polygon", "coordinates": [[[77.05344474530607, 28.54420626171431], [77.05344124480689, 28.54402584654317], [77.05333908662601, 28.544027392000892], [77.05333558633288, 28.543846976813025], [77.05323342831778, 28.543848522182437], [77.05322467816042, 28.54339748416122], [77.05312252057189, 28.543399029425007], [77.05312077065147, 28.543308821811102], [77.05301861314183, 28.54331036699234], [77.05301686331639, 28.54322015937137], [77.05291470588561, 28.543221704470067], [77.05289370965095, 28.54213921284801], [77.0529958660387, 28.542137667818537], [77.05297836919235, 28.54123559138178], [77.05287621367376, 28.541237136353587], [77.05287096503749, 28.54096651337996], [77.05297312029533, 28.540964968425463], [77.05297137067909, 28.54087476077076], [77.053073525842, 28.54087321574526], [77.05307527554515, 28.5409634233942], [77.05327958602065, 28.540960333101363], [77.05328133590567, 28.541050540737455], [77.05338349121827, 28.541048995470113], [77.05338699118627, 28.541229410726885], [77.05348914666465, 28.541227865371237], [77.05349264683868, 28.54140828061127], [77.05359480248282, 28.541406735167314], [77.05359830286287, 28.541587150390622], [77.0537004586728, 28.54158560485835], [77.05370395925887, 28.541766020064934], [77.05380611523456, 28.541764474444353], [77.05380786562658, 28.541854682039926], [77.05391002168116, 28.5418531363368], [77.05391527316628, 28.54212375909843], [77.05401742947355, 28.54212221330122], [77.0540191800716, 28.542212420880062], [77.05412133645773, 28.542210875000308], [77.05412483785182, 28.542391290142554], [77.05422699440373, 28.54238974417449], [77.05422874519978, 28.542479951737896], [77.05433090183055, 28.542478405687277], [77.05433440362063, 28.54265882079866], [77.0544365604172, 28.54265727465972], [77.05443831141122, 28.54274748220769], [77.05454046828666, 28.542745935986215], [77.05454747269097, 28.543106766142035], [77.05444531546787, 28.543108312386604], [77.05444706650216, 28.54319851992809], [77.05373196510648, 28.543209341530762], [77.05373021468063, 28.543119133948874], [77.05352590009754, 28.543122225132823], [77.0535294006096, 28.543302640318377], [77.05373371554037, 28.543299549111346], [77.05374071735643, 28.543660379420707], [77.05384287515744, 28.543658833678947], [77.0538446257185, 28.543749041247274], [77.05466188853207, 28.54373667250301], [77.05466363979657, 28.543826880023865], [77.05476579769896, 28.543825333579562], [77.05476754905844, 28.543915541093345], [77.05486970703969, 28.543913994566484], [77.05487496142723, 28.54418461708274], [77.05344474530607, 28.54420626171431]]]}}, {"type": "Feature", "properties": {"id": "delhi-2307", "status": "alive", "area_ha": 3.32, "water_left": 1.0, "baseline_years_with_water": 3, "recent_years_seen": [2024, 2025], "lat": 28.55517, "lon": 77.19208, "district": "South Delhi"}, "geometry": {"type": "Polygon", "coordinates": [[[77.19144001542449, 28.556214480889842], [77.19143814667389, 28.556124281548264], [77.19123382526111, 28.55612758128771], [77.19123008813347, 28.555947182576006], [77.19112792758808, 28.55594883231822], [77.19111671693302, 28.555407636114698], [77.19101455690073, 28.555409285743185], [77.1910108202583, 28.55522888698588], [77.1909086603913, 28.55523053652527], [77.19090492395713, 28.555050137750403], [77.19080276425542, 28.555051787200682], [77.19080089613817, 28.55496158780512], [77.1906987365148, 28.554963237172466], [77.19069686849309, 28.554873037769443], [77.19059470894808, 28.554874687053843], [77.19059284102188, 28.554784487643346], [77.19049068155525, 28.5547861368448], [77.19048881372457, 28.554695937426843], [77.19038665433628, 28.554697586545352], [77.19038105115662, 28.554426988265156], [77.19058536940297, 28.554423689988287], [77.19058350151971, 28.55433349057123], [77.190889978564, 28.55432854259848], [77.19089184670807, 28.554418741997058], [77.19140264204482, 28.554410493809254], [77.19140077346604, 28.554320294441453], [77.19211588596808, 28.55430874379654], [77.19211401678933, 28.554218544470533], [77.1924204931862, 28.554213593060805], [77.19242423207396, 28.554393991674548], [77.19232207310972, 28.554395642233565], [77.19232581185797, 28.55457604085438], [77.19242797099609, 28.554574390283044], [77.19242984047006, 28.55466458958532], [77.19253199968652, 28.55466293893104], [77.19253386925601, 28.554753138225845], [77.19263602855084, 28.554751487488613], [77.19263789821586, 28.55484168677596], [77.19274005758902, 28.55484003595577], [77.19274192734959, 28.554930235235634], [77.1928440868011, 28.554928584332497], [77.1928459566572, 28.5550187836049], [77.19294811618705, 28.55501713261881], [77.19294998613869, 28.555107331883733], [77.19325646493749, 28.555102378446264], [77.19326020538823, 28.5552827769352], [77.19305588584986, 28.555286079328287], [77.19305775591424, 28.555376278583104], [77.19285343616758, 28.555379580681354], [77.19285530606668, 28.555469779947185], [77.19275314609351, 28.55547143088728], [77.19275501591424, 28.55556163015797], [77.19255069576825, 28.55556493182011], [77.1925525654237, 28.555655131101805], [77.19234824506941, 28.555658432469098], [77.19235011455956, 28.55574863176181], [77.19224795428258, 28.555750282336422], [77.19224982369438, 28.555840481633975], [77.19204550294076, 28.55584378256516], [77.19204737218726, 28.55593398187371], [77.1919452117106, 28.555935632230273], [77.19194708087876, 28.556025831543685], [77.19184492030656, 28.556027481829613], [77.19184678939637, 28.556117681147857], [77.19154030736739, 28.556122631563355], [77.19154217620495, 28.55621283089877], [77.19144001542449, 28.556214480889842]]]}}, {"type": "Feature", "properties": {"id": "delhi-502", "status": "alive", "area_ha": 3.22, "water_left": 1.0, "baseline_years_with_water": 3, "recent_years_seen": [2024, 2025], "lat": 28.7443, "lon": 77.21844, "district": "North Delhi"}, "geometry": {"type": "Polygon", "coordinates": [[[77.21943405336037, 28.74523728085927], [77.2194321458696, 28.745147085738093], [77.21892043513736, 28.745155490203437], [77.21891852809425, 28.745065295049717], [77.21881618600933, 28.745066975704365], [77.21881427906276, 28.744976780543073], [77.21860959504224, 28.744980141607726], [77.21860768827996, 28.744889946432625], [77.21850534634436, 28.744891626842623], [77.21850343967861, 28.74480143165995], [77.21819641408268, 28.74480647240687], [77.21819450768902, 28.744716277204166], [77.21809216589398, 28.744717957292114], [77.21809025959686, 28.744627762081844], [77.21768089268042, 28.744634481634783], [77.21767898674314, 28.744544286398227], [77.21747430340801, 28.74454764569788], [77.21747239765506, 28.744457450447516], [77.2172677144605, 28.744460809425146], [77.21726580889184, 28.744370614160978], [77.21706112583789, 28.74437397281656], [77.2170592204535, 28.7442837775386], [77.21685453754014, 28.744287135872163], [77.21685263234008, 28.74419694058039], [77.21675029095806, 28.744198619624857], [77.21674838585452, 28.744108424325532], [77.21664604455152, 28.74411010328636], [77.2166441395445, 28.744019907979492], [77.21643945708787, 28.744023265656516], [77.21643755226515, 28.743933070335835], [77.2163352111115, 28.743934749052034], [77.2163314016678, 28.74375435839424], [77.21622906068096, 28.743756037020578], [77.21622144224953, 28.743395255664225], [77.21652846413052, 28.74339021962792], [77.21653036898857, 28.743480414950273], [77.21683739105423, 28.74347537819879], [77.21684120132325, 28.743655768802107], [77.21704588300773, 28.743652410555896], [77.2170477883309, 28.743742605843106], [77.21715012924781, 28.743740926597685], [77.21715394009593, 28.743921317155646], [77.21735862225464, 28.743917958407685], [77.21736052786736, 28.74400815367221], [77.21756521016665, 28.74400479460222], [77.21756330437836, 28.743914599350173], [77.21827969153594, 28.74390284021121], [77.21828159793866, 28.74399303541956], [77.21848628008053, 28.743989674956605], [77.21848818666756, 28.74407987015115], [77.21889755119741, 28.744073148271625], [77.21889945814429, 28.744163343439872], [77.21951350520325, 28.744153258261502], [77.21951541268554, 28.74424345339096], [77.21982243636022, 28.744238409738305], [77.2198243441146, 28.744328604847695], [77.22023370924273, 28.744321878869087], [77.22023561735698, 28.744412073952162], [77.22044030004407, 28.74440871048603], [77.22044793329081, 28.744769490755157], [77.22034559160053, 28.744771172551914], [77.22034749984633, 28.744861367622132], [77.22014281626392, 28.744864730995975], [77.22014090819368, 28.74477453591325], [77.22003856647713, 28.744776217477835], [77.22004047445958, 28.74486641256681], [77.21973344899406, 28.744871456814984], [77.21973535672193, 28.744961651921376], [77.21963301479481, 28.744963333188903], [77.21963873776758, 28.745233918518906], [77.21943405336037, 28.74523728085927]]]}}, {"type": "Feature", "properties": {"id": "delhi-490", "status": "alive", "area_ha": 3.16, "water_left": 1.0, "baseline_years_with_water": 3, "recent_years_seen": [2024, 2025], "lat": 28.74704, "lon": 77.21179, "district": "North Delhi"}, "geometry": {"type": "Polygon", "coordinates": [[[77.2106005485222, 28.748720481667725], [77.21059864834602, 28.74863028605302], [77.2107009944744, 28.74862861143062], [77.21069339350571, 28.748267828983497], [77.21079573927418, 28.748266154308585], [77.21078813809378, 28.74790537186524], [77.2106857926765, 28.74790704651527], [77.21068009214613, 28.74763645965024], [77.21078243730003, 28.747634785018885], [77.21078053705288, 28.74754458940079], [77.21088288211025, 28.747542914698254], [77.21087908146652, 28.747362523470557], [77.2109814263396, 28.74736084870306], [77.210979525943, 28.747270653093455], [77.21108187071957, 28.74726897825479], [77.21107806977697, 28.747088587044065], [77.21138510352756, 28.74708356210101], [77.21138320280598, 28.74699336651233], [77.21158789175384, 28.74699001617576], [77.21157458571781, 28.746358647105268], [77.21167692956413, 28.746356971864447], [77.21167312774247, 28.746176580702024], [77.2117754714045, 28.746174905396266], [77.21177166944213, 28.745994514241012], [77.21187401291986, 28.7459928388703], [77.21187211186397, 28.745902643296926], [77.21269085866948, 28.7458892375949], [77.21268895692002, 28.745799042070008], [77.21279130014365, 28.745797366015207], [77.21278939831512, 28.745707170495226], [77.21289174144226, 28.745705494369258], [77.2128898395347, 28.745615298854187], [77.2129921825653, 28.745613622657057], [77.21298837860077, 28.74543323163541], [77.21319306428468, 28.74542987903389], [77.21319116213994, 28.745339683533544], [77.21329350488101, 28.74533800712292], [77.21330111386352, 28.745698789091467], [77.2131987707713, 28.74570046552701], [77.21320067295096, 28.745790661022077], [77.21309832976222, 28.745792337386447], [77.21310023186281, 28.74588253288643], [77.21299788857756, 28.74588420917964], [77.21300169262938, 28.746064600188088], [77.21289934915983, 28.746066276416357], [77.21290315307095, 28.746246667431986], [77.2128008094171, 28.74624834359532], [77.2128065150859, 28.746518930127554], [77.21270417115996, 28.746520606232174], [77.2127079748072, 28.74670099725952], [77.21260563069694, 28.746702673299197], [77.21260753244587, 28.746792868817128], [77.2125051882391, 28.746794544785633], [77.21250708990895, 28.746884740308463], [77.21230240129366, 28.74688809202574], [77.21230430279667, 28.74697828755971], [77.21220195838814, 28.746979963308476], [77.21220956413619, 28.747340745456043], [77.21210721936778, 28.747342421152318], [77.21211102211855, 28.74752281223064], [77.21190633220439, 28.747526163415902], [77.21190443100022, 28.74743596786495], [77.21169974122675, 28.747439318728162], [77.21170164225532, 28.747529514291564], [77.21159929726771, 28.747531189613298], [77.21160119821722, 28.747621385181596], [77.2114988531331, 28.747623060432165], [77.21151406034072, 28.7483446249809], [77.2116164061272, 28.748342949680545], [77.21162401029153, 28.748703731898352], [77.21111227951586, 28.748712107750578], [77.2111103789007, 28.748621912166985], [77.21100803280719, 28.748623587099], [77.21100993333457, 28.748713782688814], [77.2106005485222, 28.748720481667725]]]}}, {"type": "Feature", "properties": {"id": "delhi-838", "status": "alive", "area_ha": 2.28, "water_left": 0.81, "baseline_years_with_water": 3, "recent_years_seen": [2024, 2025], "lat": 28.7048, "lon": 77.31861, "district": "North East Delhi"}, "geometry": {"type": "Polygon", "coordinates": [[[77.31837322788154, 28.70550160289852], [77.31837123867446, 28.70541141344283], [77.31755286713472, 28.705425441187746], [77.3175508786374, 28.70533525167857], [77.31744858224145, 28.70533700479256], [77.31744460544938, 28.705156625757184], [77.31754690167017, 28.70515487265623], [77.31753497098748, 28.704613735557306], [77.31743267529217, 28.704615488619144], [77.31743068696456, 28.704525299091483], [77.31732839134769, 28.704527052069555], [77.3173264031168, 28.70443686253405], [77.31753099416628, 28.704433356513697], [77.31752900576934, 28.704343166989897], [77.31763130119282, 28.704341413870374], [77.31762931271746, 28.704251224351765], [77.3179361986704, 28.70424596454932], [77.31793420994141, 28.70415577504894], [77.31824109554948, 28.704150514570873], [77.31824308454118, 28.704240704051685], [77.31834537981317, 28.704238950397997], [77.3183433907339, 28.704148760923704], [77.31844568590921, 28.704147007199293], [77.31844767507606, 28.704237196667066], [77.3185499703298, 28.704235442858888], [77.31854798107538, 28.70414525339764], [77.31865027623243, 28.70414349951875], [77.31865226557441, 28.704233688973478], [77.31895915125347, 28.704228426853785], [77.31895716164877, 28.704138237418633], [77.31905945676927, 28.704136483230783], [77.31906144646157, 28.70422667265941], [77.31926603685037, 28.704223164038936], [77.31927001661263, 28.704403542866114], [77.31937231196848, 28.704401788426967], [77.3193743019509, 28.70449197783204], [77.31957889281034, 28.704488468708966], [77.31958486333787, 28.704759036877064], [77.31968715901661, 28.704757282180086], [77.3196891492983, 28.70484747156027], [77.31948455775651, 28.704850980890022], [77.31948654787216, 28.704941170281927], [77.31938425199999, 28.704942924837468], [77.31938624203721, 28.705033114234563], [77.3191816500903, 28.705036623126954], [77.31917966022824, 28.704946433716813], [77.31907736432868, 28.70494818804062], [77.31907935410315, 28.705038377457296], [77.31877246608691, 28.705043639984833], [77.3187764451378, 28.705224018853325], [77.31867414893897, 28.705225772887726], [77.31868011732104, 28.705496341200064], [77.31837322788154, 28.70550160289852]]]}}, {"type": "Feature", "properties": {"id": "delhi-880", "status": "alive", "area_ha": 2.12, "water_left": 0.95, "baseline_years_with_water": 3, "recent_years_seen": [2024, 2025], "lat": 28.70581, "lon": 77.03198, "district": "North West Delhi"}, "geometry": {"type": "Polygon", "coordinates": [[[77.03205233162772, 28.706949000400748], [77.03204884413205, 28.706768587149035], [77.03194652690539, 28.706770124455566], [77.03194129598486, 28.70649950455109], [77.03173666203347, 28.706502578897936], [77.0317349185846, 28.706412372249087], [77.03163260168455, 28.706413909300835], [77.03163085833133, 28.70632370264495], [77.0314262246825, 28.70632677650514], [77.03140007797417, 28.704973676339435], [77.03160470899356, 28.704970602650743], [77.03160296576839, 28.704880395974055], [77.0319099119745, 28.704875784878453], [77.0319116554626, 28.70496599153799], [77.03201397093628, 28.704964454345816], [77.03201222736053, 28.704874247692], [77.03221685810858, 28.7048711730872], [77.03221860185961, 28.70496137972958], [77.03232091730928, 28.70495984230552], [77.03232266115596, 28.705050048940876], [77.03242497668526, 28.705048511433805], [77.032433696477, 28.70549954456251], [77.03253601243654, 28.70549800694955], [77.03254822109474, 28.706129453235086], [77.0326505376598, 28.706127915504783], [77.03266449159364, 28.706849568278756], [77.03215290518219, 28.706857256385998], [77.03215464902168, 28.706947463005484], [77.03205233162772, 28.706949000400748]]]}}, {"type": "Feature", "properties": {"id": "delhi-825", "status": "alive", "area_ha": 1.92, "water_left": 0.99, "baseline_years_with_water": 3, "recent_years_seen": [2024, 2025], "lat": 28.70721, "lon": 77.19453, "district": "Central North Delhi"}, "geometry": {"type": "Polygon", "coordinates": [[[77.19409331488632, 28.708387201401365], [77.19409143203593, 28.708297004245434], [77.19398912404095, 28.70829866416864], [77.19397782764587, 28.707757481168375], [77.19408013511513, 28.707755821282205], [77.19407260400743, 28.707395032613732], [77.19417491111756, 28.70739337267497], [77.19416173139845, 28.70676199249768], [77.19426403788663, 28.706760332524862], [77.19425462362273, 28.706309346675315], [77.19435692966418, 28.706307686656093], [77.19435316384389, 28.70612729231941], [77.19445546970147, 28.706125632235263], [77.19445358671668, 28.70603543507112], [77.19465819823068, 28.706032114683378], [77.1946600813907, 28.706122311835173], [77.19476238722235, 28.706120651519218], [77.19476427047863, 28.70621084866352], [77.19486657638926, 28.706209188264122], [77.19487976003855, 28.70684056819418], [77.19498206655383, 28.706838907674282], [77.1949858335638, 28.707019301915814], [77.19488352687328, 28.70702096244806], [77.19489294411143, 28.707471948059723], [77.19499525124004, 28.70747028749661], [77.19500655273683, 28.708011470150115], [77.19490424508248, 28.708013130750288], [77.1949117792361, 28.70837391918433], [77.19409331488632, 28.708387201401365]]]}}, {"type": "Feature", "properties": {"id": "delhi-1706", "status": "alive", "area_ha": 1.83, "water_left": 0.98, "baseline_years_with_water": 3, "recent_years_seen": [2024, 2025], "lat": 28.61506, "lon": 77.29379, "district": "East Delhi"}, "geometry": {"type": "MultiPolygon", "coordinates": [[[[77.29307682127701, 28.615347091305434], [77.29307486109691, 28.615256899039714], [77.29348370398857, 28.61524997967252], [77.29348174346875, 28.615159787431264], [77.29429942812223, 28.615145945054266], [77.29429746691392, 28.61505575286326], [77.29450188781283, 28.615052291512285], [77.29449992643917, 28.614962099332857], [77.2943977160814, 28.61496383004038], [77.29439575480394, 28.614873637853176], [77.29408912393814, 28.614878829494618], [77.29408716293125, 28.61478863728675], [77.29367832199945, 28.614795558372084], [77.2936802826576, 28.614885750605744], [77.2934758619633, 28.614889210699538], [77.29347782245611, 28.614979402944773], [77.2932734015514, 28.614982862743613], [77.29327536187886, 28.615073055000412], [77.2931731513258, 28.615074784790835], [77.29317511157507, 28.61516497705276], [77.2929706902676, 28.61516843641562], [77.2929726503515, 28.6152586286891], [77.29276822883362, 28.615262087757], [77.29277018875216, 28.61535228004205], [77.29307682127701, 28.615347091305434]]], [[[77.29236134525964, 28.615359197280068], [77.29236330483843, 28.61544938958958], [77.29144340566894, 28.615464948930754], [77.29144536447207, 28.61555514129692], [77.29134315332105, 28.615556869734228], [77.29134511204597, 28.615647062105513], [77.29124290079878, 28.615648790472296], [77.29124681810124, 28.615829175223773], [77.29114460667066, 28.615830903526476], [77.2911504824303, 28.61610148066309], [77.29104827072915, 28.61610320890814], [77.29105218777285, 28.616283593672136], [77.29094997588832, 28.616285321853113], [77.29095389279364, 28.6164657066247], [77.29085168072572, 28.616467434741583], [77.29086538956736, 28.61709878144553], [77.29117202757512, 28.61709359672874], [77.29116811019507, 28.616913212001442], [77.29127032267195, 28.616911483621458], [77.29126836390823, 28.61682129126226], [77.2913705762889, 28.616819562811745], [77.291368617447, 28.616729370457666], [77.29157304200697, 28.61672591333862], [77.29157108299967, 28.6166357209961], [77.29167329517897, 28.616633992327568], [77.291665458891, 28.61627322297002], [77.29176767071253, 28.61627149425028], [77.29176179332951, 28.61600091723756], [77.29186400488047, 28.615999188460187], [77.2918620456836, 28.615908996126404], [77.29206646858414, 28.615905538353644], [77.2920645092219, 28.61581534603142], [77.29226893191205, 28.615811887963684], [77.29226697238444, 28.615721695653033], [77.29247139486421, 28.615718237290324], [77.29246943517121, 28.615628044991237], [77.29257164631042, 28.615626315700883], [77.29256968653924, 28.61553612340691], [77.29277410861624, 28.615532664608196], [77.29277018875216, 28.61535228004205], [77.29236134525964, 28.615359197280068]]]]}}, {"type": "Feature", "properties": {"id": "delhi-676", "status": "alive", "area_ha": 1.64, "water_left": 0.98, "baseline_years_with_water": 3, "recent_years_seen": [2024, 2025], "lat": 28.72635, "lon": 77.02593, "district": "Outer North Delhi"}, "geometry": {"type": "Polygon", "coordinates": [[[77.02558305467369, 28.727077753308933], [77.02558131502298, 28.726987546589907], [77.02547897770387, 28.72698907998822], [77.02547723814888, 28.7268988732622], [77.02537490090953, 28.726900406577435], [77.025371421999, 28.726719993110105], [77.02526908492715, 28.72672152633658], [77.02526560622402, 28.726541112852626], [77.02516326931969, 28.726542645990335], [77.02515805158811, 28.72627202573757], [77.025055714939, 28.726273558780814], [77.02505223666668, 28.726093145261068], [77.0251545731403, 28.726091612229222], [77.02514935552844, 28.725820991956947], [77.02535402792529, 28.725817925695363], [77.02535228856182, 28.725727718946732], [77.02555696075125, 28.725724652387093], [77.02555522122029, 28.725634445648573], [77.02606690111544, 28.72562677792414], [77.02606516115378, 28.725536571212828], [77.02616749702112, 28.725535037441553], [77.02616923707053, 28.725625244147174], [77.02647624488785, 28.725620642352084], [77.02647798520844, 28.7257108490393], [77.02658032121933, 28.725709314947174], [77.02658554249228, 28.72597993498388], [77.0266878787584, 28.72597840079729], [77.02669658147845, 28.72642943413728], [77.02659424477365, 28.72643096835239], [77.02659598525389, 28.726521175022192], [77.02587962748242, 28.72653191240171], [77.02588136735645, 28.72662211911013], [77.02577903041227, 28.726623652717723], [77.02578598963726, 28.726984479561192], [77.0256836523341, 28.72698601311423], [77.02568539207256, 28.727076219827552], [77.02558305467369, 28.727077753308933]]]}}, {"type": "Feature", "properties": {"id": "delhi-224", "status": "alive", "area_ha": 1.6, "water_left": 1.0, "baseline_years_with_water": 3, "recent_years_seen": [2024, 2025], "lat": 28.81784, "lon": 77.01371, "district": "Outer North Delhi"}, "geometry": {"type": "Polygon", "coordinates": [[[77.01310859534928, 28.81848928055056], [77.01310165346108, 28.818128455768], [77.01299922638073, 28.818129984122894], [77.01298881431607, 28.817588746875998], [77.01309124086751, 28.817587218555126], [77.01308777006662, 28.817406806140426], [77.0131901964338, 28.81740527775324], [77.01318846095714, 28.817315071549586], [77.01339331349128, 28.81731201455359], [77.01339157784628, 28.817221808359992], [77.0135964301723, 28.817218751064704], [77.0135981659936, 28.81730895724696], [77.01380301846407, 28.8173058996297], [77.01380475446965, 28.81739610579932], [77.01390718078109, 28.817394576868534], [77.01390891688276, 28.817484783031166], [77.0140113432744, 28.817483254017052], [77.01401307947218, 28.817573460172706], [77.0142179324079, 28.81757040190015], [77.01421966878995, 28.817660608043177], [77.01432209533401, 28.817659078784732], [77.01432383181218, 28.81774928492077], [77.01442625843643, 28.817747755578992], [77.01442973159295, 28.817928167835824], [77.01453215838555, 28.817926638405044], [77.01453910514677, 28.81828746288035], [77.01443667800154, 28.818288992333823], [77.01443841462361, 28.818379198455062], [77.01423356013296, 28.818382257140374], [77.01423529658668, 28.818472463271664], [77.01310859534928, 28.81848928055056]]]}}, {"type": "Feature", "properties": {"id": "delhi-572", "status": "alive", "area_ha": 1.48, "water_left": 1.0, "baseline_years_with_water": 3, "recent_years_seen": [2024, 2025], "lat": 28.73431, "lon": 77.21685, "district": "North Delhi"}, "geometry": {"type": "Polygon", "coordinates": [[[77.21635325457179, 28.735092244325678], [77.21634754246172, 28.73482165798648], [77.21624521018023, 28.734823336150075], [77.21624140232602, 28.73464294523821], [77.21634373443203, 28.734641267087078], [77.21633231055263, 28.734100094357228], [77.21643464212352, 28.734098416166162], [77.21643273808645, 28.734008220712806], [77.21653506956085, 28.73400654245063], [77.2165331654448, 28.733916347002186], [77.21663549682273, 28.733914668668888], [77.21662978426382, 28.733644082334372], [77.21673211536981, 28.73364240394243], [77.21673021111324, 28.733552208501198], [77.21744652799644, 28.733540457635392], [77.21744843286713, 28.73363065303296], [77.21796008796014, 28.733622257205575], [77.21796389860503, 28.733802647934347], [77.21786156742846, 28.733804327267013], [77.21786347267629, 28.73389452263566], [77.21776114140322, 28.733896201897213], [77.21776304657206, 28.733986397270787], [77.21766071520253, 28.73398807646122], [77.21766262029239, 28.73407827183971], [77.21756028882638, 28.734079950959035], [77.21756219383724, 28.734170146342453], [77.21745986227475, 28.734171825390654], [77.21746176720663, 28.734262020778992], [77.21735943554766, 28.734263699756088], [77.21736134040053, 28.73435389514933], [77.21725900864512, 28.734355574055307], [77.21726091341898, 28.73444576945349], [77.21715858156709, 28.73444744828835], [77.21716048626196, 28.734537643691446], [77.21705815431359, 28.734539322455184], [77.21706005892948, 28.734629517863194], [77.21695772688464, 28.73463119655582], [77.21695963142152, 28.73472139196876], [77.2168572992802, 28.73472307059026], [77.2168592037381, 28.734813266008107], [77.2167568715003, 28.734814944558497], [77.21675877587919, 28.73490513998127], [77.21665644354492, 28.734906818460537], [77.21665834784483, 28.734997013888222], [77.21655601541406, 28.734998692296376], [77.21655791963497, 28.735088887728974], [77.21635325457179, 28.735092244325678]]]}}, {"type": "Feature", "properties": {"id": "delhi-2476", "status": "alive", "area_ha": 1.34, "water_left": 0.99, "baseline_years_with_water": 3, "recent_years_seen": [2024, 2025], "lat": 28.54347, "lon": 77.00857, "district": "South West Delhi"}, "geometry": {"type": "Polygon", "coordinates": [[[77.00991599673274, 28.54440663074746], [77.00991428355141, 28.54431642072425], [77.00970996109278, 28.544319446097813], [77.00970824809319, 28.544229236062026], [77.00950392577691, 28.54423226111714], [77.00950221295908, 28.544142051068764], [77.00940005187606, 28.5441435634755], [77.00939833915302, 28.544053353420182], [77.00929617814906, 28.544054865744485], [77.00929446552084, 28.54396465568223], [77.00898798272252, 28.543969192177467], [77.00898627036298, 28.543878982096984], [77.0088841095014, 28.543880494102847], [77.00888239723665, 28.543790284015422], [77.00867807566372, 28.543793307785506], [77.00867636358073, 28.543703097685498], [77.00847204215017, 28.54370612113715], [77.00847033024891, 28.543615911024567], [77.00816384830483, 28.54362044560921], [77.00815529022063, 28.543169394942254], [77.00805312999151, 28.54317090628869], [77.00804970698678, 28.542990486001564], [77.00794754692367, 28.54299199725993], [77.00793898998423, 28.542540946491286], [77.00804114961271, 28.54253943526113], [77.00804286107179, 28.542629645411807], [77.00824718047897, 28.542626622709864], [77.00824546884604, 28.542536412570474], [77.0084497880479, 28.54253338957269], [77.00845149985467, 28.542623599700796], [77.00855365953073, 28.54262208808109], [77.0085622191174, 28.543073138673982], [77.00866437922022, 28.54307162694927], [77.0086660912481, 28.543161837058324], [77.00876825142998, 28.54316032525119], [77.00876996355267, 28.54325053535331], [77.00887212381362, 28.543249023463744], [77.00887554825646, 28.543429443652812], [77.00897770868339, 28.543427931675172], [77.00897942100356, 28.543518141762117], [77.00908158150953, 28.54351662970205], [77.00908329392452, 28.543606839782065], [77.00918545450956, 28.54360532763957], [77.00918716701935, 28.543695537712637], [77.00928932768345, 28.543694025487707], [77.00929104028803, 28.543784235553847], [77.00980184392506, 28.54377667324918], [77.0098035569722, 28.543866883285784], [77.0099057177629, 28.543865370588847], [77.00990743090485, 28.543955580618515], [77.0101117526365, 28.543952554982987], [77.01011346596019, 28.544042765000064], [77.01021562690113, 28.54404125206148], [77.01021905374603, 28.544221672080457], [77.01011689263122, 28.544223185030344], [77.01011860597855, 28.544313395043545], [77.01001644476891, 28.544314907922292], [77.01001815803718, 28.54440511793985], [77.00991599673274, 28.54440663074746]]]}}, {"type": "Feature", "properties": {"id": "delhi-2178", "status": "alive", "area_ha": 1.23, "water_left": 1.0, "baseline_years_with_water": 3, "recent_years_seen": [2024, 2025], "lat": 28.56628, "lon": 77.2916, "district": "South East Delhi"}, "geometry": {"type": "Polygon", "coordinates": [[[77.29274260394187, 28.56699176159974], [77.29273869201735, 28.566811375739046], [77.29253436416533, 28.566814829117078], [77.29253045262465, 28.566634443225333], [77.29201963370699, 28.566643075261847], [77.29201767838498, 28.566552882281787], [77.29181335092895, 28.566556334545858], [77.29181139578986, 28.566466141551604], [77.29160706847182, 28.56646959349556], [77.29160511351566, 28.566379400487097], [77.29150294993013, 28.56638112633743], [77.29150099506992, 28.566290933321202], [77.29068368675797, 28.56630473730728], [77.29067977845601, 28.566124351167883], [77.29078194185252, 28.56612262595132], [77.29077803341255, 28.565942239819506], [77.29088019662613, 28.565940514539008], [77.29087628804817, 28.565760128414777], [77.29097845107883, 28.56575840307035], [77.29097649671635, 28.56566821001269], [77.29107865965106, 28.56566648459789], [77.2910767052106, 28.565576291545344], [77.29128103087916, 28.565572840498206], [77.29128298549354, 28.56566303353788], [77.2913851484013, 28.56566130789267], [77.29138710311165, 28.565751500924584], [77.29148926609739, 28.565749775196128], [77.29149122090368, 28.565839968220274], [77.29159338396741, 28.56583824240858], [77.29159533886966, 28.565928435424972], [77.29179966514407, 28.565924983558283], [77.29180162022924, 28.56601517656047], [77.29200594664167, 28.566011724373674], [77.29200790190974, 28.566101917361664], [77.29211006518943, 28.566100191146617], [77.29211202055347, 28.56619038412685], [77.29231634725983, 28.566186931453455], [77.2923183028068, 28.56627712441948], [77.29252262965115, 28.56627367142598], [77.29252458538103, 28.566363864377795], [77.29272891236336, 28.56636041106418], [77.29273086827617, 28.566450604001805], [77.29293519539647, 28.56644715036808], [77.29294497596511, 28.566898114971917], [77.29284281197461, 28.566899841859392], [77.29284476802835, 28.56699003478263], [77.29274260394187, 28.56699176159974]]]}}, {"type": "Feature", "properties": {"id": "delhi-1064", "status": "alive", "area_ha": 1.2, "water_left": 1.0, "baseline_years_with_water": 3, "recent_years_seen": [2024, 2025], "lat": 28.68128, "lon": 77.24868, "district": "North East Delhi"}, "geometry": {"type": "Polygon", "coordinates": [[[77.24798200304599, 28.68232903314184], [77.24797814907066, 28.682148644740664], [77.2480804278885, 28.682146945402916], [77.24807657377357, 28.6819665570091], [77.24817885240756, 28.681964857606815], [77.24817692527589, 28.68187466341426], [77.24827920381354, 28.68187296394111], [77.24827727660319, 28.681782769753546], [77.24848183347697, 28.681779370588348], [77.2484779787329, 28.68159898223457], [77.24858025698153, 28.681597282548847], [77.24857832953526, 28.681507088376293], [77.24847605137413, 28.681508788055687], [77.24846641471301, 28.681057817141497], [77.24836413698046, 28.681059516712093], [77.24836220976226, 28.680969322518962], [77.24825993210837, 28.680971022006055], [77.2482560778735, 28.680790633603195], [77.24815380038572, 28.680792333000454], [77.24814994636124, 28.680611944579667], [77.24804766903958, 28.680613643887103], [77.24804188833166, 28.68034306122703], [77.24814416539084, 28.680341361938563], [77.2481422384184, 28.680251167722222], [77.24824451538124, 28.6802494683629], [77.24825029658757, 28.680520050988992], [77.24845485101164, 28.68051665200087], [77.24845677827308, 28.680606846194273], [77.24855905555934, 28.680605146578117], [77.24856676504353, 28.680965923313238], [77.24866904267088, 28.680964223594607], [77.24867097015154, 28.681054417768756], [77.24877324785753, 28.681052717966622], [77.24877710302039, 28.681233106298315], [77.2488793808925, 28.681231406406347], [77.24888130857468, 28.681321600563884], [77.24898358652545, 28.681319900588417], [77.24898744209136, 28.68150028888688], [77.24908972020825, 28.68149858882157], [77.24909743179622, 28.681859365377353], [77.24919971025423, 28.68185766520955], [77.24920163826086, 28.681947859338866], [77.2493039167975, 28.681946159087563], [77.24930584490046, 28.682036353209224], [77.24961268071979, 28.682031251973235], [77.24961460909408, 28.6821214460746], [77.2497168877703, 28.682119745501907], [77.24971881624093, 28.68220993959562], [77.24951425870464, 28.682213340676476], [77.24951233040899, 28.682123146570113], [77.24859182184493, 28.68213844755641], [77.24859374935313, 28.682228641719714], [77.24838919162212, 28.682232041102512], [77.24839111896418, 28.682322235277148], [77.24798200304599, 28.68232903314184]]]}}, {"type": "Feature", "properties": {"id": "delhi-422", "status": "alive", "area_ha": 1.17, "water_left": 0.96, "baseline_years_with_water": 3, "recent_years_seen": [2024, 2025], "lat": 28.76502, "lon": 77.03809, "district": "Outer North Delhi"}, "geometry": {"type": "Polygon", "coordinates": [[[77.03759131223433, 28.76560689915517], [77.03758955948501, 28.765516693623617], [77.03748718536842, 28.765518237992115], [77.03748368006977, 28.76533782691361], [77.03738130612095, 28.765339371193157], [77.03737604849701, 28.765068754548427], [77.0372736748039, 28.76507029873327], [77.03727192236657, 28.764980093176693], [77.03737429597177, 28.76497854899758], [77.03737254345457, 28.764888343445424], [77.03757729046502, 28.76488525486622], [77.03757553778006, 28.764795049324242], [77.03767791118531, 28.764793504924143], [77.03767615842047, 28.764703299386593], [77.03788090503105, 28.76470021036542], [77.0378791520984, 28.76461000483804], [77.03808389850099, 28.764606915518407], [77.03808214540058, 28.7645167100012], [77.03828689159516, 28.764513620383106], [77.0382886448714, 28.764603825888837], [77.03839101804454, 28.764602280957824], [77.03839277141672, 28.764692486456504], [77.03849514466972, 28.76469094144227], [77.03849865161403, 28.764871352424255], [77.03860102503482, 28.764869807321055], [77.03860277860696, 28.76496001280436], [77.03890989908477, 28.764955377012626], [77.03891340678065, 28.765135787940874], [77.03881103312025, 28.765137333293755], [77.03881278689236, 28.765227538761664], [77.03871041313602, 28.7652290840428], [77.03871216682823, 28.765319289515144], [77.03850741911559, 28.765322379856425], [77.03850917264003, 28.765412585338947], [77.03830442471939, 28.765415675381753], [77.03830617807606, 28.765505880874457], [77.0381014299474, 28.7655089706188], [77.03810318313627, 28.765599176121672], [77.03759131223433, 28.76560689915517]]]}}, {"type": "Feature", "properties": {"id": "delhi-330", "status": "alive", "area_ha": 1.16, "water_left": 0.99, "baseline_years_with_water": 3, "recent_years_seen": [2024, 2025], "lat": 28.78529, "lon": 77.10726, "district": "Outer North Delhi"}, "geometry": {"type": "Polygon", "coordinates": [[[77.1073283369863, 28.78601151456508], [77.10732652274625, 28.785921313294764], [77.10722413323528, 28.785922911528985], [77.10722231909152, 28.785832710251437], [77.10711992966023, 28.785834308402187], [77.10711630157367, 28.785653905831275], [77.10691152303805, 28.785657101876428], [77.10690970918324, 28.785566900577145], [77.10680731999095, 28.785568498477474], [77.10680550623242, 28.78547829717095], [77.1067031171198, 28.785479894987816], [77.10669767615813, 28.785209291042573], [77.10680006500681, 28.785207693243503], [77.10679825128155, 28.78511749193174], [77.10690064003391, 28.78511589406107], [77.10689882622901, 28.78502569275392], [77.10700121488506, 28.78502409481164], [77.10699758712423, 28.784843692205285], [77.107099975596, 28.784842094197334], [77.10709634769246, 28.784661691597602], [77.10719873597994, 28.784660093523975], [77.10719692195268, 28.784569892228077], [77.10729931014384, 28.784568294082845], [77.1073011242591, 28.784658495372817], [77.10740351252993, 28.78465689714412], [77.10740532674149, 28.78474709842684], [77.10781488009353, 28.784740704712956], [77.10781850924548, 28.78492110722699], [77.10792089773867, 28.78491950859281], [77.10792634179298, 28.785190112336235], [77.10782395303583, 28.785191710988226], [77.10782758227101, 28.785372113489156], [77.10772519332959, 28.78537371207548], [77.10773245154785, 28.785734517085373], [77.10763006224614, 28.785736115617894], [77.10763550573327, 28.78600671937935], [77.1073283369863, 28.78601151456508]]]}}, {"type": "Feature", "properties": {"id": "delhi-772", "status": "alive", "area_ha": 1.08, "water_left": 1.0, "baseline_years_with_water": 3, "recent_years_seen": [2024, 2025], "lat": 28.71622, "lon": 77.07512, "district": "Outer North Delhi"}, "geometry": {"type": "Polygon", "coordinates": [[[77.07451347839377, 28.71668095856486], [77.07451169750365, 28.716590754475682], [77.07430704938415, 28.716593894212398], [77.07430348797921, 28.71641348600677], [77.07420116408258, 28.716415055747458], [77.07419760288569, 28.71623464752495], [77.07429992660695, 28.716233077795927], [77.07429814593308, 28.716142873688543], [77.07450279317571, 28.716139734010206], [77.07450101233465, 28.716049529913203], [77.07501262985976, 28.71604167939338], [77.07501084858845, 28.715951475324264], [77.07531781874235, 28.71594676410201], [77.07531603721615, 28.71585656004911], [77.07552068376918, 28.715853418859343], [77.07551890207579, 28.715763214816803], [77.0760305178768, 28.715755360518454], [77.07603942861762, 28.716206380572043], [77.07593710503535, 28.716207951615566], [77.07593888712037, 28.716298155628213], [77.07583656344224, 28.71629972660025], [77.07583834544775, 28.716389930617435], [77.07553137410122, 28.71639464308714], [77.07553315585184, 28.71648484712054], [77.07512386025792, 28.7164911293543], [77.07512564166596, 28.716581333409753], [77.07461402155114, 28.716589184491337], [77.07461580252894, 28.716679388574683], [77.07451347839377, 28.71668095856486]]]}}, {"type": "Feature", "properties": {"id": "delhi-179", "status": "alive", "area_ha": 1.06, "water_left": 1.0, "baseline_years_with_water": 2, "recent_years_seen": [2024, 2025], "lat": 28.8319, "lon": 77.11845, "district": "Outer North Delhi"}, "geometry": {"type": "Polygon", "coordinates": [[[77.11820358324862, 28.832489699581018], [77.11819627489447, 28.832128899512483], [77.11809384091389, 28.83213050833348], [77.11809201393449, 28.8320403083071], [77.11798958003371, 28.832041917044446], [77.11798775315087, 28.831951717010778], [77.11788531932993, 28.83195332566447], [77.11788349254367, 28.83186312562354], [77.11778105880252, 28.831864734193573], [77.11777923211282, 28.831774534145374], [77.11767679845151, 28.83177614263176], [77.11767314527361, 28.83159574251946], [77.11757071178032, 28.831597350916233], [77.11756705881231, 28.831416950786757], [77.11766949212921, 28.831415342401908], [77.11766766556958, 28.83132514234116], [77.11777009878995, 28.831323533884596], [77.11777192543776, 28.83141373393939], [77.11807922531318, 28.831408908085685], [77.11808105223395, 28.83149910812125], [77.11849078563665, 28.831492672538207], [77.11849261291857, 28.831582872548605], [77.11879991314724, 28.831578045027737], [77.11880539583699, 28.831848644997315], [77.11901026314337, 28.831845426225833], [77.11901209089976, 28.83193562620113], [77.11911452462856, 28.831934016692887], [77.11911818034287, 28.832114416627622], [77.11901574643767, 28.832116026147794], [77.11901757421919, 28.83220622611915], [77.11891514021742, 28.832207835567612], [77.11891696791913, 28.832298035543623], [77.1188145338208, 28.83229964492037], [77.11881818907297, 28.83248004488039], [77.11820358324862, 28.832489699581018]]]}}, {"type": "Feature", "properties": {"id": "delhi-2015", "status": "alive", "area_ha": 1.03, "water_left": 0.8, "baseline_years_with_water": 2, "recent_years_seen": [2024, 2025], "lat": 28.58124, "lon": 77.27762, "district": "South East Delhi"}, "geometry": {"type": "Polygon", "coordinates": [[[77.27732404227424, 28.581868172035367], [77.2773220982545, 28.58177797833099], [77.27721991877087, 28.581779694272537], [77.2772179748471, 28.58168950056044], [77.27711579544159, 28.581691216418733], [77.27711190779495, 28.581510828977784], [77.27700972855456, 28.58151254474641], [77.27700584111774, 28.58133215728738], [77.27710802018403, 28.58133044153155], [77.27710413260886, 28.581150054080037], [77.27720631149215, 28.581148338260142], [77.27720436763092, 28.581058144538805], [77.27730654641823, 28.58105642864846], [77.27730460247892, 28.58096623493219], [77.27740678117026, 28.580964518971385], [77.27740483715282, 28.5808743252602], [77.27760919433464, 28.580870893120817], [77.27760725015207, 28.580780699421116], [77.27770942864254, 28.58077898324254], [77.27770748438186, 28.58068878954792], [77.27780966277636, 28.580687073298883], [77.27780771843759, 28.580596879609338], [77.27801207502571, 28.580593446893516], [77.27801401953856, 28.58068364057026], [77.27811619790624, 28.580681924090662], [77.27811814251505, 28.580772117759675], [77.27801596406033, 28.580773834245676], [77.27802374223683, 28.581134608934157], [77.2781259210397, 28.581132892422552], [77.27813369970734, 28.581493667064294], [77.2780315205563, 28.581495383601506], [77.27803540976967, 28.581675770927244], [77.27793323043562, 28.581677487400402], [77.27793517496866, 28.581767681067696], [77.27783299553865, 28.58176939747039], [77.27783493999358, 28.581859591142763], [77.27732404227424, 28.581868172035367]]]}}, {"type": "Feature", "properties": {"id": "delhi-1037", "status": "alive", "area_ha": 1.02, "water_left": 1.0, "baseline_years_with_water": 3, "recent_years_seen": [2024, 2025], "lat": 28.68518, "lon": 77.24717, "district": "North East Delhi"}, "geometry": {"type": "MultiPolygon", "coordinates": [[[[77.24630102806582, 28.68506373889622], [77.24589190090461, 28.685070531035493], [77.24588997548476, 28.68498033674248], [77.24578769375987, 28.684982034577995], [77.24579346978344, 28.685252617472027], [77.2463048796321, 28.68524412742774], [77.24630102806582, 28.68506373889622]]], [[[77.24630680542852, 28.68533432169153], [77.24640908745924, 28.685332623444765], [77.24641101335199, 28.6854228177009], [77.24661557756193, 28.685419420963168], [77.24661750363856, 28.685509615205348], [77.24692435014965, 28.68550451950082], [77.24692820285449, 28.685684907943305], [77.24723504981107, 28.685679811506102], [77.2472331231917, 28.685589617304487], [77.24733540540535, 28.68558791834401], [77.24733347870733, 28.685497724147396], [77.24743576082463, 28.685496025116052], [77.24743383404795, 28.685405830924427], [77.2475361160689, 28.685404131822214], [77.24753418921355, 28.6853139376356], [77.24773875305391, 28.68531053921222], [77.24773489901969, 28.685130150860306], [77.24783718075159, 28.685128451545474], [77.24783525366026, 28.685038257373858], [77.24773297201587, 28.685039956682367], [77.2477310450209, 28.684949762503113], [77.24762876345517, 28.6849514617281], [77.24762683655653, 28.6848612675412], [77.24731999206881, 28.684866364734066], [77.24731806544153, 28.684776170526877], [77.24711350258052, 28.68477956825685], [77.2471115761371, 28.6846893740357], [77.24700929478082, 28.684691072778573], [77.24701122113673, 28.68478126700604], [77.24670437675233, 28.684786362790476], [77.24670630285456, 28.684876557035587], [77.24660402128791, 28.684878255482335], [77.24661172543523, 28.685239032474836], [77.2463048796321, 28.68524412742774], [77.24630680542852, 28.68533432169153]]]]}}, {"type": "Feature", "properties": {"id": "delhi-1051", "status": "alive", "area_ha": 1.02, "water_left": 1.0, "baseline_years_with_water": 3, "recent_years_seen": [2024, 2025], "lat": 28.68342, "lon": 77.24458, "district": "North East Delhi"}, "geometry": {"type": "Polygon", "coordinates": [[[77.24413194612328, 28.684107245371642], [77.2441300222882, 28.68401705095675], [77.24402774137566, 28.684018747410548], [77.24402389390703, 28.68383835856417], [77.24412617464455, 28.683836662123007], [77.24411847946322, 28.683475884439655], [77.24422075984192, 28.683474187946544], [77.2442130644519, 28.683113410267314], [77.24431534447176, 28.683111713722273], [77.24431149665475, 28.68293132488736], [77.24482289574658, 28.682922841067438], [77.24482097141383, 28.68283264667956], [77.24502553081372, 28.682829252623915], [77.24503707799272, 28.683370418855556], [77.24493479777219, 28.683372115959866], [77.24494442022682, 28.683823087814822], [77.24484213955995, 28.683824784873504], [77.24484791287625, 28.684095367989578], [77.24413194612328, 28.684107245371642]]]}}, {"type": "Feature", "properties": {"id": "delhi-1425", "status": "alive", "area_ha": 1.01, "water_left": 1.0, "baseline_years_with_water": 3, "recent_years_seen": [2024, 2025], "lat": 28.64786, "lon": 77.01004, "district": "West Delhi"}, "geometry": {"type": "Polygon", "coordinates": [[[77.0093382753559, 28.648365675646016], [77.0093159147913, 28.647192962801427], [77.00941817557286, 28.64719144548302], [77.00942161574761, 28.647371862846683], [77.00952387669606, 28.64737034543985], [77.00952731707719, 28.647550762787024], [77.00973183929996, 28.64754772771941], [77.00973355967717, 28.64763793637975], [77.01075617119079, 28.647622756358174], [77.01076649886372, 28.648164007953763], [77.01066423722355, 28.64816552633687], [77.01066595844264, 28.64825573493726], [77.01056369670718, 28.648257253248904], [77.01056197557548, 28.64816704464287], [77.0104597139195, 28.648168562871746], [77.01046143496382, 28.648258771483434], [77.01025691145335, 28.648261807721134], [77.01025519058385, 28.64817159909814], [77.01005066721656, 28.648174635016062], [77.01004894652975, 28.64808442638046], [77.00994668492164, 28.648085944218092], [77.00994840552107, 28.648176152859346], [77.00964162038716, 28.648180705926492], [77.00964334073228, 28.648270914583406], [77.00954107891778, 28.64827243212387], [77.00954279918341, 28.64836264078514], [77.0093382753559, 28.648365675646016]]]}}, {"type": "Feature", "properties": {"id": "delhi-275", "status": "alive", "area_ha": 0.99, "water_left": 1.0, "baseline_years_with_water": 3, "recent_years_seen": [2024, 2025], "lat": 28.80674, "lon": 76.97795, "district": "Outer North Delhi"}, "geometry": {"type": "Polygon", "coordinates": [[[76.97734082306933, 28.80710747912543], [76.97733911920899, 28.80701727081004], [76.9772367007618, 28.807018771497212], [76.97722818201784, 28.806567729872903], [76.97733060002449, 28.80656622921358], [76.97732889621102, 28.806476020890383], [76.9778409856865, 28.806468516457166], [76.97783928144028, 28.80637830816052], [76.97804411699956, 28.80637530585498], [76.97804582142197, 28.806465514140474], [76.97825065712618, 28.806462511513274], [76.97824895252754, 28.80637230323892], [76.97855620576091, 28.806367798732627], [76.97855791062389, 28.80645800699025], [76.97866032844081, 28.806456505327333], [76.97866885331348, 28.80690754656817], [76.978566435056, 28.806909048258962], [76.97856984488357, 28.807089464757343], [76.97734082306933, 28.80710747912543]]]}}, {"type": "Feature", "properties": {"id": "delhi-432", "status": "alive", "area_ha": 0.95, "water_left": 1.0, "baseline_years_with_water": 3, "recent_years_seen": [2024, 2025], "lat": 28.76385, "lon": 77.06152, "district": "Outer North Delhi"}, "geometry": {"type": "Polygon", "coordinates": [[[77.06132595150582, 28.764434672255955], [77.06132417843438, 28.764344468051252], [77.06111943552789, 28.764347592559314], [77.06111766264037, 28.764257388341704], [77.06101529126283, 28.764258950473707], [77.06101351847136, 28.764168746248988], [77.06091114717358, 28.76417030829771], [77.06090405644063, 28.763809491362586], [77.0610064273868, 28.76380792933708], [77.061004654636, 28.763717725105835], [77.06120939632812, 28.763714600833982], [77.06120762340964, 28.76362439661303], [77.06130999415562, 28.763622834366693], [77.06130822115738, 28.763532630150248], [77.0615129624491, 28.763529505436736], [77.0615111892832, 28.76343930123059], [77.06161355982896, 28.76343773876342], [77.06161178658328, 28.76334753456178], [77.06171415703302, 28.763345972022936], [77.06171238370757, 28.763255767825797], [77.06201949474425, 28.763251079761826], [77.06202304193066, 28.763431488119984], [77.06212541243573, 28.76342992526543], [77.06213428098364, 28.763880946108955], [77.06203191003907, 28.76388250899253], [77.06203368368516, 28.763972713163128], [77.06193131264452, 28.76397427597503], [77.06193308621086, 28.76406448015012], [77.06183071507418, 28.76406604289036], [77.06183248856075, 28.764156247069955], [77.0616277460872, 28.764159372329587], [77.06163129273311, 28.76433978070808], [77.06142654987543, 28.76434290568101], [77.06142832303478, 28.764433109879903], [77.06132595150582, 28.764434672255955]]]}}, {"type": "Feature", "properties": {"id": "delhi-1361", "status": "alive", "area_ha": 0.94, "water_left": 1.0, "baseline_years_with_water": 3, "recent_years_seen": [2024, 2025], "lat": 28.65122, "lon": 77.07414, "district": "West Delhi"}, "geometry": {"type": "Polygon", "coordinates": [[[77.07457162599724, 28.652164340258718], [77.07456807362634, 28.6519839303663], [77.07446581235801, 28.651985497098703], [77.07446226019454, 28.65180508718941], [77.07435999909286, 28.651806653833027], [77.07435644713681, 28.651626243906858], [77.07425418620176, 28.651627810461687], [77.07425241032337, 28.651537605490816], [77.07415014946756, 28.651539171962696], [77.07414837368472, 28.651448966984688], [77.07404611290818, 28.651450533373612], [77.07404256154176, 28.651270123402025], [77.07394030093182, 28.65127168970217], [77.07393852534825, 28.651181484708587], [77.07373400427875, 28.651184617065862], [77.07373222887811, 28.65109441205931], [77.07362996841852, 28.65109597811644], [77.07362641781651, 28.65091556808777], [77.07352415752355, 28.650917134056122], [77.07352238232218, 28.650826929034], [77.07342012210847, 28.650828494919406], [77.07341834700264, 28.650738289890153], [77.07331608686816, 28.65073985569261], [77.07331431185789, 28.65064965065622], [77.07321205180266, 28.650651216375728], [77.0732067270829, 28.65038060124125], [77.07330898687596, 28.650379035539228], [77.07330721189828, 28.650288830497622], [77.07351173128515, 28.65028569887391], [77.0735135064376, 28.65037590390384], [77.0736157662062, 28.650374337970483], [77.0736175414542, 28.650464542993284], [77.07371980130203, 28.650462976976975], [77.07372157664558, 28.650553181992642], [77.07382383657266, 28.65055161589339], [77.07382561201175, 28.650641820901928], [77.07392787201806, 28.650640254719725], [77.07393142309552, 28.650820664721223], [77.07403368326845, 28.650819098450235], [77.0740354589068, 28.650909303443196], [77.07413771915898, 28.650907737089263], [77.07413949489289, 28.650997942075097], [77.0742417552243, 28.650996375638208], [77.07424353105377, 28.65108658061691], [77.07434579146442, 28.651085014097074], [77.0743493433226, 28.65126542403888], [77.07445160389989, 28.651263857430266], [77.0744533799286, 28.651354062393377], [77.07455564058513, 28.651352495701808], [77.07455741670941, 28.65144270065779], [77.07465967744518, 28.651441133883278], [77.074661453665, 28.651531338832115], [77.07476371448003, 28.65152977197464], [77.0747654907954, 28.651619976916347], [77.07486775168965, 28.65161840997592], [77.07487485738235, 28.651979229706363], [77.0747725961385, 28.65198079667013], [77.07477437249469, 28.652071001605314], [77.07467211115528, 28.652072568497793], [77.0746738874322, 28.652162773437514], [77.07457162599724, 28.652164340258718]]]}}, {"type": "Feature", "properties": {"id": "delhi-1343", "status": "alive", "area_ha": 0.93, "water_left": 1.0, "baseline_years_with_water": 3, "recent_years_seen": [2024, 2025], "lat": 28.65358, "lon": 77.07659, "district": "West Delhi"}, "geometry": {"type": "Polygon", "coordinates": [[[77.07768571746315, 28.654462625648733], [77.07768393843921, 28.654372420912225], [77.07747941166438, 28.654375559242556], [77.07747763282343, 28.654285354493062], [77.07737536951116, 28.654286923536695], [77.07737359076577, 28.654196718780053], [77.07727132753276, 28.65419828774072], [77.07726954888294, 28.654108082976926], [77.07706502256723, 28.6541112206552], [77.0770632441004, 28.654021015878424], [77.07696098101769, 28.654022584596024], [77.07695920264645, 28.653932379812115], [77.07685693964298, 28.653933948446745], [77.0768551613673, 28.653843743655685], [77.07675289844308, 28.653845312207363], [77.07675112026298, 28.65375510740915], [77.07654659456485, 28.653758244269447], [77.07654481656773, 28.653668039458246], [77.07644255379383, 28.653669607766872], [77.07644077589228, 28.653579402948534], [77.07623625049477, 28.653582539322727], [77.0762326950658, 28.653402129658783], [77.07613043252961, 28.653403697718517], [77.0761286549148, 28.65331349287876], [77.07602639245783, 28.653315060855526], [77.07602461493858, 28.653224856008613], [77.075820090175, 28.653227991719103], [77.07581831283872, 28.653137786859226], [77.0757160505321, 28.65313935459295], [77.07571427329137, 28.65304914972593], [77.07561201106398, 28.65305071737669], [77.07561023391882, 28.652960512502524], [77.07550797177068, 28.652962080070324], [77.07550264064639, 28.652691465422496], [77.07580942627972, 28.652686762540252], [77.0758112035752, 28.65277696740665], [77.07591346552405, 28.652775399619156], [77.07591524291509, 28.65286560447842], [77.07601750494317, 28.652864036607962], [77.07601928242978, 28.652954241460083], [77.07612154453712, 28.65295267350666], [77.07612332211927, 28.65304287835165], [77.07622558430585, 28.65304131031527], [77.0762273619836, 28.6531315151531], [77.07632962424941, 28.65312994703377], [77.0763314020227, 28.653220151864453], [77.07643366436776, 28.653218583662152], [77.07643544223664, 28.653308788485703], [77.07653770466094, 28.653307220200446], [77.07653948262538, 28.653397425016852], [77.07674400762426, 28.653394288203273], [77.0767457857717, 28.653484493006697], [77.07684804834629, 28.65348292447839], [77.07684982658931, 28.65357312927467], [77.07695208924314, 28.653571560663394], [77.07695386758171, 28.653661765452522], [77.0770561303148, 28.653660196758278], [77.07705790874894, 28.653750401540275], [77.07716017156126, 28.653748832763064], [77.07716195009098, 28.653839037537914], [77.07736647586592, 28.65383589974044], [77.07736825457863, 28.653926104502297], [77.07757278049571, 28.653922966384638], [77.07757455939141, 28.654013171133514], [77.07767682242509, 28.654011601953155], [77.07767860141637, 28.65410180669487], [77.07778086452929, 28.654100237431546], [77.07778264361615, 28.654190442166122], [77.07788490680831, 28.654188872819834], [77.07789024438013, 28.654459486998203], [77.07768571746315, 28.654462625648733]]]}}, {"type": "Feature", "properties": {"id": "delhi-543", "status": "alive", "area_ha": 0.92, "water_left": 1.0, "baseline_years_with_water": 2, "recent_years_seen": [2024, 2025], "lat": 28.74131, "lon": 77.0149, "district": "Outer North Delhi"}, "geometry": {"type": "Polygon", "coordinates": [[[77.01440328287116, 28.74195279524877], [77.01440155175361, 28.74186258810492], [77.01429919923457, 28.74186411376211], [77.01429746821279, 28.741773906611286], [77.014399820644, 28.74177238095977], [77.01437904794841, 28.740689895116546], [77.01448139931796, 28.740688369455658], [77.01447793713761, 28.740507955141602], [77.01468263950164, 28.74050490361027], [77.01468437076348, 28.740595110756608], [77.01499142451337, 28.740590532862], [77.01500181383165, 28.741131775610658], [77.01530886909059, 28.741127196917247], [77.01531060093488, 28.741217404020457], [77.01541295275977, 28.74121587762881], [77.01541641664781, 28.741396291819985], [77.0153140646473, 28.74139781822297], [77.01531579651542, 28.74148802532228], [77.01521344441915, 28.741489551653522], [77.01521517620742, 28.741579758757204], [77.01460106293601, 28.741588915152963], [77.01460798806102, 28.741949743690803], [77.01440328287116, 28.74195279524877]]]}}, {"type": "Feature", "properties": {"id": "delhi-2064", "status": "alive", "area_ha": 0.92, "water_left": 1.0, "baseline_years_with_water": 3, "recent_years_seen": [2024, 2025], "lat": 28.57878, "lon": 77.0374, "district": "South West Delhi"}, "geometry": {"type": "Polygon", "coordinates": [[[77.03645031141083, 28.579743940503814], [77.0364485730737, 28.579653732431968], [77.03655076674016, 28.579652197937598], [77.03654902832393, 28.57956198987017], [77.03665122189533, 28.57956045530463], [77.03664948339998, 28.579470247241627], [77.03685387034461, 28.579467177891317], [77.0368521316831, 28.579376969838467], [77.03695432505634, 28.579375435053695], [77.03695258631573, 28.579285227005276], [77.03705477959392, 28.579283692149332], [77.0370513019625, 28.57910327606005], [77.03715349505852, 28.579101741138665], [77.03715001728492, 28.578921325055642], [77.03725221019877, 28.578919790068817], [77.03724525439915, 28.578558957910108], [77.03734744695667, 28.578557422869295], [77.03733353504448, 28.57783575853544], [77.03753791874227, 28.577832688314754], [77.03753617961506, 28.577742480278637], [77.03784275484055, 28.577737874388117], [77.03785319129115, 28.578279122482268], [77.03775099903483, 28.578280657890364], [77.03775621710682, 28.57855128193711], [77.03765402458127, 28.57855281728549], [77.03765750316175, 28.57873323332163], [77.03755531045405, 28.578734768604573], [77.0375570496692, 28.57882497662642], [77.03745485686642, 28.578826511838205], [77.03746181345862, 28.57918734393553], [77.0373596202995, 28.57918887909332], [77.03736483756634, 28.579459503169875], [77.03726264413798, 28.57946103826795], [77.03726438315584, 28.579551246296607], [77.0371621896324, 28.579552781323514], [77.03716392857115, 28.579642989356593], [77.03695954132613, 28.579646059191177], [77.0369612800987, 28.579736267234406], [77.03645031141083, 28.579743940503814]]]}}, {"type": "Feature", "properties": {"id": "delhi-448", "status": "alive", "area_ha": 0.89, "water_left": 1.0, "baseline_years_with_water": 3, "recent_years_seen": [2024, 2025], "lat": 28.75647, "lon": 77.19141, "district": "North Delhi"}, "geometry": {"type": "Polygon", "coordinates": [[[77.19162368874196, 28.756789194160834], [77.19162180424149, 28.756698997501005], [77.1914170936069, 28.756702318624956], [77.19141520929077, 28.756612121951473], [77.19080107770661, 28.756622083427953], [77.1907935426366, 28.75626129657283], [77.19089589757087, 28.756259636544996], [77.19089212991206, 28.756079243121864], [77.19109683940333, 28.75607592285857], [77.1910949554112, 28.755985726157355], [77.19201614690355, 28.75597078119527], [77.1920180316862, 28.756060977840963], [77.19212038634107, 28.7560593168963], [77.19212604100444, 28.75632990680697], [77.19202368608606, 28.756331567770143], [77.19202934056372, 28.756602157687453], [77.19192698537319, 28.7566038185917], [77.19192887012852, 28.756694015234334], [77.1918265148415, 28.756695676067324], [77.19182839951763, 28.75678587271481], [77.19162368874196, 28.756789194160834]]]}}, {"type": "Feature", "properties": {"id": "delhi-2868", "status": "alive", "area_ha": 0.85, "water_left": 0.94, "baseline_years_with_water": 3, "recent_years_seen": [2024, 2025], "lat": 28.50351, "lon": 77.19275, "district": "South Delhi"}, "geometry": {"type": "Polygon", "coordinates": [[[77.19291407141505, 28.504037859055934], [77.1929122054571, 28.503947659110793], [77.19240165387791, 28.503955899678363], [77.19239978836214, 28.503865699701123], [77.19229767810727, 28.503867347578595], [77.19229581268681, 28.503777147593887], [77.19219370251007, 28.50377879538858], [77.1921899718683, 28.50359839540292], [77.1922920818716, 28.503596747620545], [77.19228835109072, 28.503416347641966], [77.19239046091202, 28.50341469979527], [77.19238859544774, 28.503324499810173], [77.19249070517374, 28.50332285189301], [77.19248883963134, 28.503232651912768], [77.19259094926204, 28.503231003925134], [77.1925890836415, 28.503140803949734], [77.1926911931769, 28.50313915589164], [77.19268746178813, 28.502958755949212], [77.19278957114153, 28.50295710782681], [77.19278770537332, 28.502866907859794], [77.19299192388095, 28.502863611397427], [77.1929937898226, 28.502953811352132], [77.19309589915025, 28.502952162999858], [77.19309963123273, 28.503132562893015], [77.19320174072521, 28.503130914451788], [77.19321480389124, 28.503762313993462], [77.19311269379175, 28.503763962477795], [77.19311642602871, 28.50394436234738], [77.1930143157472, 28.5039460107674], [77.19301618179185, 28.50403621070638], [77.19291407141505, 28.504037859055934]]]}}, {"type": "Feature", "properties": {"id": "delhi-515", "status": "alive", "area_ha": 0.81, "water_left": 0.57, "baseline_years_with_water": 3, "recent_years_seen": [2024, 2025], "lat": 28.7416, "lon": 77.20743, "district": "North Delhi"}, "geometry": {"type": "Polygon", "coordinates": [[[77.20699747267825, 28.74291464154764], [77.20699367943641, 28.742734249722716], [77.20709602006701, 28.742732578142], [77.20708653667585, 28.74228159858768], [77.20718887685887, 28.742279926960638], [77.20717749655002, 28.741738751489198], [77.20727983619773, 28.74173707982204], [77.20726466223778, 28.741015512502635], [77.20736700117463, 28.741013840807803], [77.2073556205436, 28.74047266530013], [77.20786731246439, 28.74046430585163], [77.20786920965328, 28.74055450174181], [77.2079715480991, 28.740552829613765], [77.20797534267855, 28.740733221377734], [77.2078730040572, 28.74073489351821], [77.20787490127222, 28.740825089404435], [77.20777256255441, 28.74082676147374], [77.20777445969037, 28.74091695736485], [77.20767212087608, 28.74091862936299], [77.20767401793299, 28.74100882525901], [77.20757167902224, 28.741010497185986], [77.2075754729866, 28.741190888986473], [77.20747313389163, 28.741192560848496], [77.20747882464016, 28.74146314855798], [77.20758116399844, 28.741461476677312], [77.20758685508862, 28.741732064356295], [77.20748451546702, 28.741733736255593], [77.20749400035253, 28.742184715725237], [77.20728932020553, 28.742188059353815], [77.2072912170332, 28.74227825525621], [77.20739355719883, 28.742276583474403], [77.20739924799737, 28.74254717115505], [77.20729690756843, 28.74254884295549], [77.2072988044309, 28.742639038852616], [77.20719646390549, 28.742640710581888], [77.20720025748102, 28.742821102384603], [77.20709791677136, 28.74282277404891], [77.2070998134844, 28.7429129699545], [77.20699747267825, 28.74291464154764]]]}}, {"type": "Feature", "properties": {"id": "delhi-2523", "status": "alive", "area_ha": 0.81, "water_left": 0.63, "baseline_years_with_water": 3, "recent_years_seen": [2024, 2025], "lat": 28.53393, "lon": 77.30342, "district": "South East Delhi"}, "geometry": {"type": "Polygon", "coordinates": [[[77.30308698673541, 28.535147266757214], [77.30308502454477, 28.535057074060635], [77.3029828920106, 28.535058806818494], [77.30297504368552, 28.534698035993102], [77.30307717587237, 28.534696303261118], [77.30307128946282, 28.534425725147596], [77.30317342138018, 28.534423992358313], [77.30316753479136, 28.534153414252295], [77.30326966643922, 28.53415168140572], [77.30325985520417, 28.533700717901592], [77.30336198640889, 28.533698985010663], [77.3033521749653, 28.533248021505834], [77.3034543057269, 28.533246288570552], [77.30345038103899, 28.533065903172297], [77.30355251161794, 28.533064170173258], [77.30355643647948, 28.53324455555856], [77.30365856722305, 28.533242822469877], [77.30366249229432, 28.533423207836954], [77.30356036137714, 28.533424940938577], [77.30359764970503, 28.535138601784983], [77.30349551712915, 28.53514033493284], [77.30349355459118, 28.535050142262147], [77.30339142209311, 28.53505187532683], [77.303389459651, 28.53496168264834], [77.30328732723073, 28.534963415629846], [77.30328928958602, 28.5350536083148], [77.3031871570699, 28.535055341226073], [77.30318911934738, 28.53514553391618], [77.30308698673541, 28.535147266757214]]]}}, {"type": "Feature", "properties": {"id": "delhi-587", "status": "alive", "area_ha": 0.79, "water_left": 0.7, "baseline_years_with_water": 3, "recent_years_seen": [2024, 2025], "lat": 28.73489, "lon": 77.02834, "district": "Outer North Delhi"}, "geometry": {"type": "MultiPolygon", "coordinates": [[[[77.02777784982447, 28.734714625647847], [77.02767550511763, 28.734716161084265], [77.02767724712288, 28.734806367583044], [77.0277795919175, 28.734804832140927], [77.02777784982447, 28.734714625647847]]], [[[77.02778481824457, 28.73507545161234], [77.02788716329454, 28.73507391607571], [77.02788890550733, 28.735164122557872], [77.02809359575883, 28.735161051241008], [77.02809533815518, 28.735251257710456], [77.02840237373579, 28.735246650137597], [77.0284006310761, 28.735156443685266], [77.0287076663214, 28.735151835433008], [77.02870592340635, 28.73506162899651], [77.02880826838434, 28.735060092763355], [77.02880652538953, 28.734969886331264], [77.02890887027174, 28.734968350026424], [77.02890189802133, 28.73460752430791], [77.02879955349023, 28.734609060589918], [77.02879781053541, 28.734518854151325], [77.02869546608409, 28.73452039035023], [77.02869372322505, 28.734430183904625], [77.02807965687586, 28.734439399438592], [77.02808139920825, 28.734529605918443], [77.02787671018567, 28.734532677155403], [77.02788193670412, 28.734803296621408], [77.0277795919175, 28.734804832140927], [77.02778481824457, 28.73507545161234]]]]}}, {"type": "Feature", "properties": {"id": "delhi-2793", "status": "alive", "area_ha": 0.79, "water_left": 0.85, "baseline_years_with_water": 2, "recent_years_seen": [2024, 2025], "lat": 28.51294, "lon": 76.91768, "district": "South West Delhi"}, "geometry": {"type": "Polygon", "coordinates": [[[76.91819831709319, 28.513338221271187], [76.91819668416824, 28.51324800586326], [76.91778813652154, 28.51325377455167], [76.91778650395138, 28.51316355912091], [76.91768436710774, 28.513165001095864], [76.91768599959109, 28.51325521653202], [76.91727745179416, 28.513260983686358], [76.91727255540847, 28.512990337309414], [76.91717041870092, 28.512991778890083], [76.9171687866742, 28.512901563423146], [76.91665810345792, 28.512908770149014], [76.91665484029512, 28.512728339157444], [76.91696124972651, 28.512724015384336], [76.91695961789594, 28.512633799902783], [76.9176745723654, 28.512623708452008], [76.91767293993462, 28.512533493006874], [76.91777507617054, 28.512532051069627], [76.91777670868814, 28.51262226650937], [76.9179809813111, 28.512619382393996], [76.91798261400982, 28.51270959782169], [76.91808475039684, 28.512708155643566], [76.91808801599046, 28.512888586484323], [76.91819015254362, 28.51288714421872], [76.91819178543851, 28.512977359631783], [76.91829392207094, 28.512975917284088], [76.9183004540729, 28.51333677890193], [76.91819831709319, 28.513338221271187]]]}}, {"type": "Feature", "properties": {"id": "delhi-992", "status": "alive", "area_ha": 0.78, "water_left": 0.88, "baseline_years_with_water": 3, "recent_years_seen": [2024, 2025], "lat": 28.69433, "lon": 77.03391, "district": "North West Delhi"}, "geometry": {"type": "Polygon", "coordinates": [[[77.03345562966905, 28.694836705697906], [77.03345388558796, 28.694746498989957], [77.03335158014369, 28.694748036772317], [77.03333937241345, 28.69411658974026], [77.03446472511523, 28.694099670325546], [77.03447344970036, 28.694550703611643], [77.03437114451134, 28.69455224215517], [77.03437288936479, 28.694642448814204], [77.03427058408018, 28.694643987286206], [77.03427232885404, 28.69473419394966], [77.03386310728509, 28.694740347087915], [77.03386485171656, 28.69483055377297], [77.03345562966905, 28.694836705697906]]]}}, {"type": "Feature", "properties": {"id": "delhi-1985", "status": "alive", "area_ha": 0.78, "water_left": 0.82, "baseline_years_with_water": 3, "recent_years_seen": [2024, 2025], "lat": 28.58478, "lon": 77.27059, "district": "South East Delhi"}, "geometry": {"type": "Polygon", "coordinates": [[[77.27085238308645, 28.58513463088959], [77.27085044432557, 28.58504443682245], [77.27044171186675, 28.585051281344636], [77.27043977346302, 28.584961087250647], [77.27023540735428, 28.58496450903775], [77.27023346913356, 28.584874314929692], [77.2700291031633, 28.584877736396553], [77.27002716512558, 28.58478754227441], [77.2698227992938, 28.58479096342103], [77.26982086143913, 28.58470076928481], [77.26961649574584, 28.584704190111204], [77.26961455807417, 28.5846139959609], [77.26951237530122, 28.584615706252414], [77.26951043772553, 28.584525512094423], [77.26940825503073, 28.584527222302683], [77.26940631755099, 28.584437028136993], [77.2697128653475, 28.58443189730072], [77.2697148030884, 28.584522091447283], [77.2703278989633, 28.584511827661014], [77.27032983723545, 28.584602021767978], [77.27084075065486, 28.58459346646695], [77.27084268937118, 28.584683660540694], [77.27114923757706, 28.5846785264185], [77.27115117656346, 28.58476872047177], [77.27135554216363, 28.584765297326534], [77.27135748133304, 28.58485549136572], [77.27156184707167, 28.58485206790024], [77.27156572578548, 28.58503245594912], [77.27136135969864, 28.585035879440138], [77.27136329889478, 28.585126073475365], [77.27085238308645, 28.58513463088959]]]}}, {"type": "Feature", "properties": {"id": "delhi-372", "status": "alive", "area_ha": 0.77, "water_left": 1.0, "baseline_years_with_water": 3, "recent_years_seen": [2024, 2025], "lat": 28.77551, "lon": 77.09165, "district": "Outer North Delhi"}, "geometry": {"type": "Polygon", "coordinates": [[[77.09186691969029, 28.775965743703168], [77.09186511950261, 28.775875541402787], [77.0917627387851, 28.775877127411754], [77.09176093869364, 28.775786925104164], [77.09155617740976, 28.775790096877785], [77.09155437750245, 28.77569989455711], [77.09114485518737, 28.775706237150665], [77.09113405802763, 28.775165023057838], [77.0912364380911, 28.775163437561044], [77.09123463850541, 28.775073235213544], [77.09164415832497, 28.775066892474825], [77.09164595826243, 28.775157094798754], [77.09195309830424, 28.775152336913205], [77.09195489851379, 28.77524253921817], [77.09205727859917, 28.77524095309541], [77.09206087921893, 28.775421357689634], [77.09216325947193, 28.77541977147759], [77.09216686030064, 28.775600176054805], [77.09226924072127, 28.77559858975347], [77.09227644282954, 28.775959398868636], [77.09186691969029, 28.775965743703168]]]}}, {"type": "Feature", "properties": {"id": "delhi-493", "status": "alive", "area_ha": 0.75, "water_left": 0.96, "baseline_years_with_water": 3, "recent_years_seen": [2024, 2025], "lat": 28.75179, "lon": 76.96191, "district": "Outer North Delhi"}, "geometry": {"type": "Polygon", "coordinates": [[[76.96135419391165, 28.75211753136529], [76.9613525076566, 28.752027321446555], [76.96125014192506, 28.752028807418686], [76.96124676961394, 28.75184838756631], [76.96114440405039, 28.751849873449938], [76.9611427179943, 28.75175966351629], [76.96124508346996, 28.75175817763818], [76.96124339733373, 28.751667967708748], [76.9614481280861, 28.75166499573121], [76.96144644178187, 28.751574785811524], [76.96165117232756, 28.751571813535197], [76.96164948585533, 28.75148160362527], [76.96257077213703, 28.751468224597467], [76.96257245940006, 28.751558434457685], [76.96277718977548, 28.751555460477338], [76.96278056467625, 28.751735880171786], [76.96267819931668, 28.75173736721174], [76.96267988669081, 28.75182757706255], [76.96247515577272, 28.751830550921138], [76.96247684297884, 28.75192076078169], [76.96206738069827, 28.751926707591487], [76.96206906756068, 28.75201691747284], [76.96165960480478, 28.752022863065424], [76.96166129132344, 28.75211307296759], [76.96135419391165, 28.75211753136529]]]}}, {"type": "Feature", "properties": {"id": "delhi-1404", "status": "alive", "area_ha": 0.71, "water_left": 1.0, "baseline_years_with_water": 3, "recent_years_seen": [2024, 2025], "lat": 28.64921, "lon": 77.00971, "district": "West Delhi"}, "geometry": {"type": "Polygon", "coordinates": [[[77.01049241511309, 28.649882526272144], [77.01049069392649, 28.649792317683794], [77.01028616744442, 28.649795354113724], [77.01028444644052, 28.649705145512772], [77.01007992010163, 28.649708181622913], [77.01007647846718, 28.64952776439449], [77.0098719524463, 28.649530800173537], [77.00987023181574, 28.649440591546078], [77.00966570593803, 28.649443627005326], [77.00966398549018, 28.649353418365255], [77.00956172262687, 28.64935493597355], [77.00956344298733, 28.64944514461926], [77.00946118002874, 28.64944666215608], [77.00945945975567, 28.649356453504716], [77.00935719687658, 28.649357970958754], [77.00934171556128, 28.648546092987274], [77.00944397765377, 28.648544575584097], [77.00945429898393, 28.649085827542848], [77.00976108678721, 28.649081274768847], [77.00976280729877, 28.649171483407148], [77.01006959529313, 28.649166929922114], [77.01007131607479, 28.64925713854215], [77.01058262967766, 28.64924954782973], [77.01058435090422, 28.6493397564202], [77.01068661368848, 28.6493382380407], [77.01068833501036, 28.649428446624235], [77.01079059787412, 28.649426928161947], [77.0107992050391, 28.649877971031845], [77.01049241511309, 28.649882526272144]]]}}, {"type": "Feature", "properties": {"id": "delhi-309", "status": "alive", "area_ha": 0.68, "water_left": 1.0, "baseline_years_with_water": 3, "recent_years_seen": [2024, 2025], "lat": 28.79437, "lon": 77.16353, "district": "North Delhi"}, "geometry": {"type": "Polygon", "coordinates": [[[77.16312579732235, 28.79487359520737], [77.16311648272443, 28.79442260587486], [77.16321887680078, 28.794420964828614], [77.16321328788051, 28.794150371231595], [77.16311089406821, 28.794152012259566], [77.16310530548888, 28.793881418632424], [77.16382206014721, 28.79386992993581], [77.16382392361454, 28.7939601277702], [77.163926317191, 28.79395848621151], [77.16393377149781, 28.79431927751152], [77.16383137756931, 28.794320919094584], [77.16383510459796, 28.79450131474888], [77.16373271048488, 28.794502956266573], [77.16373457392402, 28.794593154097832], [77.16363217971437, 28.794594795544057], [77.16363404307404, 28.794684993380113], [77.16353164876783, 28.794686634754864], [77.16353351204802, 28.794776832595677], [77.16343111764525, 28.794778473898972], [77.16343298084597, 28.794868671744577], [77.16312579732235, 28.79487359520737]]]}}, {"type": "Feature", "properties": {"id": "delhi-1810", "status": "alive", "area_ha": 0.67, "water_left": 1.0, "baseline_years_with_water": 3, "recent_years_seen": [2024, 2025], "lat": 28.6066, "lon": 76.89555, "district": "South West Delhi"}, "geometry": {"type": "Polygon", "coordinates": [[[76.89545832670079, 28.606964116026823], [76.8954567068429, 28.606873900666436], [76.89535447816945, 28.606875330126428], [76.89535285840623, 28.60678511475943], [76.8952506298126, 28.606786544137098], [76.89524901014406, 28.606696328763476], [76.8950445531089, 28.60669918727713], [76.89504131414309, 28.606518756504734], [76.89493908578882, 28.606520185635397], [76.89493746640431, 28.606429970241944], [76.89483523812984, 28.606431399290273], [76.89483361884001, 28.60634118389021], [76.89473139064533, 28.60634261285621], [76.89472815226247, 28.606162182041558], [76.89503483630078, 28.606157894944513], [76.8950364557502, 28.606248110336495], [76.89554759610135, 28.60624096360805], [76.89554921599438, 28.606331178972106], [76.89585590037744, 28.606326889995014], [76.89585752053962, 28.60641710534179], [76.89595974873966, 28.606415675523422], [76.89596136899651, 28.606505890863584], [76.89606359727632, 28.60650446096289], [76.89606683798687, 28.606684891628692], [76.89596460953257, 28.606686321540053], [76.8959678500984, 28.60686675221138], [76.89576339281854, 28.606869611824415], [76.89576501293816, 28.60695982716882], [76.89545832670079, 28.606964116026823]]]}}, {"type": "Feature", "properties": {"id": "delhi-2724", "status": "alive", "area_ha": 0.65, "water_left": 1.0, "baseline_years_with_water": 2, "recent_years_seen": [2024, 2025], "lat": 28.51669, "lon": 76.9204, "district": "South West Delhi"}, "geometry": {"type": "Polygon", "coordinates": [[[76.92092583158652, 28.517270165250192], [76.92092419607334, 28.517179950038983], [76.92071991501525, 28.517182839000018], [76.92071827968327, 28.51709262377674], [76.92061613922978, 28.517094068136785], [76.92061450399214, 28.517003852906814], [76.92051236361796, 28.517005297184753], [76.92051072847468, 28.516915081948117], [76.92020430756752, 28.51691941430545], [76.92019940296429, 28.51664876853926], [76.92009726290736, 28.516650212488756], [76.92008908915321, 28.51619913615911], [76.92019122877599, 28.51619769223658], [76.92018959396088, 28.516107476972195], [76.92029173348932, 28.516106032978353], [76.9202950033007, 28.51628646349505], [76.92049928268231, 28.516283575255645], [76.92050091777296, 28.51637379050128], [76.92060305753931, 28.516372346261107], [76.92060469272428, 28.516462561500067], [76.9208089724081, 28.516459672778797], [76.92081060777426, 28.51654988800567], [76.9209127476917, 28.516548443524577], [76.92091438315222, 28.516638658744775], [76.92081224314795, 28.51664010323127], [76.92081387852916, 28.51673031845558], [76.92101815870386, 28.516727429395083], [76.92102142983617, 28.51690785981826], [76.92122571032812, 28.516904970429316], [76.92122734607923, 28.516995185628186], [76.92112520575019, 28.51699663036641], [76.92112847710132, 28.51717706077109], [76.9210263365911, 28.517178505443393], [76.92102797219111, 28.517268720649202], [76.92092583158652, 28.517270165250192]], [[76.92060959832436, 28.51673320720922], [76.92071173843053, 28.516731762870755], [76.92071010313614, 28.516641547641058], [76.92060796311681, 28.516642991974127], [76.92060959832436, 28.51673320720922]]]}}, {"type": "Feature", "properties": {"id": "delhi-1057", "status": "alive", "area_ha": 0.63, "water_left": 1.0, "baseline_years_with_water": 3, "recent_years_seen": [2024, 2025], "lat": 28.6832, "lon": 77.2525, "district": "North East Delhi"}, "geometry": {"type": "Polygon", "coordinates": [[[77.25210018367042, 28.683523714038422], [77.25209825305448, 28.683433520110142], [77.25199597326956, 28.683435222553065], [77.25199404274998, 28.68334502861713], [77.25189176304369, 28.683346730976528], [77.25188790220615, 28.683166343088033], [77.25199018173745, 28.683164640741296], [77.25198825124448, 28.683074446801392], [77.2521928101055, 28.68307104188904], [77.2521908794464, 28.682980847960494], [77.25321367234464, 28.682963818830903], [77.25321174081944, 28.682873624964387], [77.25362085738048, 28.6828668111767], [77.25362278925567, 28.68295700501786], [77.2533159515857, 28.68296211549342], [77.25331981483771, 28.6831425032098], [77.25311525599673, 28.683145909832923], [77.25311718746104, 28.683236103701812], [77.2529126284096, 28.68323951002887], [77.25291455970779, 28.683329703909102], [77.25281228008126, 28.683331406963188], [77.25281421130083, 28.683421600848437], [77.2526096518462, 28.683425006737714], [77.2526115828996, 28.68351520063433], [77.25210018367042, 28.683523714038422]]]}}, {"type": "Feature", "properties": {"id": "delhi-208", "status": "alive", "area_ha": 0.62, "water_left": 1.0, "baseline_years_with_water": 3, "recent_years_seen": [2024, 2025], "lat": 28.81844, "lon": 77.20413, "district": "Outer North Delhi"}, "geometry": {"type": "Polygon", "coordinates": [[[77.20409316050905, 28.819023029550763], [77.20408936032722, 28.818842639404608], [77.2039869451678, 28.81884431273196], [77.20398504517806, 28.818754117650705], [77.20388263009805, 28.81875579089421], [77.20387883032095, 28.818575400715314], [77.20377641540844, 28.818577073868788], [77.20376881631123, 28.81821629347031], [77.20366640174247, 28.818217966521324], [77.20366450207806, 28.818127771412204], [77.20376691655869, 28.81812609836739], [77.20376501681487, 28.81803590326314], [77.20417467429793, 28.818029210332455], [77.2041765743942, 28.818119405411878], [77.20427898883129, 28.818117731978926], [77.20428088902437, 28.818207927050807], [77.20438330354088, 28.818206253534036], [77.20438520383078, 28.81829644859838], [77.2044876184267, 28.818294774997774], [77.20450282176454, 28.819016335415416], [77.20409316050905, 28.819023029550763]]]}}, {"type": "Feature", "properties": {"id": "delhi-1474", "status": "alive", "area_ha": 0.62, "water_left": 1.0, "baseline_years_with_water": 3, "recent_years_seen": [2024, 2025], "lat": 28.64157, "lon": 77.22753, "district": "Old Delhi"}, "geometry": {"type": "Polygon", "coordinates": [[[77.22717694172806, 28.641980659867215], [77.22717312977943, 28.641800267821896], [77.22707088865711, 28.64180194920586], [77.22706326521417, 28.641441165074344], [77.22736998750702, 28.641436120766418], [77.22736808140623, 28.641345924749036], [77.22747032206568, 28.64134424316521], [77.22746841588632, 28.641254047152767], [77.22757065644971, 28.641252365498143], [77.22756875019178, 28.641162169490652], [77.22777323111765, 28.641158805962757], [77.22777132469385, 28.641068609966467], [77.22787356505633, 28.641066928093203], [77.22787547156746, 28.64115712408322], [77.2279777120085, 28.641155442126635], [77.22798915178302, 28.641696618001507], [77.22788691081807, 28.641698299995678], [77.2278926305616, 28.641968887934112], [77.22779038932593, 28.641970569870026], [77.22778848282331, 28.6418803738856], [77.22768624166622, 28.641882055738186], [77.22768814808151, 28.641972251728877], [77.2274836655664, 28.641975615215394], [77.22748175932574, 28.641885419212173], [77.22727727695025, 28.641888782377926], [77.22727918301626, 28.641978978393666], [77.22717694172806, 28.641980659867215]]]}}, {"type": "Feature", "properties": {"id": "delhi-294", "status": "alive", "area_ha": 0.6, "water_left": 1.0, "baseline_years_with_water": 3, "recent_years_seen": [2024, 2025], "lat": 28.80388, "lon": 76.99721, "district": "Outer North Delhi"}, "geometry": {"type": "Polygon", "coordinates": [[[76.9969551372612, 28.804201897297403], [76.99695169617168, 28.804021482739092], [76.9968492818751, 28.80402299816213], [76.99684412056428, 28.803752376298043], [76.99674170652409, 28.803753891626588], [76.99673654554854, 28.803483269733928], [76.99683895932446, 28.803481754422254], [76.99683723892696, 28.80339154712773], [76.99745172088814, 28.803382453661545], [76.9974534418142, 28.80347266092232], [76.99755585553486, 28.803471145067345], [76.99756618178546, 28.80401238857096], [76.99746376753622, 28.804013904459698], [76.9974654885175, 28.804104111711375], [76.99736307417228, 28.80410562752812], [76.99736479507338, 28.804195834784124], [76.9969551372612, 28.804201897297403]]]}}, {"type": "Feature", "properties": {"id": "delhi-188", "status": "alive", "area_ha": 0.59, "water_left": 0.76, "baseline_years_with_water": 2, "recent_years_seen": [2024, 2025], "lat": 28.82854, "lon": 77.1255, "district": "Outer North Delhi"}, "geometry": {"type": "Polygon", "coordinates": [[[77.12561343157905, 28.829034658782366], [77.12561159835072, 28.82894445915493], [77.12540673760267, 28.82894768765419], [77.12540307152392, 28.828767288371452], [77.12530064131366, 28.8287689024926], [77.12529697544485, 28.828588503192634], [77.12519454540255, 28.82859011722413], [77.12519087974371, 28.82840971790694], [77.12508844986935, 28.8284113318488], [77.12508478442048, 28.82823093251439], [77.12498235471408, 28.828232546366586], [77.12498052209041, 28.828142346691422], [77.12487809246377, 28.828143960459975], [77.12487625993668, 28.828053760777507], [77.12477383038983, 28.8280553744624], [77.12477199795931, 28.827965174772643], [77.12518171574368, 28.827958719591], [77.12518538131849, 28.828139118921317], [77.12539024051294, 28.82813589084052], [77.12539207348931, 28.82822609049174], [77.12549450316212, 28.828224476328845], [77.12549633623505, 28.828314675972752], [77.12559876598762, 28.828313061726206], [77.12560059915714, 28.828403261362816], [77.12570302898949, 28.828401647032607], [77.12570486225559, 28.82849184666192], [77.12580729216769, 28.82849023224805], [77.12580912553038, 28.828580431870055], [77.12591155552226, 28.828578817372524], [77.1259152224492, 28.828759216600652], [77.12601765260904, 28.82875760201346], [77.12602315332698, 28.829028200827818], [77.12561343157905, 28.829034658782366]]]}}, {"type": "Feature", "properties": {"id": "delhi-245", "status": "alive", "area_ha": 0.59, "water_left": 0.61, "baseline_years_with_water": 3, "recent_years_seen": [2024, 2025], "lat": 28.81138, "lon": 77.00314, "district": "Outer North Delhi"}, "geometry": {"type": "Polygon", "coordinates": [[[77.00263218698122, 28.811787536651984], [77.00263046100277, 28.811697329788174], [77.00252803955526, 28.81169884988754], [77.00252286193175, 28.81142822927141], [77.00262528311485, 28.811426709188954], [77.00262355716805, 28.811336502319946], [77.00272597825511, 28.811334982165498], [77.0027242522281, 28.81124477530082], [77.00292909420224, 28.811241734770284], [77.00292736800688, 28.811151527915595], [77.00313220977311, 28.811148487085784], [77.00313048340942, 28.811058280241085], [77.00343774573501, 28.811053718430998], [77.00343947236308, 28.81114392525877], [77.00354189321057, 28.81114240449449], [77.00354534666671, 28.811322818134858], [77.00364776768254, 28.811321297281648], [77.0036512213466, 28.811501710905524], [77.00354880015452, 28.81150323177002], [77.0035505269103, 28.81159343858565], [77.00334568432613, 28.81159648009301], [77.00334741091359, 28.811686686918613], [77.00293772529776, 28.811692769024212], [77.0029394515406, 28.811782975871093], [77.00263218698122, 28.811787536651984]]]}}, {"type": "Feature", "properties": {"id": "delhi-305", "status": "alive", "area_ha": 0.58, "water_left": 1.0, "baseline_years_with_water": 3, "recent_years_seen": [2024, 2025], "lat": 28.79739, "lon": 77.07493, "district": "Outer North Delhi"}, "geometry": {"type": "Polygon", "coordinates": [[[77.07438052806131, 28.797981079786837], [77.07437874129127, 28.797890876775156], [77.07427633792636, 28.797892450626808], [77.07427276458695, 28.797712044587836], [77.07437516777573, 28.797710470747855], [77.07437338103026, 28.79762026773225], [77.07447578412281, 28.797618693820535], [77.07447399729746, 28.797528490809462], [77.07457640029378, 28.797526916825998], [77.07457461338859, 28.79743671381947], [77.07467701628865, 28.797435139764264], [77.07467522930361, 28.797344936762258], [77.07477763210741, 28.797343362635317], [77.07477584504252, 28.79725315963785], [77.07487824775009, 28.79725158543917], [77.07487646060535, 28.797161382446234], [77.07497886321669, 28.797159808175806], [77.07497528877568, 28.796979402197707], [77.07507769120272, 28.796977827861397], [77.07507590390647, 28.796887624876227], [77.07517830623728, 28.796886050468167], [77.07517651886116, 28.79679584748754], [77.07548372554022, 28.796791123815424], [77.07549087615037, 28.79715193565997], [77.07538847358002, 28.7971535103183], [77.07539026116501, 28.797243713282025], [77.07528785849841, 28.797245287868606], [77.07528964600355, 28.79733549083686], [77.07518724324072, 28.797337065351723], [77.07518903066601, 28.797427268324505], [77.07508662780693, 28.79742884276762], [77.07508841515235, 28.79751904574494], [77.07498601219703, 28.797520620116313], [77.0749877994626, 28.797610823098175], [77.07488539641103, 28.797612397397813], [77.07488718359676, 28.79770260038421], [77.07478478044895, 28.79770417461211], [77.07478656755481, 28.79779437760304], [77.07468416431075, 28.797795951759195], [77.07468595133678, 28.79788615475466], [77.07458354799647, 28.797887728839072], [77.07458533494263, 28.797977931839082], [77.07438052806131, 28.797981079786837]]]}}, {"type": "Feature", "properties": {"id": "delhi-3742", "status": "alive", "area_ha": 0.58, "water_left": 1.0, "baseline_years_with_water": 3, "recent_years_seen": [2024, 2025], "lat": 28.41515, "lon": 77.19307, "district": "South Delhi"}, "geometry": {"type": "Polygon", "coordinates": [[[77.19282212007036, 28.41552315402334], [77.19282026105026, 28.41543295289928], [77.19261621048926, 28.415436239879572], [77.19260505758427, 28.41489503303393], [77.19291113185908, 28.414890102559728], [77.19290927281257, 28.414799901432673], [77.19331737138052, 28.414793326422853], [77.19331923077232, 28.414883527525294], [77.19342125547922, 28.41488188357582], [77.19342311496591, 28.414972084670797], [77.19352513975058, 28.41497044063883], [77.19353257812824, 28.41533124498105], [77.19343055299828, 28.415332889037636], [77.19343241252778, 28.415423090126076], [77.19302431157702, 28.415429665613598], [77.19302617076977, 28.41551986672535], [77.19282212007036, 28.41552315402334]]]}}, {"type": "Feature", "properties": {"id": "delhi-205", "status": "alive", "area_ha": 0.56, "water_left": 1.0, "baseline_years_with_water": 3, "recent_years_seen": [2024, 2025], "lat": 28.82284, "lon": 76.99039, "district": "Outer North Delhi"}, "geometry": {"type": "Polygon", "coordinates": [[[76.99004215008476, 28.82316267624068], [76.99003871821763, 28.822982261428503], [76.98993628494073, 28.822983772512018], [76.98992599005723, 28.822442528010665], [76.99013085554502, 28.822439505833223], [76.99013257151562, 28.82252971324216], [76.9903374371483, 28.822526690742805], [76.99033915330314, 28.822616898139223], [76.9905440190807, 28.822613875317938], [76.99054573541976, 28.822704082701833], [76.99064816838492, 28.822702571169078], [76.99064988482003, 28.82279277854607], [76.9908547509031, 28.822789755236297], [76.99085646752245, 28.822879962600783], [76.99095890064035, 28.82287845082376], [76.99096061735575, 28.822968658181335], [76.99106305055396, 28.822967146321034], [76.99106476736542, 28.823057353671697], [76.99085990078474, 28.823060377325838], [76.9908616174277, 28.82315058468642], [76.99004215008476, 28.82316267624068]]]}}, {"type": "Feature", "properties": {"id": "delhi-996", "status": "alive", "area_ha": 0.56, "water_left": 0.5, "baseline_years_with_water": 3, "recent_years_seen": [2024, 2025], "lat": 28.69473, "lon": 76.99845, "district": "Outer North Delhi"}, "geometry": {"type": "Polygon", "coordinates": [[[76.99835922321807, 28.69508900920601], [76.99835750920887, 28.694998800548692], [76.9982552013047, 28.695000311811878], [76.99825348739097, 28.69491010314764], [76.99815117956653, 28.694911614327935], [76.99814946574828, 28.694821405656793], [76.99804715800357, 28.69482291675418], [76.99804373056591, 28.694642499396764], [76.99814603813539, 28.694640988310617], [76.99814089677506, 28.694370362281614], [76.9983455113648, 28.694367339911246], [76.99834379741856, 28.694277131243567], [76.99865071898132, 28.694272597125376], [76.99865243319039, 28.694362805776194], [76.99875474044984, 28.6943612942433], [76.99875645475439, 28.69445150288719], [76.99885876209356, 28.69444999127141], [76.99887076305896, 28.695081451702972], [76.99876845510653, 28.695082963358114], [76.9987667407469, 28.6949927547233], [76.9986644328742, 28.69499426629556], [76.99866614714622, 28.695084474935996], [76.99835922321807, 28.69508900920601]]]}}, {"type": "Feature", "properties": {"id": "delhi-397", "status": "alive", "area_ha": 0.53, "water_left": 1.0, "baseline_years_with_water": 3, "recent_years_seen": [2024, 2025], "lat": 28.76961, "lon": 77.11202, "district": "Outer North Delhi"}, "geometry": {"type": "Polygon", "coordinates": [[[77.11192492377397, 28.770149515493458], [77.11192128977332, 28.769969113063176], [77.11181891614193, 28.769970713972768], [77.11181164859231, 28.769609909072706], [77.11170927530426, 28.769611509881024], [77.11170019149434, 28.769160503696757], [77.1118025643428, 28.769158902918168], [77.1118007475179, 28.76906870168332], [77.11200549301402, 28.76906549990557], [77.11200731001476, 28.76915570112852], [77.11210968283822, 28.76915410011747], [77.11211149993521, 28.769244301333153], [77.11221387283825, 28.76924270023867], [77.11222114166117, 28.76960350506456], [77.11232351490754, 28.7696019038688], [77.11233260156332, 28.770052909841947], [77.11223022787736, 28.770054511067435], [77.11223204514562, 28.770144712264084], [77.11192492377397, 28.770149515493458]]]}}, {"type": "Feature", "properties": {"id": "delhi-703", "status": "alive", "area_ha": 0.51, "water_left": 1.0, "baseline_years_with_water": 3, "recent_years_seen": [2024, 2025], "lat": 28.7245, "lon": 77.035, "district": "Outer North Delhi"}, "geometry": {"type": "Polygon", "coordinates": [[[77.03475494435168, 28.72495489332779], [77.03474970226213, 28.724684274623637], [77.03464736776888, 28.724685814847412], [77.03464562050948, 28.724595608604364], [77.03454328609595, 28.724597148745055], [77.03453979177665, 28.7244167362436], [77.03464212601472, 28.724415196114364], [77.03464037877936, 28.72432498986742], [77.03453804462902, 28.724326529990936], [77.03453629748942, 28.724236323736957], [77.03474096560662, 28.72423324342402], [77.03473921829956, 28.72414303718019], [77.03514855408679, 28.724136875648963], [77.03514680643686, 28.724046669426738], [77.03524914027587, 28.72404512885627], [77.03525088801355, 28.724135335072763], [77.035455555843, 28.724132253688296], [77.03545730376415, 28.724222459892033], [77.03555963775457, 28.724220919078043], [77.03556313379642, 28.72440133147015], [77.03546079963053, 28.724402872295595], [77.035464295529, 28.72458328469396], [77.03495262370194, 28.72459098771815], [77.03495437122456, 28.724681193944015], [77.03485203674735, 28.7246827343225], [77.0348572791001, 28.72495335300948], [77.03475494435168, 28.72495489332779]]]}}, {"type": "Feature", "properties": {"id": "delhi-1262", "status": "alive", "area_ha": 0.5, "water_left": 0.88, "baseline_years_with_water": 3, "recent_years_seen": [2024, 2025], "lat": 28.66207, "lon": 77.13113, "district": "Central Delhi"}, "geometry": {"type": "Polygon", "coordinates": [[[77.1317617967178, 28.66273527890691], [77.13175997078629, 28.662645077421843], [77.13155543507673, 28.662648298247806], [77.13155360932848, 28.662558096749432], [77.13145134154857, 28.662559707040707], [77.13144951589614, 28.66246950553502], [77.13134724819527, 28.662471115743163], [77.13134542263865, 28.662380914230177], [77.13124315501683, 28.662382524355177], [77.13124132955603, 28.662292322834897], [77.13113906201326, 28.662293932876757], [77.13113723664827, 28.662203731349173], [77.13103496918455, 28.662205341307903], [77.13103314391539, 28.662115139773007], [77.13093087653071, 28.662116749648604], [77.13092905135737, 28.662026548106407], [77.13082678405175, 28.662028157898863], [77.13082495897419, 28.66193795634937], [77.13072269174764, 28.6619395660587], [77.1307208667659, 28.661849364501904], [77.13061859961839, 28.661850974128093], [77.13061677473246, 28.661760772563987], [77.130514507664, 28.66176238210705], [77.1305126828739, 28.661672180535657], [77.13041041588447, 28.66167378999558], [77.13040676650425, 28.661493386836877], [77.13071356692276, 28.661488558261635], [77.13071539187098, 28.661578759823666], [77.13081765874782, 28.661577150138314], [77.13081948379185, 28.66166735169304], [77.13092175074773, 28.661665741924555], [77.13092357588758, 28.661755943471984], [77.13102584292251, 28.661754333620365], [77.13102949340218, 28.661934736699305], [77.13113176060361, 28.66193312675855], [77.13113358594345, 28.66202332829007], [77.131338120496, 28.662020108165166], [77.13134177155055, 28.662200511200297], [77.13154630641931, 28.66219729074284], [77.13154813213401, 28.662287492246453], [77.13165039964326, 28.662285881896022], [77.13165222545379, 28.662376083392328], [77.13175449304207, 28.662374472958764], [77.13175631894842, 28.66246467444776], [77.13185858661575, 28.662463063931057], [77.13186041261793, 28.662553265412757], [77.13196268036431, 28.662551654812905], [77.13196633256867, 28.662732057760387], [77.1317617967178, 28.66273527890691]]]}}, {"type": "Feature", "properties": {"id": "delhi-2414", "status": "alive", "area_ha": 0.5, "water_left": 1.0, "baseline_years_with_water": 3, "recent_years_seen": [2024, 2025], "lat": 28.54486, "lon": 77.3103, "district": "South East Delhi"}, "geometry": {"type": "Polygon", "coordinates": [[[77.31056677038569, 28.545486334893326], [77.31056480098027, 28.545396142810255], [77.31046265901328, 28.545397881766963], [77.31046068970377, 28.545307689676076], [77.31035854781459, 28.545309428549558], [77.31035657860103, 28.54521923645086], [77.31025443678966, 28.545220975241115], [77.31025049856342, 28.545040591026762], [77.31014835691674, 28.545042329727305], [77.31014441890046, 28.544861945494674], [77.31004227741846, 28.54486368410551], [77.31003833961213, 28.544683299854608], [77.30993619829482, 28.54468503837573], [77.3099342294921, 28.5445948462418], [77.30983208825262, 28.54459658467969], [77.30982815084805, 28.544416200394902], [77.30972600977324, 28.544417938743074], [77.30972207257862, 28.544237554440013], [77.31002849525468, 28.544232339204203], [77.31003243297052, 28.544412723468337], [77.31013457401816, 28.544410984889957], [77.31013654297651, 28.54450117701355], [77.31023868410198, 28.54449943835194], [77.31024262221959, 28.544679822582168], [77.31034476350973, 28.54467808383085], [77.31034673266899, 28.5447682759375], [77.31044887403694, 28.54476653710295], [77.31045084329212, 28.54485672920178], [77.3105529847379, 28.544854990284005], [77.31055692344914, 28.545035374464717], [77.3106590650596, 28.54503363545723], [77.31066103451566, 28.545123827539104], [77.31076317620395, 28.54512208844839], [77.31076711531699, 28.545302472595193], [77.31086925716995, 28.545300733414763], [77.31087122682695, 28.545390925479694], [77.31076908488711, 28.545392664666615], [77.31077105446627, 28.545482856736708], [77.31056677038569, 28.545486334893326]]]}}, {"type": "Feature", "properties": {"id": "delhi-2435", "status": "alive", "area_ha": 0.5, "water_left": 0.88, "baseline_years_with_water": 2, "recent_years_seen": [2024, 2025], "lat": 28.54944, "lon": 76.89172, "district": "South West Delhi"}, "geometry": {"type": "Polygon", "coordinates": [[[76.89126222158677, 28.549631060136587], [76.89125577190217, 28.549270194760847], [76.89135794513554, 28.549268771009032], [76.89135472016376, 28.54908833832409], [76.892069931372, 28.54907836998476], [76.89207154446306, 28.549168586290662], [76.89217371755012, 28.549167161929578], [76.89217533073558, 28.549257378228877], [76.89227750390219, 28.549255953785657], [76.89227911718204, 28.54934617007835], [76.89217694392845, 28.549347594526893], [76.89218017033643, 28.549528027119067], [76.89197582345903, 28.549530875806944], [76.8919774365002, 28.54962109211174], [76.89126222158677, 28.549631060136587]]]}}, {"type": "Feature", "properties": {"id": "delhi-984", "status": "alive", "area_ha": 0.49, "water_left": 0.61, "baseline_years_with_water": 2, "recent_years_seen": [2024, 2025], "lat": 28.69477, "lon": 77.04379, "district": "North West Delhi"}, "geometry": {"type": "Polygon", "coordinates": [[[77.04369665957014, 28.69522377349623], [77.043694906681, 28.695133567369652], [77.0435926015138, 28.695135112912638], [77.04356981582578, 28.69396243307394], [77.04387672788697, 28.693957796437445], [77.04388549276611, 28.694408827084406], [77.04398779720837, 28.694407281355645], [77.04400182213428, 28.695128930277118], [77.04389951699123, 28.695130476051897], [77.04390127005557, 28.695220682166973], [77.04369665957014, 28.69522377349623]]]}}, {"type": "Feature", "properties": {"id": "delhi-1223", "status": "alive", "area_ha": 0.49, "water_left": 1.0, "baseline_years_with_water": 3, "recent_years_seen": [2024, 2025], "lat": 28.666, "lon": 77.13638, "district": "Central Delhi"}, "geometry": {"type": "Polygon", "coordinates": [[[77.13695572458127, 28.666623508513283], [77.13695389390821, 28.66653330738595], [77.13685162262995, 28.666534921959073], [77.13684979205276, 28.66644472082442], [77.13674752085353, 28.666446335314376], [77.1367456903722, 28.666356134172403], [77.13654114812344, 28.66635936290883], [77.1365393178254, 28.666269161753537], [77.13643704677587, 28.666270776000008], [77.13643521657369, 28.66618057483739], [77.13633294560319, 28.6661821890007], [77.13633111549686, 28.666091987830768], [77.13622884460543, 28.666093601910916], [77.13622701459495, 28.666003400733665], [77.13612474378255, 28.666005014730647], [77.1361210839617, 28.6658246123602], [77.13591654266149, 28.66582784009869], [77.13591471293856, 28.66573763889948], [77.13581244236329, 28.665739252646993], [77.13581061273622, 28.66564905144048], [77.13570834224, 28.66565066510482], [77.13570651270878, 28.66556046389098], [77.13560424229159, 28.665562077472174], [77.13560241285622, 28.665471876251022], [77.13550014251808, 28.665473489749054], [77.13549831317856, 28.665383288520587], [77.1358051239054, 28.665378447813058], [77.13580695350727, 28.665468649023502], [77.13601149412472, 28.665465421487383], [77.13601332390989, 28.665555622684508], [77.13611559429346, 28.66555400879471], [77.13611742417446, 28.66564420998452], [77.13621969463706, 28.665642596011562], [77.13622152461394, 28.66573279719405], [77.13632379515559, 28.665731183137936], [77.13632562522831, 28.66582138431311], [77.136427895849, 28.665819770173833], [77.13642972601755, 28.665909971341684], [77.1365319967173, 28.665908357119246], [77.13653382698173, 28.66599855827978], [77.1366360977605, 28.665996943974182], [77.13663792812078, 28.666087145127396], [77.13684246982803, 28.666083916272722], [77.13684613092357, 28.666264318551193], [77.13694840193949, 28.666262703996104], [77.13695206324356, 28.66644310625731], [77.13705433442597, 28.666441491613046], [77.13705616517807, 28.666531692735678], [77.1371584364395, 28.666530078008247], [77.13716026728746, 28.666620279123563], [77.13695572458127, 28.666623508513283]]]}}, {"type": "Feature", "properties": {"id": "delhi-370", "status": "alive", "area_ha": 0.48, "water_left": 1.0, "baseline_years_with_water": 3, "recent_years_seen": [2024, 2025], "lat": 28.77836, "lon": 76.96522, "district": "Outer North Delhi"}, "geometry": {"type": "Polygon", "coordinates": [[[76.9653400584664, 28.77903961343223], [76.96533836690499, 28.778949404088927], [76.9652359751458, 28.778950894348814], [76.96523259222222, 28.77877047564727], [76.96513020063126, 28.77877196581855], [76.96512681791468, 28.778591547100746], [76.96502442649194, 28.778593037183413], [76.9650108966399, 28.777871362216064], [76.96511328735875, 28.777869872177664], [76.96511666995119, 28.778050290916212], [76.96521906083825, 28.7780488007892], [76.96522075223409, 28.778139010151], [76.96532314320137, 28.77813751994092], [76.96532483469295, 28.778227729295885], [76.96542722574047, 28.778226239002723], [76.96543230052575, 28.77849686704323], [76.96553469182946, 28.77849537665593], [76.96553807523442, 28.778675795332056], [76.96564046670636, 28.778674304856143], [76.96564215850847, 28.778764514186733], [76.96574455006062, 28.77876302362774], [76.96574624195848, 28.778853232951487], [76.96584863359087, 28.778851742309417], [76.96585032558447, 28.778941951626347], [76.9657479338641, 28.778943442273942], [76.96574962577748, 28.7790336515951], [76.9653400584664, 28.77903961343223]]]}}, {"type": "Feature", "properties": {"id": "delhi-2218", "status": "alive", "area_ha": 0.48, "water_left": 0.96, "baseline_years_with_water": 3, "recent_years_seen": [2024, 2025], "lat": 28.56686, "lon": 77.00482, "district": "South West Delhi"}, "geometry": {"type": "Polygon", "coordinates": [[[77.00462569646906, 28.567224189625744], [77.00462398617564, 28.567133979612642], [77.00452180258887, 28.567135489457048], [77.00450812122091, 28.566413809260624], [77.00461030411138, 28.56641229946129], [77.00460859388872, 28.56632208943655], [77.00491514225187, 28.566317559594292], [77.00491685273563, 28.566407769602126], [77.00501903559464, 28.566406259495356], [77.00502245675982, 28.56658667949588], [77.00512463978505, 28.56658516930098], [77.00512635046645, 28.56667537929367], [77.00522853357086, 28.56667386901627], [77.00523024434719, 28.566764079002034], [77.00512806115574, 28.56676558928507], [77.0051314825579, 28.566946009263972], [77.00502929918453, 28.56694751948141], [77.00503100981037, 28.567037729474556], [77.0049288263421, 28.567039239620772], [77.00493053688876, 28.567129449618253], [77.00472616975453, 28.567132469691373], [77.004727880135, 28.56722267969884], [77.00462569646906, 28.567224189625744]]]}}, {"type": "Feature", "properties": {"id": "delhi-1011", "status": "alive", "area_ha": 0.47, "water_left": 0.77, "baseline_years_with_water": 3, "recent_years_seen": [2024, 2025], "lat": 28.69289, "lon": 76.99729, "district": "Outer North Delhi"}, "geometry": {"type": "Polygon", "coordinates": [[[76.99709898194199, 28.69339317333967], [76.9970904179782, 28.692942129579713], [76.9969881119945, 28.692943639786428], [76.99698468663922, 28.69276322226213], [76.99708699244772, 28.69276171206666], [76.9970835669487, 28.692581294548408], [76.99728817819171, 28.692578273948154], [76.99728646527882, 28.69248806519832], [76.99749107631519, 28.692485044300263], [76.99749278940328, 28.692575253038857], [76.99769740058338, 28.69257223182051], [76.99770254042045, 28.692842857994776], [76.99760023457155, 28.692844368659443], [76.99760366099373, 28.693024786113707], [76.99750135496176, 28.69302629671235], [76.99750649439125, 28.693296922900885], [76.9974041880886, 28.693298433439132], [76.9974059011599, 28.69338864217167], [76.99709898194199, 28.69339317333967]]]}}, {"type": "Feature", "properties": {"id": "delhi-2501", "status": "alive", "area_ha": 0.47, "water_left": 1.0, "baseline_years_with_water": 3, "recent_years_seen": [2024, 2025], "lat": 28.54164, "lon": 77.00787, "district": "South West Delhi"}, "geometry": {"type": "Polygon", "coordinates": [[[77.00772782598919, 28.542183128037934], [77.00772098140062, 28.541822287333915], [77.00761882244394, 28.541823798288593], [77.00761368934592, 28.541553167730083], [77.00751153064215, 28.541554678591066], [77.0075063978757, 28.541284048003988], [77.00760855631871, 28.541282537159933], [77.00760684532536, 28.541192326967302], [77.00791332034638, 28.54118779399139], [77.00791674286245, 28.54136821434152], [77.0080189013609, 28.541366703184703], [77.0080223240823, 28.541547123518377], [77.00812448274671, 28.54154561227351], [77.00812790567345, 28.541726032590727], [77.00823006450385, 28.541724521257795], [77.00823519921374, 28.541995151706992], [77.00803088102352, 28.541998174329937], [77.00803259243538, 28.542088384488373], [77.00782827403982, 28.542091406815484], [77.0078299852857, 28.542181616983907], [77.00772782598919, 28.542183128037934]]]}}, {"type": "Feature", "properties": {"id": "delhi-1677", "status": "alive", "area_ha": 0.46, "water_left": 1.0, "baseline_years_with_water": 3, "recent_years_seen": [2024, 2025], "lat": 28.62528, "lon": 77.01099, "district": "South West Delhi"}, "geometry": {"type": "Polygon", "coordinates": [[[77.01166553695973, 28.625592090978376], [77.01166381650202, 28.625501882131786], [77.01105037870228, 28.625510988769758], [77.01104865877626, 28.62542077988793], [77.01074194003158, 28.625425332149835], [77.01074022037535, 28.62533512324975], [77.01063798086528, 28.625336640510646], [77.01063626130424, 28.625246431603603], [77.01053402187357, 28.625247948781798], [77.01053230240773, 28.625157739867806], [77.00991886618161, 28.625166841285115], [77.0099171472474, 28.62507663233592], [77.00981490793603, 28.625078148963496], [77.00981318909704, 28.624987940007347], [77.01032438513845, 28.62498035612728], [77.01032610441392, 28.625070565055164], [77.0108373006943, 28.62506297922073], [77.01083902041414, 28.62515318811905], [77.01124797764541, 28.62514711804209], [77.01124969772232, 28.625237326916498], [77.01135193709769, 28.625235809198994], [77.0113536572698, 28.625326018066453], [77.01176261504136, 28.625319946403355], [77.01176777665266, 28.62559057293007], [77.01166553695973, 28.625592090978376]]]}}, {"type": "Feature", "properties": {"id": "delhi-409", "status": "alive", "area_ha": 0.45, "water_left": 1.0, "baseline_years_with_water": 3, "recent_years_seen": [2024, 2025], "lat": 28.76759, "lon": 77.00199, "district": "Outer North Delhi"}, "geometry": {"type": "Polygon", "coordinates": [[[77.00158781417497, 28.767859674720725], [77.00158609222325, 28.767769467212432], [77.00148371363068, 28.767770984411026], [77.0014819917748, 28.76768077689581], [77.00158437027942, 28.76767925970284], [77.0015809264155, 28.767498844679764], [77.00168330473637, 28.76749732742057], [77.00168158272832, 28.76740711991272], [77.00178396095338, 28.76740560258166], [77.0017822388653, 28.76731539507814], [77.00239650752206, 28.76730628949814], [77.00240512067938, 28.767757326833625], [77.00230274215002, 28.767758844652224], [77.00230446471727, 28.767849052121065], [77.00158781417497, 28.767859674720725]]]}}, {"type": "Feature", "properties": {"id": "delhi-586", "status": "alive", "area_ha": 0.45, "water_left": 1.0, "baseline_years_with_water": 3, "recent_years_seen": [2024, 2025], "lat": 28.73542, "lon": 77.00737, "district": "Outer North Delhi"}, "geometry": {"type": "Polygon", "coordinates": [[[77.00742316872919, 28.735650106123064], [77.00742144405724, 28.73555989850772], [77.00690970989581, 28.73556749807923], [77.0069028130429, 28.735206667491873], [77.00700515953986, 28.73520514775496], [77.00700343525864, 28.73511494011052], [77.00771985990133, 28.73510429982459], [77.00772330970071, 28.73528471503307], [77.00782565622215, 28.735283194671332], [77.00783083124394, 28.735553817457358], [77.00772848445914, 28.735555337836043], [77.00773020939444, 28.735645545434434], [77.00742316872919, 28.735650106123064]]]}}, {"type": "Feature", "properties": {"id": "delhi-1510", "status": "alive", "area_ha": 0.45, "water_left": 1.0, "baseline_years_with_water": 3, "recent_years_seen": [2024, 2025], "lat": 28.64165, "lon": 77.02691, "district": "West Delhi"}, "geometry": {"type": "Polygon", "coordinates": [[[77.02722172675462, 28.64214371782957], [77.02721999180831, 28.642053510070358], [77.02701548245145, 28.642056571003927], [77.0270120129322, 28.64187615545879], [77.02680750389293, 28.641879216061174], [77.02680576931999, 28.641789008275264], [77.02670351487576, 28.641790538455115], [77.02670178039816, 28.64170033066221], [77.02659952603332, 28.64170186075927], [77.02659779165104, 28.64161165295936], [77.02639328307221, 28.641614712910794], [77.02638981468102, 28.641434297284285], [77.02628756055438, 28.641435827132963], [77.02628582645809, 28.641345619312066], [77.02638808049738, 28.641344089469086], [77.02638634632171, 28.641253881652595], [77.02628409236979, 28.641255411489873], [77.02628235828945, 28.641165203666375], [77.02648686601059, 28.641162143926117], [77.02648860026565, 28.641252351738224], [77.02659085420163, 28.641250821746755], [77.02659258855203, 28.64134102955185], [77.02669484256742, 28.641339499477592], [77.02669657701314, 28.64142970727569], [77.02679883110793, 28.641428177118637], [77.02680056564898, 28.641518384909748], [77.02690281982315, 28.6415168546699], [77.02690455445955, 28.641607062454003], [77.02721131719633, 28.6416024712548], [77.0272130521028, 28.641692679020508], [77.02731530641981, 28.641691148460886], [77.02731877643136, 28.641871563977], [77.02752328539096, 28.641868502603664], [77.02752502058343, 28.641958710348373], [77.02742276602024, 28.641960241079293], [77.02742623625434, 28.642140656576217], [77.02722172675462, 28.64214371782957]]]}}, {"type": "Feature", "properties": {"id": "delhi-2808", "status": "alive", "area_ha": 0.43, "water_left": 1.0, "baseline_years_with_water": 3, "recent_years_seen": [2024, 2025], "lat": 28.51164, "lon": 76.92021, "district": "South West Delhi"}, "geometry": {"type": "MultiPolygon", "coordinates": [[[[76.92032521027369, 28.512315547096765], [76.92031867165731, 28.51195468585375], [76.92042080717697, 28.51195324195464], [76.92040936428018, 28.511321734767662], [76.92030722936819, 28.511323178629], [76.92030559478553, 28.511232963306046], [76.92020345995282, 28.5112344070853], [76.92020509444866, 28.51132462241365], [76.92000082458706, 28.51132750975286], [76.9200122650532, 28.511959017090874], [76.92011440059542, 28.51195757342186], [76.92011603506461, 28.512047788745335], [76.91991176379902, 28.51205067601744], [76.9199150324127, 28.51223110668211], [76.9202214398207, 28.512226775626534], [76.92022307439925, 28.512316990940757], [76.92032521027369, 28.512315547096765]]], [[[76.92001880262782, 28.51231987839863], [76.9200204370403, 28.51241009372236], [76.92012257301657, 28.512408650026376], [76.92012420752334, 28.512498865343428], [76.92022634357893, 28.512497421565353], [76.92022307439925, 28.512316990940757], [76.92001880262782, 28.51231987839863]]]]}}, {"type": "Feature", "properties": {"id": "delhi-963", "status": "alive", "area_ha": 0.42, "water_left": 1.0, "baseline_years_with_water": 3, "recent_years_seen": [2024, 2025], "lat": 28.69621, "lon": 77.10865, "district": "North West Delhi"}, "geometry": {"type": "Polygon", "coordinates": [[[77.10829666891985, 28.696578390423134], [77.10829486054587, 28.696488188015973], [77.10819255825923, 28.696489782460954], [77.10819074998115, 28.69639958004655], [77.1082930521802, 28.696397985607497], [77.10828943547375, 28.696217580786637], [77.10839173748934, 28.696215986282187], [77.10838992906096, 28.696125783875733], [77.10849223098064, 28.69612418929997], [77.10849042247301, 28.696033986898133], [77.10859272429681, 28.69603239225104], [77.10858910713124, 28.695851987455313], [77.10889601202727, 28.69584720308613], [77.10889782086868, 28.695937405466854], [77.10910242426635, 28.695934215489267], [77.1091060423244, 28.696114620223053], [77.10900374045453, 28.696116215262347], [77.10900554940842, 28.69620641763321], [77.10890324744267, 28.696208012601176], [77.10890686520018, 28.696388417350853], [77.10880456305095, 28.696390012253428], [77.10880637185457, 28.696480214632242], [77.10870406960944, 28.6964818094635], [77.10870587833378, 28.696572011846932], [77.10829666891985, 28.696578390423134]]]}}, {"type": "Feature", "properties": {"id": "delhi-2705", "status": "alive", "area_ha": 0.41, "water_left": 0.8, "baseline_years_with_water": 3, "recent_years_seen": [2024, 2025], "lat": 28.51514, "lon": 77.17031, "district": "South Delhi"}, "geometry": {"type": "Polygon", "coordinates": [[[77.17026647218653, 28.51540970921145], [77.17026462461732, 28.515319508053558], [77.17016250182284, 28.515321139898752], [77.1701606543489, 28.515230938733453], [77.1700585316327, 28.51523257049589], [77.17005298952218, 28.514961966973832], [77.16995086705779, 28.514963598641327], [77.16994901979137, 28.5148733974586], [77.170051142169, 28.514871765797206], [77.17004929482431, 28.514781564619266], [77.1702535393805, 28.514778301078675], [77.17025169187077, 28.514688099911613], [77.17066018053413, 28.514681571934823], [77.17066202839092, 28.5147717730775], [77.17076415062228, 28.51477014088554], [77.17076784653491, 28.514950543154768], [77.17066572413002, 28.514952175358918], [77.17066757201233, 28.515042376497668], [77.17056544951215, 28.515044008631254], [77.17057099294975, 28.515314612057942], [77.17046887018076, 28.515316244133146], [77.17047071792352, 28.515406445278852], [77.17026647218653, 28.51540970921145]]]}}, {"type": "Feature", "properties": {"id": "delhi-498", "status": "alive", "area_ha": 0.4, "water_left": 0.78, "baseline_years_with_water": 3, "recent_years_seen": [2024, 2025], "lat": 28.74558, "lon": 77.2068, "district": "North Delhi"}, "geometry": {"type": "MultiPolygon", "coordinates": [[[[77.20703540701109, 28.744718559506715], [77.20703351021177, 28.74462836362129], [77.20693116772914, 28.744630035255057], [77.20693306444068, 28.74472023114669], [77.20703540701109, 28.744718559506715]]], [[[77.20683072186155, 28.744721902709284], [77.20683451513514, 28.744902294501017], [77.20673217237176, 28.74490396599863], [77.20675493169094, 28.74598631671282], [77.2066525878654, 28.745987988207567], [77.20666396746815, 28.746529163530703], [77.20686865616398, 28.74652582038927], [77.20686486257709, 28.746345428645014], [77.20696720673637, 28.74634375697063], [77.20695392884188, 28.74571238586766], [77.20685158529712, 28.745714057498564], [77.20684589516482, 28.74544346984458], [77.20694823844622, 28.7454417982323], [77.20693306444068, 28.74472023114669], [77.20683072186155, 28.744721902709284]]]]}}, {"type": "Feature", "properties": {"id": "delhi-1083", "status": "alive", "area_ha": 0.4, "water_left": 1.0, "baseline_years_with_water": 2, "recent_years_seen": [2024, 2025], "lat": 28.6843, "lon": 76.96776, "district": "Outer North Delhi"}, "geometry": {"type": "Polygon", "coordinates": [[[76.96735664288909, 28.68444453117861], [76.967354956204, 28.684354320682747], [76.96715035723477, 28.684357295252155], [76.96714698423811, 28.68417687423441], [76.96735158285708, 28.68417389968714], [76.96734989619523, 28.684083689187386], [76.96806599050468, 28.68407327587762], [76.9680676777795, 28.684163486338612], [76.96827227625904, 28.684160510401018], [76.96827396371673, 28.684250720849644], [76.96837626303244, 28.684249232759452], [76.9683796381462, 28.684429653641736], [76.96735664288909, 28.68444453117861]]]}}, {"type": "Feature", "properties": {"id": "delhi-1131", "status": "alive", "area_ha": 0.39, "water_left": 1.0, "baseline_years_with_water": 3, "recent_years_seen": [2024, 2025], "lat": 28.67775, "lon": 77.05374, "district": "Outer North Delhi"}, "geometry": {"type": "Polygon", "coordinates": [[[77.05359785661805, 28.678200367931545], [77.05359609648103, 28.67811016213794], [77.05349380849394, 28.678111714326587], [77.05349028841916, 28.677931302723913], [77.05338800059904, 28.6779328548238], [77.05338096089655, 28.677572031579743], [77.05409697301715, 28.67756116542099], [77.05410401517018, 28.67792198850328], [77.05400172739856, 28.677923541066406], [77.0540034878695, 28.6780137468395], [77.05390120000227, 28.678015299331197], [77.05390296039378, 28.678105505108764], [77.05380067243094, 28.678107057529033], [77.05380243274303, 28.67819726331108], [77.05359785661805, 28.678200367931545]]]}}, {"type": "Feature", "properties": {"id": "delhi-345", "status": "alive", "area_ha": 0.38, "water_left": 0.95, "baseline_years_with_water": 3, "recent_years_seen": [2024, 2025], "lat": 28.78322, "lon": 76.97597, "district": "Outer North Delhi"}, "geometry": {"type": "Polygon", "coordinates": [[[76.9757700290517, 28.783579552127698], [76.97576832819779, 28.783489343412285], [76.97566593264848, 28.78349084179313], [76.97566253114007, 28.78331042434729], [76.97556013575898, 28.78331192263946], [76.97555673445778, 28.783131505177295], [76.97565912966289, 28.783130006896243], [76.97565742893599, 28.783039798168783], [76.97627179947463, 28.78303080688725], [76.97627350072956, 28.78312101558133], [76.97637589588004, 28.7831195167574], [76.97638099995568, 28.783390142815172], [76.97627860454118, 28.78339164165579], [76.97628030582733, 28.78348185034468], [76.97607551479894, 28.783484847804388], [76.97607721591686, 28.78357505650311], [76.9757700290517, 28.783579552127698]]]}}, {"type": "Feature", "properties": {"id": "delhi-435", "status": "alive", "area_ha": 0.38, "water_left": 0.68, "baseline_years_with_water": 3, "recent_years_seen": [2024, 2025], "lat": 28.76159, "lon": 77.13669, "district": "North Delhi"}, "geometry": {"type": "Polygon", "coordinates": [[[77.13643687616869, 28.761914048621595], [77.13643320126026, 28.76173364884545], [77.13633083729587, 28.761735267905934], [77.13632716259691, 28.76155486811252], [77.13642952638556, 28.76155324906407], [77.13642585154457, 28.76137284927744], [77.13663057874506, 28.76136961097223], [77.13662874116146, 28.761279411088974], [77.13703819510981, 28.76127293357313], [77.1370400330449, 28.76136313343233], [77.13714239659878, 28.761361513853707], [77.13714607266999, 28.761541913556133], [77.13704370894037, 28.76154353314679], [77.13704554690077, 28.761633733002043], [77.13694318307482, 28.76163535252125], [77.13694502095576, 28.76172555238121], [77.13684265703353, 28.76172717182898], [77.13684449483502, 28.76181737169365], [77.13674213081649, 28.761818991069966], [77.13674396853854, 28.76190919093933], [77.13643687616869, 28.761914048621595]]]}}, {"type": "Feature", "properties": {"id": "delhi-355", "status": "alive", "area_ha": 0.37, "water_left": 0.95, "baseline_years_with_water": 3, "recent_years_seen": [2024, 2025], "lat": 28.78052, "lon": 77.10932, "district": "Outer North Delhi"}, "geometry": {"type": "Polygon", "coordinates": [[[77.10896547523969, 28.78084286387162], [77.10896365997843, 28.78075266262753], [77.1088612756237, 28.78075426184148], [77.10885946045873, 28.780664060590155], [77.10896184472548, 28.780662461382146], [77.10896002948088, 28.780572260135436], [77.10906241365134, 28.78057066085584], [77.10905878301116, 28.78039025837039], [77.10916116699737, 28.780388659025146], [77.10915753621457, 28.78020825654632], [77.10956707137241, 28.780201858437646], [77.10956888711151, 28.780292059653963], [77.10967127096812, 28.78029045992705], [77.1096749026472, 28.780470862343858], [77.10957251861467, 28.780472462082656], [77.10957615015116, 28.78065286450611], [77.10947376593437, 28.780654464179253], [77.10947739732822, 28.780834866609347], [77.10896547523969, 28.78084286387162]]]}}, {"type": "Feature", "properties": {"id": "delhi-533", "status": "alive", "area_ha": 0.37, "water_left": 0.68, "baseline_years_with_water": 3, "recent_years_seen": [2024, 2025], "lat": 28.74103, "lon": 77.08999, "district": "Outer North Delhi"}, "geometry": {"type": "Polygon", "coordinates": [[[77.09015817202598, 28.741614406805812], [77.09015457970249, 28.74143400108952], [77.09005223246947, 28.74143558407544], [77.09004684430943, 28.74116497547355], [77.08994449733156, 28.741166558364405], [77.0899427013825, 28.741076355488612], [77.08984035448418, 28.741077938296197], [77.08983676278635, 28.740897532528926], [77.08973441605539, 28.74089911524734], [77.08973262030662, 28.740808912355853], [77.08952792699556, 28.74081207754872], [77.08952254032545, 28.74054146883116], [77.08962488672172, 28.74053988629107], [77.08962309109371, 28.740449683388483], [77.08993012996973, 28.74044493532147], [77.08993731358473, 28.740805746853393], [77.09003966021142, 28.740804163986063], [77.09004325224394, 28.740984569732422], [77.09014559903797, 28.740982986775922], [77.09014739515439, 28.741073189641252], [77.09024974202798, 28.741071606601473], [77.09025333446114, 28.74125201231646], [77.09035568150206, 28.74125042918751], [77.09036107047699, 28.741521037732532], [77.09025872317267, 28.741522620879127], [77.09026051942634, 28.741612823730737], [77.09015817202598, 28.741614406805812]]]}}, {"type": "Feature", "properties": {"id": "delhi-1009", "status": "alive", "area_ha": 0.37, "water_left": 1.0, "baseline_years_with_water": 3, "recent_years_seen": [2024, 2025], "lat": 28.69315, "lon": 77.03388, "district": "North West Delhi"}, "geometry": {"type": "Polygon", "coordinates": [[[77.03352828541428, 28.69330165371795], [77.0335265413817, 28.693211446993626], [77.03332193347939, 28.69321452244108], [77.03331670195529, 28.692943902225966], [77.03444204213118, 28.69292698362955], [77.03444378692805, 28.693017190306275], [77.03454609061994, 28.693015651782794], [77.0345478355124, 28.693105858452494], [77.03444553173291, 28.693107396981702], [77.0344472765458, 28.693197603655822], [77.03383345317516, 28.693206833243007], [77.0338351974705, 28.69329703995017], [77.03352828541428, 28.69330165371795]]]}}, {"type": "Feature", "properties": {"id": "delhi-1197", "status": "alive", "area_ha": 0.37, "water_left": 1.0, "baseline_years_with_water": 3, "recent_years_seen": [2024, 2025], "lat": 28.66766, "lon": 77.15094, "district": "Central Delhi"}, "geometry": {"type": "Polygon", "coordinates": [[[77.15140723515167, 28.667928484978628], [77.1514053920045, 28.66783828472389], [77.15109857725226, 28.667843161156053], [77.15109673437593, 28.66775296088185], [77.15068764827093, 28.66775946168702], [77.15068580575286, 28.667669261387314], [77.15048126282448, 28.667672511314855], [77.15047942048979, 28.66758231100174], [77.15078623460728, 28.66757743601283], [77.15078439201869, 28.667487235716546], [77.15109120579767, 28.667482360051388], [77.15108936295519, 28.667392159771943], [77.15129390525729, 28.667388908954827], [77.15129574827469, 28.66747910922217], [77.15139801950049, 28.66747748369183], [77.15139617639566, 28.66738728343054], [77.15149844752555, 28.667385657829094], [77.1515021339186, 28.66756605833826], [77.1513998626138, 28.667567683951816], [77.15140170573557, 28.667657884210488], [77.15170851988694, 28.667653007120222], [77.15171036327952, 28.66774320735943], [77.15160809181675, 28.66774483313939], [77.15160993513035, 28.66783503338333], [77.15171220668059, 28.667833407597325], [77.1517140500901, 28.667923607833906], [77.15140723515167, 28.667928484978628]]]}}, {"type": "Feature", "properties": {"id": "delhi-488", "status": "alive", "area_ha": 0.36, "water_left": 0.86, "baseline_years_with_water": 3, "recent_years_seen": [2024, 2025], "lat": 28.75099, "lon": 77.07606, "district": "Outer North Delhi"}, "geometry": {"type": "Polygon", "coordinates": [[[77.07601502242842, 28.751216448759063], [77.07601323770277, 28.751126245216586], [77.07570616486619, 28.751130963273237], [77.07569902709957, 28.75077014902016], [77.07590374162943, 28.750767003773237], [77.07590195703257, 28.750676800218393], [77.07600431419738, 28.75067522748462], [77.07600252952086, 28.750585023934313], [77.07630960070263, 28.750580305285936], [77.0763149555473, 28.750850915880356], [77.07641731285504, 28.750849342825173], [77.07642266803693, 28.7511199533903], [77.07621795288624, 28.75112309945832], [77.07621973778755, 28.751213302989104], [77.07601502242842, 28.751216448759063]]]}}, {"type": "Feature", "properties": {"id": "delhi-1889", "status": "alive", "area_ha": 0.36, "water_left": 0.86, "baseline_years_with_water": 3, "recent_years_seen": [2024, 2025], "lat": 28.59725, "lon": 77.08975, "district": "South West Delhi"}, "geometry": {"type": "Polygon", "coordinates": [[[77.08954874582328, 28.597524140611856], [77.08954696086406, 28.597433935799835], [77.08944475342061, 28.59743551110209], [77.08944296855675, 28.597345306282904], [77.08934076119228, 28.597346881502332], [77.08933719166347, 28.5971664718483], [77.08943939885366, 28.597164896640614], [77.08943761401441, 28.59707469181752], [77.08953982110923, 28.59707311653876], [77.08953803619104, 28.596982911720232], [77.08994686413972, 28.59697660985928], [77.08994864940652, 28.597066814654312], [77.09005085646034, 28.597065238990844], [77.0900526418225, 28.5971554437787], [77.09015484895525, 28.597153868032414], [77.09015841987849, 28.59733427759246], [77.09005621257143, 28.597335853350494], [77.0900579979582, 28.597426058134438], [77.08995579055579, 28.597427633821404], [77.08995757586361, 28.597517838609924], [77.08954874582328, 28.597524140611856]]]}}, {"type": "Feature", "properties": {"id": "delhi-610", "status": "alive", "area_ha": 0.35, "water_left": 1.0, "baseline_years_with_water": 3, "recent_years_seen": [2024, 2025], "lat": 28.72928, "lon": 77.12595, "district": "North West Delhi"}, "geometry": {"type": "MultiPolygon", "coordinates": [[[[77.12685653312352, 28.728770578017695], [77.1268547064058, 28.728680377124448], [77.1267523740214, 28.728681987242737], [77.1267542006514, 28.72877218814197], [77.12685653312352, 28.728770578017695]]], [[[77.12654953568199, 28.728775408158455], [77.12655136214492, 28.728865609068343], [77.12634669696654, 28.728868828787377], [77.12634852326238, 28.728959029707926], [77.12624619057289, 28.72896063945739], [77.12624801678939, 28.729050840382612], [77.12604335120979, 28.729054059661454], [77.1260451772592, 28.729144260597337], [77.1259428443691, 28.7291458701267], [77.12594467033918, 28.72923607106725], [77.12574000435836, 28.72923928990588], [77.12574183016135, 28.729329490857083], [77.12563949707064, 28.72933110016635], [77.12564132279427, 28.729421301122223], [77.12553898960745, 28.72942291036012], [77.12554264090438, 28.729603312279913], [77.12544030753372, 28.729604921452413], [77.125442133107, 28.729695122416317], [77.12533979964024, 28.729696731517432], [77.12534162513417, 28.729786932486014], [77.1255462922348, 28.72978371419445], [77.1255444665654, 28.729693513237834], [77.12574913345706, 28.729690294648808], [77.12574730762057, 28.729600093702846], [77.1258496409661, 28.72959848429828], [77.12584781505024, 28.729508283356985], [77.12595014829965, 28.72950667388104], [77.12594832230444, 28.72941647294442], [77.12605065545775, 28.7294148633971], [77.1260488293832, 28.729324662465157], [77.12615116244038, 28.72932305284647], [77.12614933628646, 28.729232851919196], [77.12625166924752, 28.72923124222913], [77.12624984301428, 28.729141041306534], [77.12635217587923, 28.729139431545093], [77.12635034956662, 28.729049230627165], [77.12655501509593, 28.729046010884197], [77.12655318861624, 28.72895580997692], [77.12665552128058, 28.728954199995382], [77.12665369472154, 28.72886399909279], [77.12675602728979, 28.728862389039886], [77.1267542006514, 28.72877218814197], [77.12654953568199, 28.728775408158455]]]]}}, {"type": "Feature", "properties": {"id": "delhi-749", "status": "alive", "area_ha": 0.35, "water_left": 1.0, "baseline_years_with_water": 3, "recent_years_seen": [2024, 2025], "lat": 28.71821, "lon": 77.11861, "district": "North West Delhi"}, "geometry": {"type": "Polygon", "coordinates": [[[77.11876948634072, 28.718611368539026], [77.1187676673302, 28.718521167036485], [77.11866534430038, 28.718522770518693], [77.1186635253859, 28.71843256900889], [77.1185612024354, 28.71843417240781], [77.11855938361695, 28.718343970890736], [77.1184570607458, 28.71834557420637], [77.11845524202337, 28.71825537268202], [77.11835291923157, 28.71825697591437], [77.11835110060518, 28.71816677438276], [77.1182487778927, 28.718168377531825], [77.11824150382137, 28.71780757136843], [77.11854847088155, 28.717802761760804], [77.11855028964992, 28.717892963285735], [77.1186526120743, 28.717891359922586], [77.11865443093869, 28.71798156144024], [77.11875675344241, 28.71797995799381], [77.11876039137162, 28.718160361013272], [77.11886271404235, 28.718158757477596], [77.11886635218032, 28.718339160479896], [77.11896867501808, 28.71833755685497], [77.1189741325507, 28.71860816133072], [77.11876948634072, 28.718611368539026]]]}}, {"type": "Feature", "properties": {"id": "delhi-776", "status": "alive", "area_ha": 0.35, "water_left": 0.66, "baseline_years_with_water": 3, "recent_years_seen": [2024, 2025], "lat": 28.71674, "lon": 77.02912, "district": "Outer North Delhi"}, "geometry": {"type": "Polygon", "coordinates": [[[77.02887087995062, 28.717102845988734], [77.02886565471124, 28.71683222598053], [77.02876332748859, 28.716833761369784], [77.02875984421102, 28.716653348013065], [77.02886217125828, 28.716651812635227], [77.02886042954381, 28.716561605960624], [77.0292697373021, 28.716555463698786], [77.02927147936737, 28.716645670350548], [77.02947613337395, 28.716642598744208], [77.02948310241658, 28.71700342529257], [77.0293807750665, 28.71700496115725], [77.02938251725945, 28.717095167796792], [77.02887087995062, 28.717102845988734]]]}}, {"type": "Feature", "properties": {"id": "delhi-3156", "status": "alive", "area_ha": 0.35, "water_left": 0.97, "baseline_years_with_water": 3, "recent_years_seen": [2024, 2025], "lat": 28.48074, "lon": 77.1258, "district": "South Delhi"}, "geometry": {"type": "Polygon", "coordinates": [[[77.12636936587411, 28.481274410000623], [77.12636755822493, 28.481184205786914], [77.12626546534077, 28.481185802894277], [77.12626365778652, 28.481095598673292], [77.12605947216652, 28.48109879264638], [77.12605766479388, 28.481008588412152], [77.12585347931385, 28.481011782067036], [77.12585167212278, 28.480921577819565], [77.12574957945694, 28.480923174526186], [77.1257477723608, 28.480832970271454], [77.12564567977326, 28.480834566895542], [77.12564387277206, 28.480744362633523], [77.12554178026285, 28.480745959175078], [77.12553816645867, 28.480565550635205], [77.12543607411439, 28.480567147088262], [77.12543426731139, 28.480476942810405], [77.12533217504543, 28.48047853918093], [77.12533036833739, 28.4803883348958], [77.12522827614974, 28.48038993118379], [77.12522646953663, 28.48029972689139], [77.1251243774273, 28.480301323096842], [77.12512257090911, 28.48021111879717], [77.12532675494622, 28.480207926321633], [77.12532856163764, 28.48029813060937], [77.12543065373035, 28.480296534250783], [77.12543246051672, 28.48038673853125], [77.12553455268774, 28.480385142090135], [77.12553635956904, 28.48047534636332], [77.1257405440594, 28.480472153239454], [77.12574235112228, 28.480562357499412], [77.12584444344161, 28.48056076081666], [77.12584625059942, 28.480650965069348], [77.12594834299708, 28.480649368304064], [77.12595015024984, 28.48073957254947], [77.12605224272579, 28.48073797570165], [77.1260540500735, 28.48082817993979], [77.12615614262778, 28.480826583009435], [77.12615795007044, 28.480916787240297], [77.12626004270301, 28.480915190227414], [77.12626185024062, 28.481005394451], [77.12636394295151, 28.481003797355577], [77.12636575058406, 28.481094001571897], [77.12646784337326, 28.481092404393937], [77.12646965110076, 28.481182608602975], [77.12657174396828, 28.481181011342475], [77.12657355179073, 28.481271215544247], [77.12636936587411, 28.481274410000623]]]}}, {"type": "Feature", "properties": {"id": "delhi-1201", "status": "alive", "area_ha": 0.34, "water_left": 0.85, "baseline_years_with_water": 3, "recent_years_seen": [2024, 2025], "lat": 28.66662, "lon": 77.199, "district": "Old Delhi"}, "geometry": {"type": "Polygon", "coordinates": [[[77.19813884374395, 28.66690693712911], [77.1981369606599, 28.66681673966569], [77.19823922805487, 28.66681507879466], [77.19823734489204, 28.666724881336112], [77.19854414676279, 28.666719898278693], [77.19854226334628, 28.666629700837376], [77.19874679770867, 28.666626378425743], [77.19874491412594, 28.66653618099548], [77.19915398239718, 28.666529535271234], [77.19915209847336, 28.666439337864396], [77.19966343318059, 28.666431029004286], [77.19966154882823, 28.66634083162706], [77.19996834928644, 28.666335845403843], [77.1999702339011, 28.666426042762513], [77.19986796700292, 28.66642770492025], [77.19986985153879, 28.66651790228379], [77.19956305053002, 28.6665228883127], [77.19956493481223, 28.666613085693484], [77.19925813346327, 28.66661807104666], [77.19926001749185, 28.66670826844469], [77.1988509485557, 28.66671491452698], [77.19885283224319, 28.66680511194843], [77.1984437628189, 28.666811756821158], [77.19844564616527, 28.666901954266027], [77.19813884374395, 28.66690693712911]]]}}, {"type": "Feature", "properties": {"id": "delhi-2334", "status": "alive", "area_ha": 0.34, "water_left": 1.0, "baseline_years_with_water": 3, "recent_years_seen": [2024, 2025], "lat": 28.55398, "lon": 77.19308, "district": "South Delhi"}, "geometry": {"type": "MultiPolygon", "coordinates": [[[[77.19313373443853, 28.554111837818184], [77.19313560447809, 28.55420203708389], [77.19344208061709, 28.55419708337055], [77.19343646974178, 28.553926485624945], [77.1933343112982, 28.55392813692102], [77.19333057093152, 28.55374773840507], [77.19322841265321, 28.553749389612044], [77.1932265425697, 28.553659190345925], [77.19281790971823, 28.553665794381303], [77.19282164919834, 28.553846192961498], [77.1927194907901, 28.5538478437907], [77.19272323013072, 28.554028242377974], [77.19262107154003, 28.554029893142705], [77.19262294113629, 28.55412009244054], [77.19313373443853, 28.554111837818184]]], [[[77.19252078245006, 28.55412174313465], [77.19252265196798, 28.554211942437323], [77.19262481074115, 28.554210291737053], [77.19262294113629, 28.55412009244054], [77.19252078245006, 28.55412174313465]]]]}}, {"type": "Feature", "properties": {"id": "delhi-394", "status": "alive", "area_ha": 0.33, "water_left": 1.0, "baseline_years_with_water": 3, "recent_years_seen": [2024, 2025], "lat": 28.77293, "lon": 76.99139, "district": "Outer North Delhi"}, "geometry": {"type": "Polygon", "coordinates": [[[76.99124451457453, 28.773246096852205], [76.99124108770577, 28.773065680838332], [76.99113870329663, 28.77306719045129], [76.99113356331631, 28.772796566403933], [76.99123594746159, 28.77279505680779], [76.99122909391272, 28.772434224748874], [76.99143386147604, 28.772431205368896], [76.99143557502738, 28.772521413374356], [76.99153795888522, 28.77251990356248], [76.9915413861874, 28.7727003195583], [76.99164377021327, 28.77269880965769], [76.99165062526379, 28.7730596416113], [76.99154824088608, 28.773061151534332], [76.99155166828258, 28.77324156751456], [76.99124451457453, 28.773246096852205]]]}}, {"type": "Feature", "properties": {"id": "delhi-1023", "status": "alive", "area_ha": 0.33, "water_left": 0.97, "baseline_years_with_water": 3, "recent_years_seen": [2024, 2025], "lat": 28.68768, "lon": 77.22666, "district": "Old Delhi"}, "geometry": {"type": "Polygon", "coordinates": [[[77.22599830969384, 28.687835428568413], [77.22599258394443, 28.687564842113073], [77.2270154397508, 28.68754800847825], [77.22701734920041, 28.687638203902047], [77.22732420603396, 28.6876331522873], [77.2273261157549, 28.687723347690998], [77.22701925865877, 28.68772839932453], [77.22702116812592, 28.687818594745707], [77.22599830969384, 28.687835428568413]]]}}, {"type": "Feature", "properties": {"id": "delhi-964", "status": "alive", "area_ha": 0.32, "water_left": 0.94, "baseline_years_with_water": 3, "recent_years_seen": [2024, 2025], "lat": 28.69767, "lon": 76.99738, "district": "Outer North Delhi"}, "geometry": {"type": "Polygon", "coordinates": [[[76.99729036978988, 28.698082515916912], [76.99728865648481, 28.69799230724058], [76.99718634560281, 28.697993817839237], [76.99718463239323, 28.697903609155976], [76.997082321591, 28.697905119671734], [76.99707375609918, 28.697454076207908], [76.99758530784126, 28.697446522996835], [76.99758702136198, 28.69753673166409], [76.99768933177441, 28.697535220784424], [76.99769447264666, 28.697805846761554], [76.99759216197137, 28.697807357658082], [76.99759387552356, 28.697897566320155], [76.99749156475278, 28.69789907714503], [76.99749327822522, 28.697989285811428], [76.99739096735894, 28.69799079656464], [76.99739268075163, 28.698081005235363], [76.99729036978988, 28.698082515916912]]]}}, {"type": "Feature", "properties": {"id": "delhi-1419", "status": "alive", "area_ha": 0.32, "water_left": 1.0, "baseline_years_with_water": 3, "recent_years_seen": [2024, 2025], "lat": 28.64448, "lon": 77.2504, "district": "South East Delhi"}, "geometry": {"type": "Polygon", "coordinates": [[[77.25066123464954, 28.64493078929318], [77.2506593083481, 28.644840594761583], [77.25045482348861, 28.64484399322531], [77.25045289737068, 28.644753798679744], [77.25004392789486, 28.644760594657118], [77.25004007638414, 28.6445802055114], [77.2501423185917, 28.6445785066453], [77.25014039276226, 28.644488312076785], [77.25024263487367, 28.644486613139954], [77.25023878306669, 28.64430622401162], [77.25034102499458, 28.64430452501038], [77.2503352470885, 28.644033941326953], [77.25043748874558, 28.644032242267635], [77.25044326691363, 28.64430282593208], [77.25054550882385, 28.64430112677671], [77.25054936115477, 28.644481515867078], [77.25065160323078, 28.644479816622], [77.25065352949684, 28.644570011158873], [77.25075577165133, 28.644568311830398], [77.25076347715333, 28.64492908993939], [77.25066123464954, 28.64493078929318]]]}}, {"type": "Feature", "properties": {"id": "delhi-1517", "status": "alive", "area_ha": 0.32, "water_left": 1.0, "baseline_years_with_water": 3, "recent_years_seen": [2024, 2025], "lat": 28.64071, "lon": 77.05655, "district": "West Delhi"}, "geometry": {"type": "Polygon", "coordinates": [[[77.05666196444578, 28.641248691778948], [77.0566602043797, 28.64115848566701], [77.05655795245384, 28.641160038346026], [77.0565561924832, 28.641069832227007], [77.05645394063662, 28.64107138482316], [77.0564521807614, 28.64098117869705], [77.05624767721869, 28.64098428364652], [77.05624415784195, 28.640803871367286], [77.05634640944264, 28.64080231894265], [77.0563428899235, 28.640621906669768], [77.0564451413414, 28.64062035417962], [77.05644338150661, 28.64053014804701], [77.05654563282907, 28.640528595485556], [77.05654387291501, 28.64043838935743], [77.05664612414203, 28.640436836724678], [77.05664084418632, 28.640166218349833], [77.0567430951432, 28.64016466565735], [77.05676421645092, 28.641247139017054], [77.05666196444578, 28.641248691778948]]]}}, {"type": "Feature", "properties": {"id": "delhi-753", "status": "alive", "area_ha": 0.31, "water_left": 1.0, "baseline_years_with_water": 2, "recent_years_seen": [2024, 2025], "lat": 28.72046, "lon": 76.96363, "district": "Outer North Delhi"}, "geometry": {"type": "Polygon", "coordinates": [[[76.96332622322478, 28.72068727489888], [76.96332453746734, 28.720597064667604], [76.96322220248358, 28.72059855065277], [76.96321883116737, 28.720418130175275], [76.96332116597567, 28.72041664420116], [76.96331948024144, 28.720326433965994], [76.96342181495426, 28.72032494792004], [76.96342012914005, 28.72023473768911], [76.96352246375741, 28.72023325157133], [76.96352414965936, 28.72032346179673], [76.96372881904634, 28.720320489318045], [76.96372713296893, 28.7202302791037], [76.96403413672816, 28.72022581982209], [76.96403919577314, 28.720496450411524], [76.96393686093128, 28.72049793693267], [76.96393854720736, 28.720588147132084], [76.96383621227004, 28.720589633581397], [76.96383789846612, 28.720679843785046], [76.96332622322478, 28.72068727489888]]]}}, {"type": "Feature", "properties": {"id": "delhi-1503", "status": "alive", "area_ha": 0.31, "water_left": 1.0, "baseline_years_with_water": 3, "recent_years_seen": [2024, 2025], "lat": 28.64263, "lon": 77.0282, "district": "West Delhi"}, "geometry": {"type": "Polygon", "coordinates": [[[77.02846440758577, 28.642937214842338], [77.0284626715193, 28.64284700716324], [77.0281559054001, 28.642851601377394], [77.02815243381531, 28.642671185981072], [77.02794792337878, 28.64267424838221], [77.02794618777308, 28.64258404067069], [77.02784393263022, 28.642585571749912], [77.02784219711985, 28.6424953640314], [77.0277399420564, 28.64249689502782], [77.02773820664137, 28.642406687302305], [77.0276359516573, 28.64240821821592], [77.02763421633763, 28.642318010483404], [77.02794098100381, 28.642313417528364], [77.0279427165856, 28.642403625243773], [77.02814722649792, 28.64240056287686], [77.0281489622624, 28.64249077057956], [77.02835347231756, 28.64248770789285], [77.02835520826477, 28.642577915582848], [77.02845746336776, 28.642576384118147], [77.0284591994103, 28.64266659180114], [77.02856145459268, 28.64266506025364], [77.02856319073057, 28.642755267929626], [77.02876770124614, 28.64275220459192], [77.02876943756674, 28.6428424122552], [77.02887169289994, 28.642840880464995], [77.02887342931588, 28.642931088121273], [77.02846440758577, 28.642937214842338]]]}}, {"type": "Feature", "properties": {"id": "delhi-1769", "status": "alive", "area_ha": 0.31, "water_left": 0.87, "baseline_years_with_water": 3, "recent_years_seen": [2024, 2025], "lat": 28.60696, "lon": 77.32459, "district": "East Delhi"}, "geometry": {"type": "Polygon", "coordinates": [[[77.32449463547256, 28.60732314551264], [77.32449264911122, 28.607232955142145], [77.32439044840163, 28.6072347080295], [77.32438647588062, 28.607054327271463], [77.32428427533617, 28.607056080068823], [77.32427831688452, 28.606785508902217], [77.32438051716753, 28.606783756124454], [77.3243785309481, 28.606693565739462], [77.32478733164032, 28.606686553885257], [77.32479130478545, 28.606866934601644], [77.32489350510998, 28.6068651814327], [77.32489946515756, 28.607135752477724], [77.32479726457161, 28.60713750566627], [77.32479925118525, 28.607227696018494], [77.32459484981169, 28.607231202177864], [77.32459683626017, 28.607321392541817], [77.32449463547256, 28.60732314551264]]]}}, {"type": "Feature", "properties": {"id": "delhi-1173", "status": "alive", "area_ha": 0.3, "water_left": 0.8, "baseline_years_with_water": 3, "recent_years_seen": [2024, 2025], "lat": 28.67011, "lon": 77.18153, "district": "Old Delhi"}, "geometry": {"type": "Polygon", "coordinates": [[[77.18091904285512, 28.670253265532697], [77.18091530566703, 28.670072868612532], [77.18111984913132, 28.670069572463976], [77.18111798037523, 28.669979374014183], [77.18275432545438, 28.66995299381315], [77.18275619560977, 28.67004319216474], [77.18214256593788, 28.67005308709168], [77.18214443557711, 28.670143285478794], [77.181121717896, 28.670159770912438], [77.18112358666924, 28.6702499693596], [77.18091904285512, 28.670253265532697]]]}}, {"type": "Feature", "properties": {"id": "delhi-1274", "status": "alive", "area_ha": 0.3, "water_left": 1.0, "baseline_years_with_water": 3, "recent_years_seen": [2024, 2025], "lat": 28.66106, "lon": 77.19725, "district": "Central Delhi"}, "geometry": {"type": "Polygon", "coordinates": [[[77.1967930819648, 28.661244414201988], [77.1967893189926, 28.661064018959785], [77.19689158089614, 28.66106235940991], [77.19688781778368, 28.66088196417481], [77.1976036496426, 28.660870345252654], [77.19760553180637, 28.660960542827606], [77.19770779355335, 28.660958882666907], [77.1977096758132, 28.661049080234363], [77.1976074139788, 28.66105074040125], [77.19760929615987, 28.661140937973574], [77.19750703422945, 28.661142598069514], [77.19750891633174, 28.661232795646704], [77.1967930819648, 28.661244414201988]]]}}, {"type": "Feature", "properties": {"id": "delhi-1704", "status": "alive", "area_ha": 0.3, "water_left": 0.5, "baseline_years_with_water": 3, "recent_years_seen": [2024, 2025], "lat": 28.61699, "lon": 77.27593, "district": "East Delhi"}, "geometry": {"type": "Polygon", "coordinates": [[[77.27614861605447, 28.61743702650599], [77.27614667016888, 28.617346833200692], [77.27604445619022, 28.617348550201907], [77.27604251040077, 28.61725835688889], [77.27594029650038, 28.61726007380674], [77.27593835080707, 28.617169880486006], [77.27583613698492, 28.61717159732049], [77.27583419138774, 28.617081403992035], [77.27573197764387, 28.617083120743143], [77.2757241956933, 28.616722347390514], [77.27582640908838, 28.616720630665], [77.27582446353588, 28.616630437329935], [77.27592667683483, 28.616628720533843], [77.27593056812316, 28.61680910718985], [77.27603278158756, 28.616807390303993], [77.27603472733232, 28.616897583623615], [77.27613694087498, 28.616895866654392], [77.27614083256573, 28.61707625327688], [77.27634525997303, 28.61707281908192], [77.27634720600619, 28.617163012378384], [77.27644941978362, 28.617161295159043], [77.27645136591293, 28.61725148844778], [77.27655357976863, 28.617249771145076], [77.27655552599408, 28.617339964426098], [77.2762488841386, 28.6173451161225], [77.27625083011138, 28.617435309421396], [77.27614861605447, 28.61743702650599]]]}}, {"type": "Feature", "properties": {"id": "delhi-308", "status": "alive", "area_ha": 0.29, "water_left": 1.0, "baseline_years_with_water": 3, "recent_years_seen": [2024, 2025], "lat": 28.79643, "lon": 77.09345, "district": "Outer North Delhi"}, "geometry": {"type": "Polygon", "coordinates": [[[77.0936141983344, 28.79678179708713], [77.09361239509396, 28.79669159516566], [77.09330519225843, 28.79669636006752], [77.09330338929037, 28.79660615812705], [77.0932009884167, 28.79660774626662], [77.09319918554496, 28.796517544318952], [77.09309678475105, 28.796519132375053], [77.09309317920847, 28.796338728464004], [77.09340038103713, 28.79633396409835], [77.09339857801412, 28.796243762158547], [77.09370577950423, 28.796238997112386], [77.09370758279135, 28.796329199034496], [77.09380998335956, 28.79632761052473], [77.09381719694295, 28.796688418176537], [77.0937147960226, 28.796690006709888], [77.09371659935108, 28.796780208625457], [77.0936141983344, 28.79678179708713]]]}}, {"type": "Feature", "properties": {"id": "delhi-1684", "status": "alive", "area_ha": 0.29, "water_left": 1.0, "baseline_years_with_water": 3, "recent_years_seen": [2024, 2025], "lat": 28.62377, "lon": 77.0217, "district": "South West Delhi"}, "geometry": {"type": "Polygon", "coordinates": [[[77.02166942840591, 28.62463108138405], [77.0216573259853, 28.623999623238866], [77.02155508845767, 28.624001148669564], [77.0215447157878, 28.62345989874615], [77.02164695279171, 28.623458373349557], [77.02164522395394, 28.623368165030136], [77.02174746086261, 28.62336663956219], [77.02175091872073, 28.623547056188375], [77.02185315579605, 28.623545530632022], [77.0218687173363, 28.624357405334482], [77.0217664794754, 28.624358930941995], [77.02177166653662, 28.62462955583652], [77.02166942840591, 28.62463108138405]]]}}, {"type": "Feature", "properties": {"id": "delhi-312", "status": "alive", "area_ha": 0.28, "water_left": 1.0, "baseline_years_with_water": 3, "recent_years_seen": [2024, 2025], "lat": 28.79545, "lon": 77.0119, "district": "Outer North Delhi"}, "geometry": {"type": "Polygon", "coordinates": [[[77.01164571970745, 28.795682337988975], [77.01164398711629, 28.79559213140929], [77.01154158198263, 28.795593657571043], [77.01153811700024, 28.79541324439641], [77.01164052195782, 28.795411718245994], [77.0116387893905, 28.79532151166239], [77.01174119425207, 28.795319985440045], [77.01173946160463, 28.79522977886081], [77.01214908061925, 28.795223673218228], [77.0121508136189, 28.79531387977479], [77.01225321844073, 28.79531235316451], [77.01225668463996, 28.79549276626241], [77.01215427964202, 28.795494292884023], [77.01215774569694, 28.79567470598805], [77.01164571970745, 28.795682337988975]]]}}, {"type": "Feature", "properties": {"id": "delhi-566", "status": "alive", "area_ha": 0.28, "water_left": 1.0, "baseline_years_with_water": 2, "recent_years_seen": [2024, 2025], "lat": 28.73703, "lon": 77.11489, "district": "North West Delhi"}, "geometry": {"type": "MultiPolygon", "coordinates": [[[[77.11464317719204, 28.73735358595969], [77.11464136031462, 28.73726338446608], [77.11474370186299, 28.737261783077024], [77.11474188490614, 28.73717158158805], [77.11494656780235, 28.73716837858971], [77.11494475067829, 28.737078177111336], [77.11504709202612, 28.73707657550204], [77.11504527482262, 28.736986374028316], [77.1152499573177, 28.73698317058948], [77.11524450523068, 28.736712566196136], [77.11503982326222, 28.736715769599254], [77.11504164044068, 28.736805971076922], [77.11493929935617, 28.736807572668358], [77.1149411164552, 28.736897774150663], [77.11483877527459, 28.736899375670664], [77.11484059229419, 28.736989577157615], [77.11473825101746, 28.73699117860619], [77.11474006795764, 28.737081380097777], [77.11453538520364, 28.737084582774685], [77.1145372019766, 28.737174784276863], [77.11443486049934, 28.73717638550519], [77.11443849389474, 28.737356788517527], [77.11464317719204, 28.73735358595969]]], [[[77.11423744364176, 28.73754039379674], [77.11433978548679, 28.73753879269938], [77.11433796885602, 28.737448591190528], [77.11444031060495, 28.737446990021734], [77.11443849389474, 28.737356788517527], [77.11423381056409, 28.73735999076584], [77.11423562709876, 28.737450192281948], [77.11413328533317, 28.737451793295968], [77.11413510178839, 28.73754199481672], [77.11403275992669, 28.737543595759313], [77.11403457630247, 28.737633797284705], [77.11423926019309, 28.737630595310232], [77.11423744364176, 28.73754039379674]]], [[[77.11393405064102, 28.737725599685888], [77.1140363926866, 28.737723998808775], [77.11403457630247, 28.737633797284705], [77.11393223434467, 28.737635398155856], [77.11393405064102, 28.737725599685888]]]]}}, {"type": "Feature", "properties": {"id": "delhi-2427", "status": "alive", "area_ha": 0.28, "water_left": 0.68, "baseline_years_with_water": 3, "recent_years_seen": [2024, 2025], "lat": 28.54444, "lon": 77.28188, "district": "South East Delhi"}, "geometry": {"type": "MultiPolygon", "coordinates": [[[[77.2820376660639, 28.54452542730007], [77.28213980922936, 28.544523709773404], [77.28213786411862, 28.544433515875895], [77.28234215024898, 28.544430080605174], [77.28234409553349, 28.54452027448986], [77.28244623867212, 28.544518556732974], [77.28244234793831, 28.54433816897511], [77.28223806199959, 28.54434160438649], [77.28223611681986, 28.544251410492755], [77.2820318310191, 28.54425484558436], [77.28203377602509, 28.544345039490917], [77.28193163302443, 28.54434675692802], [77.28192774319513, 28.54416636910076], [77.28172345751446, 28.54416980371911], [77.28172734699626, 28.54435019157201], [77.28162520396877, 28.544351908778893], [77.2816271486362, 28.544442102709773], [77.2815250055129, 28.544443819846325], [77.28152695010242, 28.5445340137823], [77.28162909331259, 28.544532296639332], [77.28163103799791, 28.544622490567566], [77.28183532456521, 28.5446190560386], [77.28183726943321, 28.54470924995269], [77.28204155613848, 28.544705815103946], [77.2820376660639, 28.54452542730007]]], [[[77.2820435011892, 28.5447960090039], [77.2821456446153, 28.544794291458004], [77.2821436994777, 28.544704097564455], [77.28204155613848, 28.544705815103946], [77.2820435011892, 28.5447960090039]]]]}}, {"type": "Feature", "properties": {"id": "delhi-948", "status": "alive", "area_ha": 0.27, "water_left": 0.59, "baseline_years_with_water": 2, "recent_years_seen": [2024, 2025], "lat": 28.70018, "lon": 77.03151, "district": "North West Delhi"}, "geometry": {"type": "Polygon", "coordinates": [[[77.03202736977386, 28.70036237636533], [77.03202562651866, 28.700272169650923], [77.03171869376862, 28.700276780335543], [77.03171695078429, 28.700186573602675], [77.03079615289076, 28.700200401431978], [77.03079266852332, 28.700019987859466], [77.03140653280619, 28.700010770070694], [77.03140827551164, 28.70010097682331], [77.03212445075766, 28.700090219180172], [77.0321261940845, 28.700180425891478], [77.03222850488955, 28.70017888877048], [77.032230248312, 28.70026909547476], [77.03233255919666, 28.700267558270767], [77.03233430271474, 28.700357764968025], [77.03202736977386, 28.70036237636533]]]}}, {"type": "Feature", "properties": {"id": "delhi-1027", "status": "alive", "area_ha": 0.27, "water_left": 0.85, "baseline_years_with_water": 3, "recent_years_seen": [2024, 2025], "lat": 28.69043, "lon": 77.00242, "district": "Outer North Delhi"}, "geometry": {"type": "Polygon", "coordinates": [[[77.00247312537324, 28.69078718320694], [77.00247140814272, 28.690696974719422], [77.00226680120656, 28.69070000297495], [77.00226508415909, 28.69060979447488], [77.00216278076678, 28.690611308481127], [77.00215762993447, 28.69034068295622], [77.00225993306402, 28.690339168966865], [77.0022582160481, 28.690248960461602], [77.00246282210843, 28.690245932262414], [77.0024611049252, 28.690155723767123], [77.00256340785594, 28.690154209557278], [77.00256684240543, 28.690334626535297], [77.00266914550346, 28.690333112236935], [77.00267258025964, 28.6905135291985], [77.00277488352496, 28.690512014811613], [77.00277831848786, 28.690692431756712], [77.00267601504737, 28.69069394615487], [77.00267773245307, 28.69078415463111], [77.00247312537324, 28.69078718320694]]]}}, {"type": "Feature", "properties": {"id": "delhi-1136", "status": "alive", "area_ha": 0.27, "water_left": 1.0, "baseline_years_with_water": 3, "recent_years_seen": [2024, 2025], "lat": 28.67735, "lon": 77.02585, "district": "Outer North Delhi"}, "geometry": {"type": "Polygon", "coordinates": [[[77.02565207915337, 28.67753876201357], [77.02565034300628, 28.67744855463799], [77.02554805387813, 28.67745008568019], [77.02553937369983, 28.67699904875428], [77.02574395107295, 28.67699598664965], [77.0257456872677, 28.67708619402603], [77.02595026478399, 28.677083131601176], [77.02595200116176, 28.67717333896487], [77.02605428999546, 28.677171807630923], [77.02605602646872, 28.677262014987612], [77.02615831538198, 28.677260483570773], [77.02616178852749, 28.677440898268852], [77.02605949943919, 28.677442429697095], [77.02606123593637, 28.67753263704988], [77.02565207915337, 28.67753876201357]]]}}, {"type": "Feature", "properties": {"id": "delhi-1350", "status": "alive", "area_ha": 0.27, "water_left": 1.0, "baseline_years_with_water": 3, "recent_years_seen": [2024, 2025], "lat": 28.65447, "lon": 77.00884, "district": "West Delhi"}, "geometry": {"type": "Polygon", "coordinates": [[[77.00874626496066, 28.654871319095367], [77.00873938481689, 28.65451048461252], [77.008637116892, 28.65451200177159], [77.00863539696324, 28.65442179314199], [77.00873766480069, 28.654420275988564], [77.0087359447924, 28.65433006736331], [77.00863367704237, 28.65433158451109], [77.0086319571294, 28.654241375878886], [77.00873422479201, 28.654239858736762], [77.00873078481493, 28.654059441479774], [77.00893531976676, 28.654056406986708], [77.00893703992621, 28.654146615604546], [77.0090393074777, 28.654145098236658], [77.00905134942697, 28.654776558485686], [77.0089490812635, 28.654778075893123], [77.00895080148614, 28.654868284500594], [77.00874626496066, 28.654871319095367]]]}}, {"type": "Feature", "properties": {"id": "delhi-1747", "status": "alive", "area_ha": 0.27, "water_left": 1.0, "baseline_years_with_water": 3, "recent_years_seen": [2024, 2025], "lat": 28.61139, "lon": 77.24074, "district": "South East Delhi"}, "geometry": {"type": "Polygon", "coordinates": [[[77.24064985494338, 28.611803024128815], [77.24064410965305, 28.611532437346266], [77.24054189879628, 28.61153412726635], [77.24053423888107, 28.611173344845962], [77.24063644938913, 28.611171654951075], [77.24063453434515, 28.611081459348984], [77.24073674475723, 28.611079769383434], [77.2407386598884, 28.61116996497923], [77.24084087037885, 28.611168274930424], [77.24084278560599, 28.611258470518596], [77.24094499617482, 28.611256780386533], [77.24095074217058, 28.611527367124264], [77.24105295299218, 28.611525676896335], [77.24105678387438, 28.61170606803564], [77.24095457287844, 28.611707758276154], [77.24095648824556, 28.61179795385013], [77.24064985494338, 28.611803024128815]]]}}, {"type": "Feature", "properties": {"id": "delhi-2351", "status": "alive", "area_ha": 0.27, "water_left": 0.52, "baseline_years_with_water": 3, "recent_years_seen": [2024, 2025], "lat": 28.55552, "lon": 77.00645, "district": "South West Delhi"}, "geometry": {"type": "Polygon", "coordinates": [[[77.00624765797885, 28.55574033005207], [77.006245947118, 28.555650119976136], [77.00614377472336, 28.55565163048799], [77.00613864244902, 28.555381000235503], [77.00624081458271, 28.555379489740563], [77.00623910375334, 28.555289279659455], [77.00664779186152, 28.555283236934006], [77.00664950303882, 28.555373446992565], [77.00675167513319, 28.555371936113513], [77.00675852026905, 28.555732776312247], [77.00624765797885, 28.55574033005207]]]}}, {"type": "Feature", "properties": {"id": "delhi-347", "status": "alive", "area_ha": 0.26, "water_left": 0.88, "baseline_years_with_water": 3, "recent_years_seen": [2024, 2025], "lat": 28.78043, "lon": 77.15801, "district": "North Delhi"}, "geometry": {"type": "Polygon", "coordinates": [[[77.15791913710129, 28.780791149095766], [77.15790985031657, 28.78034015727067], [77.15780746963577, 28.78034179356262], [77.15780189793102, 28.780071198433564], [77.1582114195477, 28.780064652873588], [77.15821327712591, 28.780154851226953], [77.15841803805904, 28.78015157796974], [77.15841618030493, 28.780061379628528], [77.15862094102808, 28.78005810607341], [77.15862279895809, 28.78014830440247], [77.15872517939484, 28.78014666750256], [77.15872703742133, 28.780236865824236], [77.15821513471263, 28.78024504957901], [77.15821699230789, 28.780335247929745], [77.15811461165264, 28.780336884454233], [77.15811832669279, 28.780517281163917], [77.15801594585311, 28.780518917623045], [77.15802151821336, 28.78078951269593], [77.15791913710129, 28.780791149095766]]]}}, {"type": "Feature", "properties": {"id": "delhi-523", "status": "alive", "area_ha": 0.26, "water_left": 1.0, "baseline_years_with_water": 2, "recent_years_seen": [2024, 2025], "lat": 28.74452, "lon": 77.01512, "district": "Outer North Delhi"}, "geometry": {"type": "Polygon", "coordinates": [[[77.01507281516274, 28.744830266473922], [77.01507108326403, 28.74474005940569], [77.01496872798242, 28.74474158570887], [77.01496699617948, 28.744651378633673], [77.01486464097776, 28.74465290485376], [77.01485944588009, 28.744382283603354], [77.01496180081833, 28.744380757400286], [77.01496006904718, 28.744290550319885], [77.01536948836939, 28.74428444475606], [77.01537988122334, 28.744825687082812], [77.01507281516274, 28.744830266473922]]]}}, {"type": "Feature", "properties": {"id": "delhi-682", "status": "alive", "area_ha": 0.26, "water_left": 1.0, "baseline_years_with_water": 3, "recent_years_seen": [2024, 2025], "lat": 28.72567, "lon": 77.03764, "district": "Outer North Delhi"}, "geometry": {"type": "Polygon", "coordinates": [[[77.03733255639509, 28.72590862906839], [77.03732555783183, 28.725547804757184], [77.03742789299378, 28.725546262464775], [77.0374261432853, 28.725456056389465], [77.03763081340963, 28.725452971584033], [77.03763256329357, 28.72554317764789], [77.03773489843142, 28.725541635123403], [77.03773664841113, 28.725631841180217], [77.03794131883821, 28.7256287558877], [77.03794306900141, 28.725718961931744], [77.03804540429064, 28.725717419163704], [77.03804890481665, 28.725897831236423], [77.03733255639509, 28.72590862906839]]]}}, {"type": "Feature", "properties": {"id": "delhi-2666", "status": "alive", "area_ha": 0.26, "water_left": 0.85, "baseline_years_with_water": 3, "recent_years_seen": [2024, 2025], "lat": 28.52469, "lon": 76.88361, "district": "South West Delhi"}, "geometry": {"type": "Polygon", "coordinates": [[[76.88336373970945, 28.52501535631134], [76.88335571948453, 28.524564270896146], [76.88345786935264, 28.52456285420792], [76.88345626524293, 28.52447263712633], [76.88355841501676, 28.52447122036665], [76.88355681082754, 28.524381003289076], [76.88365896050715, 28.52437958645795], [76.88366056478324, 28.524469803530238], [76.88396701403838, 28.524465552560496], [76.88397022313394, 28.524645986669476], [76.88386807321587, 28.52464740374672], [76.88386967768784, 28.52473762080458], [76.8837675276755, 28.524739037810374], [76.88376913206798, 28.52482925487224], [76.88366698196141, 28.524830671806573], [76.8836685862744, 28.524920888872455], [76.88356643607354, 28.524922305735334], [76.88356804030704, 28.52501252280523], [76.88336373970945, 28.52501535631134]]]}}, {"type": "Feature", "properties": {"id": "delhi-2795", "status": "alive", "area_ha": 0.26, "water_left": 1.0, "baseline_years_with_water": 3, "recent_years_seen": [2024, 2025], "lat": 28.5102, "lon": 77.11423, "district": "South Delhi"}, "geometry": {"type": "Polygon", "coordinates": [[[77.1139806432107, 28.510432358770657], [77.11397884390864, 28.510342154218847], [77.1138767221412, 28.51034374350739], [77.11387312373544, 28.51016333438798], [77.11397524532936, 28.51016174511131], [77.11397344605213, 28.510071540555586], [77.11417768904163, 28.51006836178414], [77.11417588959915, 28.50997815723898], [77.11438013238202, 28.50997497817276], [77.11438193199801, 28.510065182706036], [77.11458617492127, 28.51006200332129], [77.11458977452514, 28.510242412360164], [77.11448765289413, 28.510244002102745], [77.11449125235758, 28.51042441114829], [77.1139806432107, 28.510432358770657]]]}}, {"type": "Feature", "properties": {"id": "delhi-109", "status": "alive", "area_ha": 0.25, "water_left": 0.8, "baseline_years_with_water": 3, "recent_years_seen": [2024, 2025], "lat": 28.85014, "lon": 77.11205, "district": "Outer North Delhi"}, "geometry": {"type": "Polygon", "coordinates": [[[77.11190430661047, 28.85036356658536], [77.11190248359674, 28.850273366441492], [77.11169757924539, 28.85027657628594], [77.11169575641657, 28.85018637612885], [77.11149085220835, 28.85018958565042], [77.11148902956444, 28.850099385480124], [77.11189883759434, 28.850092966149806], [77.11189701460567, 28.850002766002003], [77.11199946650397, 28.85000116098102], [77.11200128958093, 28.85009136112287], [77.11261600132498, 28.850081729328586], [77.11261964856325, 28.850262129536954], [77.11241474432889, 28.850265340469832], [77.11241656778401, 28.850355540583955], [77.11231411556602, 28.850357145939725], [77.11231229219916, 28.85026694581966], [77.1122098400611, 28.850268551091737], [77.11221166333965, 28.85035875121775], [77.11190430661047, 28.85036356658536]]]}}, {"type": "Feature", "properties": {"id": "delhi-346", "status": "alive", "area_ha": 0.25, "water_left": 1.0, "baseline_years_with_water": 3, "recent_years_seen": [2024, 2025], "lat": 28.7804, "lon": 77.15725, "district": "North Delhi"}, "geometry": {"type": "Polygon", "coordinates": [[[77.15720246907836, 28.780802601724236], [77.15719689882901, 28.780532006505553], [77.1570945179127, 28.780533642267052], [77.15708523477387, 28.780082650179263], [77.15718761525045, 28.780081014448125], [77.15718575856027, 28.779990816032697], [77.15739051931197, 28.779987544350043], [77.15739237617804, 28.780077742753328], [77.15749475662906, 28.780076106789654], [77.15749847056266, 28.780256503580127], [77.15739608993573, 28.78025813955595], [77.15740723141322, 28.780799329932247], [77.15720246907836, 28.780802601724236]]]}}, {"type": "Feature", "properties": {"id": "delhi-369", "status": "alive", "area_ha": 0.25, "water_left": 1.0, "baseline_years_with_water": 3, "recent_years_seen": [2024, 2025], "lat": 28.77813, "lon": 77.01786, "district": "Outer North Delhi"}, "geometry": {"type": "Polygon", "coordinates": [[[77.01756061696021, 28.778359680823936], [77.01755193483696, 28.777908648399972], [77.01806387214567, 28.777900998303682], [77.01806734585082, 28.778081411220356], [77.01816973346462, 28.77807988095715], [77.01817147041712, 28.778170087407858], [77.01806908271536, 28.778171617676744], [77.01807081958785, 28.778261824131828], [77.01796843179012, 28.778263354328878], [77.01797016858261, 28.778353560788346], [77.01756061696021, 28.778359680823936]]]}}, {"type": "Feature", "properties": {"id": "delhi-561", "status": "alive", "area_ha": 0.25, "water_left": 1.0, "baseline_years_with_water": 3, "recent_years_seen": [2024, 2025], "lat": 28.7386, "lon": 77.10689, "district": "North West Delhi"}, "geometry": {"type": "Polygon", "coordinates": [[[77.1066858452267, 28.73874108360685], [77.10668403507924, 28.73865088166821], [77.10637700475046, 28.73865566751198], [77.1063733850071, 28.73847526359522], [77.10688510130245, 28.738467286861262], [77.10688691160885, 28.738557488790658], [77.10739862813541, 28.738549510092323], [77.10740043888903, 28.738639711990757], [77.1077074689686, 28.738634923825288], [77.10770927999384, 28.73872512570462], [77.1066858452267, 28.73874108360685]]]}}, {"type": "Feature", "properties": {"id": "delhi-818", "status": "alive", "area_ha": 0.25, "water_left": 1.0, "baseline_years_with_water": 2, "recent_years_seen": [2024, 2025], "lat": 28.71168, "lon": 77.04463, "district": "North West Delhi"}, "geometry": {"type": "Polygon", "coordinates": [[[77.0446350111872, 28.7119026032234], [77.04463325628272, 28.711812397372114], [77.04442861361169, 28.711815491436315], [77.04442685889062, 28.711725285572225], [77.04432453763069, 28.7117268324826], [77.04432278300534, 28.711636626611448], [77.04422046182503, 28.71163817343876], [77.04421870729541, 28.711547967560552], [77.04411638619473, 28.711549514304807], [77.04411463176083, 28.711459308419546], [77.04442159477574, 28.71145466797213], [77.04442334947264, 28.71154487384013], [77.04462799161765, 28.71154177981044], [77.0446262367454, 28.711451573953948], [77.04483087868284, 28.711448479626515], [77.04483438878607, 28.711628891315186], [77.04493670991806, 28.71162734402398], [77.04494197539636, 28.711897961529964], [77.0446350111872, 28.7119026032234]]]}}, {"type": "Feature", "properties": {"id": "delhi-603", "status": "alive", "area_ha": 0.24, "water_left": 1.0, "baseline_years_with_water": 2, "recent_years_seen": [2024, 2025], "lat": 28.7302, "lon": 77.12468, "district": "North West Delhi"}, "geometry": {"type": "MultiPolygon", "coordinates": [[[[77.12524111698586, 28.72987874248901], [77.12523929157129, 28.72978854151576], [77.12513695800003, 28.72979015046814], [77.12513878332686, 28.72988035144737], [77.12524111698586, 28.72987874248901]]], [[[77.12493411598373, 28.72988356913202], [77.12493594114349, 28.729973770121905], [77.12483360737164, 28.72997537885417], [77.12483543245202, 28.730065579848734], [77.12463076470769, 28.730068797093153], [77.12463258962099, 28.730158998098354], [77.1244279216677, 28.73016221504529], [77.1244297464139, 28.73025241606114], [77.12432741233694, 28.730254024424546], [77.12433288636254, 28.730524627482172], [77.12453755503448, 28.730521410642126], [77.12453573017542, 28.73043120963618], [77.1246380644111, 28.730429601106092], [77.1246362394727, 28.73033940010483], [77.12473857361225, 28.730337791503356], [77.12473674859447, 28.730247590506753], [77.12494141667298, 28.730244373083693], [77.12493959148811, 28.730154172097745], [77.12504192542707, 28.730152563276153], [77.12504010016283, 28.73006236229488], [77.12514243400568, 28.730060753401915], [77.12513878332686, 28.72988035144737], [77.12493411598373, 28.72988356913202]]]]}}, {"type": "Feature", "properties": {"id": "delhi-623", "status": "alive", "area_ha": 0.24, "water_left": 0.79, "baseline_years_with_water": 3, "recent_years_seen": [2024, 2025], "lat": 28.72891, "lon": 77.10024, "district": "North West Delhi"}, "geometry": {"type": "Polygon", "coordinates": [[[77.10025522106521, 28.7294572130388], [77.10024980929474, 28.729186605727467], [77.1001474746567, 28.729188195738722], [77.10012402565285, 28.7280155638435], [77.10022635915034, 28.728013973909075], [77.10023898597731, 28.72864539106952], [77.10034132008067, 28.728643801016364], [77.10035214392451, 28.729185015638855], [77.100454478546, 28.729183425472872], [77.10045808673566, 28.729363830324754], [77.1003557519387, 28.72936542050255], [77.10035755595818, 28.729455622932438], [77.10025522106521, 28.7294572130388]]]}}, {"type": "Feature", "properties": {"id": "delhi-850", "status": "alive", "area_ha": 0.24, "water_left": 0.88, "baseline_years_with_water": 2, "recent_years_seen": [2024, 2025], "lat": 28.70458, "lon": 77.31661, "district": "North East Delhi"}, "geometry": {"type": "Polygon", "coordinates": [[[77.3168228765602, 28.70480638449763], [77.31682088873983, 28.704716194933518], [77.31641170529797, 28.704723204580695], [77.31640176808445, 28.704272256609865], [77.31660635894785, 28.70426875200593], [77.31660834654745, 28.704358941589717], [77.31671064205305, 28.70435718916537], [77.31671262974938, 28.70444737874132], [77.31701951647413, 28.704442120985274], [77.31702746840153, 28.704802879197544], [77.3168228765602, 28.70480638449763]], [[77.31681890092857, 28.704626005368077], [77.31692119667863, 28.704624252769694], [77.31691920878893, 28.704534063209444], [77.31681691312643, 28.704535815801304], [77.31681890092857, 28.704626005368077]]]}}, {"type": "Feature", "properties": {"id": "delhi-1590", "status": "alive", "area_ha": 0.24, "water_left": 0.88, "baseline_years_with_water": 2, "recent_years_seen": [2024, 2025], "lat": 28.63016, "lon": 77.26027, "district": "East Delhi"}, "geometry": {"type": "Polygon", "coordinates": [[[77.26007060994405, 28.630608543542422], [77.26006287718596, 28.63024776698847], [77.26016510479339, 28.630246061336734], [77.26016123829311, 28.630065673064543], [77.26026346571713, 28.6300639673485], [77.26026153239306, 28.629973773216786], [77.26036375972095, 28.62997206743008], [77.26036182631849, 28.62988187330339], [77.26046405355022, 28.629880167446025], [77.26046212006939, 28.629789973324375], [77.26066657433174, 28.629786561391306], [77.26066464068526, 28.629696367281046], [77.26076686771586, 28.62969466120535], [77.2607707351922, 28.629875049411847], [77.26056628077309, 28.629878461511648], [77.26056821435007, 28.62996865562563], [77.26046598703995, 28.62997036156636], [77.26046792053855, 28.630060555685375], [77.26036569313229, 28.630062261555445], [77.26037729378682, 28.63060342627992], [77.26007060994405, 28.630608543542422]]]}}, {"type": "Feature", "properties": {"id": "delhi-1818", "status": "alive", "area_ha": 0.24, "water_left": 1.0, "baseline_years_with_water": 3, "recent_years_seen": [2024, 2025], "lat": 28.60037, "lon": 77.26346, "district": "East Delhi"}, "geometry": {"type": "Polygon", "coordinates": [[[77.26382575765474, 28.600680889080074], [77.26382382364292, 28.600590694779918], [77.2636194263645, 28.60059410830086], [77.26361749253581, 28.600503913986646], [77.26351529397041, 28.600505620625377], [77.26351336023774, 28.60041542630348], [77.26320676474958, 28.600420545739055], [77.26320483128718, 28.600330351396757], [77.2631026328605, 28.60033205771508], [77.26310069949409, 28.600241863365106], [77.26289630278832, 28.60024527575826], [77.26289436960505, 28.60015508139425], [77.26279217132596, 28.600156787469086], [77.26279023823871, 28.600066593097388], [77.26309683278795, 28.600061474661196], [77.26309876613658, 28.600151669013805], [77.26330316263257, 28.600148256325692], [77.26330509616434, 28.60023845066427], [77.26340729448613, 28.600236744198465], [77.26340922811391, 28.600326938529356], [77.26371582328738, 28.600321818651352], [77.2637177571854, 28.600412012961836], [77.26381995564593, 28.60041030617563], [77.26382188963998, 28.60050050047843], [77.26402628670859, 28.600497086662536], [77.26403015507186, 28.600677475238722], [77.26382575765474, 28.600680889080074]]]}}, {"type": "Feature", "properties": {"id": "delhi-2436", "status": "alive", "area_ha": 0.24, "water_left": 0.58, "baseline_years_with_water": 3, "recent_years_seen": [2024, 2025], "lat": 28.54929, "lon": 76.89969, "district": "South West Delhi"}, "geometry": {"type": "Polygon", "coordinates": [[[76.89912794649135, 28.5494309888935], [76.89912470825382, 28.549250557025804], [76.89973774463147, 28.549241977838978], [76.899736125002, 28.549151761935228], [76.90004264282933, 28.54914747132074], [76.90004426271975, 28.549237687208482], [76.90024860807468, 28.54923482640404], [76.9002502281465, 28.54932504227981], [76.90014805538577, 28.549326472725774], [76.90014967537806, 28.5494166886056], [76.89912794649135, 28.5494309888935]]]}}, {"type": "Feature", "properties": {"id": "delhi-2697", "status": "alive", "area_ha": 0.24, "water_left": 1.0, "baseline_years_with_water": 3, "recent_years_seen": [2024, 2025], "lat": 28.5188, "lon": 76.97515, "district": "South West Delhi"}, "geometry": {"type": "MultiPolygon", "coordinates": [[[[76.97468436641881, 28.518303959470487], [76.97448008973883, 28.518306929363614], [76.97448177091171, 28.518397141680683], [76.97468604776535, 28.51839417177646], [76.97468436641881, 28.518303959470487]]], [[[76.97468604776535, 28.51839417177646], [76.97468772911962, 28.518484384081155], [76.97478986762165, 28.51848289900843], [76.97478818618056, 28.518392686709287], [76.97468604776535, 28.51839417177646]]], [[[76.97489368765164, 28.5185716261513], [76.97489705074616, 28.518752050732036], [76.97499918949323, 28.518750565489253], [76.97500087113892, 28.518840777772134], [76.97510300996508, 28.518839292447083], [76.97510805520908, 28.51910992927137], [76.97521019428798, 28.519108443852957], [76.97521187613829, 28.519198656119592], [76.9755182935891, 28.519194199387442], [76.9755166114783, 28.519103987137456], [76.9754144724226, 28.51910547278601], [76.97541110839789, 28.51892504827107], [76.9753089695081, 28.5189265338318], [76.97530560568799, 28.518746109300604], [76.97520346696413, 28.518747594773533], [76.97520178515252, 28.51865738250045], [76.97509964650776, 28.518658867891123], [76.9750979647907, 28.518568655611205], [76.97499582622503, 28.518570140919607], [76.97499414460255, 28.518479928632853], [76.97478986762165, 28.51848289900843], [76.9747915490705, 28.51857311130628], [76.97489368765164, 28.5185716261513]]]]}}, {"type": "Feature", "properties": {"id": "delhi-687", "status": "alive", "area_ha": 0.23, "water_left": 1.0, "baseline_years_with_water": 3, "recent_years_seen": [2024, 2025], "lat": 28.72428, "lon": 77.11402, "district": "North West Delhi"}, "geometry": {"type": "Polygon", "coordinates": [[[77.1134643010825, 28.724559362229485], [77.11346248617808, 28.724469160496444], [77.11356481534203, 28.724467560648517], [77.11356300035823, 28.724377358920098], [77.11376765848571, 28.724374159004114], [77.11376402819224, 28.72419375556716], [77.11386635706806, 28.72419215550505], [77.11386454184608, 28.72410195379056], [77.11396687062587, 28.724100353657057], [77.11396868593555, 28.724190555365595], [77.1140710147947, 28.724188955148797], [77.11406919939732, 28.724098753446206], [77.11417152816044, 28.724097153158027], [77.11417334364553, 28.724187354854664], [77.11427567248805, 28.724185754483184], [77.11428111925647, 28.724456359547425], [77.1138718027839, 28.724462760640673], [77.1138736180392, 28.724552962349932], [77.1134643010825, 28.724559362229485]]]}}, {"type": "Feature", "properties": {"id": "delhi-756", "status": "alive", "area_ha": 0.23, "water_left": 1.0, "baseline_years_with_water": 2, "recent_years_seen": [2024, 2025], "lat": 28.71886, "lon": 77.04083, "district": "Outer North Delhi"}, "geometry": {"type": "Polygon", "coordinates": [[[77.04068403804193, 28.7192711142323], [77.04067002187675, 28.718549466389703], [77.04097700625555, 28.718544832716486], [77.04098927221374, 28.719176274462697], [77.04088694348158, 28.719177819137975], [77.04088869570579, 28.719268025102263], [77.04068403804193, 28.7192711142323]]]}}, {"type": "Feature", "properties": {"id": "delhi-813", "status": "alive", "area_ha": 0.23, "water_left": 1.0, "baseline_years_with_water": 2, "recent_years_seen": [2024, 2025], "lat": 28.70954, "lon": 77.24207, "district": "North East Delhi"}, "geometry": {"type": "Polygon", "coordinates": [[[77.24202064149726, 28.70985672940996], [77.24201871742181, 28.709766535207514], [77.24191641132484, 28.70976823145156], [77.24191448734584, 28.70967803724147], [77.24181218132765, 28.709679733401952], [77.24180833357136, 28.7094993449652], [77.24191063941433, 28.709497648817344], [77.2419087154618, 28.709407454603294], [77.24201102120831, 28.70940575838447], [77.24200909717702, 28.709315564175405], [77.2426229309449, 28.709305385277613], [77.2426248555019, 28.709395579448827], [77.24242024410604, 28.709398972736462], [77.24242216849665, 28.709489166918974], [77.24231986269784, 28.70949086345319], [77.24232178700966, 28.709581057640683], [77.2422194811144, 28.709582754103934], [77.24222140534742, 28.709672948296426], [77.24211909935572, 28.70967464468871], [77.24212294767304, 28.70985503308233], [77.24202064149726, 28.70985672940996]]]}}, {"type": "Feature", "properties": {"id": "delhi-834", "status": "alive", "area_ha": 0.23, "water_left": 0.96, "baseline_years_with_water": 2, "recent_years_seen": [2024, 2025], "lat": 28.71017, "lon": 77.01881, "district": "Outer North Delhi"}, "geometry": {"type": "Polygon", "coordinates": [[[77.018608729338, 28.710398722737356], [77.01860699687042, 28.710308515406663], [77.01850467534712, 28.710310042719435], [77.01850121061116, 28.710129628042793], [77.01860353195912, 28.71012810074139], [77.01860179951541, 28.710037893406806], [77.01870412076774, 28.71003636603377], [77.01870238824431, 28.70994615870357], [77.01911167282343, 28.709940048461018], [77.01911687146963, 28.710210670379567], [77.01901455007378, 28.710212198073222], [77.01901628288408, 28.710302405382482], [77.0189139613926, 28.7103039330045], [77.0189156941232, 28.710394140318147], [77.018608729338, 28.710398722737356]]]}}, {"type": "Feature", "properties": {"id": "delhi-1079", "status": "alive", "area_ha": 0.23, "water_left": 0.96, "baseline_years_with_water": 3, "recent_years_seen": [2024, 2025], "lat": 28.68471, "lon": 76.95846, "district": "Outer North Delhi"}, "geometry": {"type": "Polygon", "coordinates": [[[76.95836264628733, 28.68502617532901], [76.95836096726971, 28.684935964353638], [76.95825866667116, 28.684937444907288], [76.95825530883421, 28.68475702294166], [76.95815300840309, 28.684758503407043], [76.95815132958374, 28.684668292416777], [76.95845823059128, 28.684663850805418], [76.9584548724503, 28.684483428854072], [76.95855717259559, 28.684481948173488], [76.95855885174979, 28.684572159144306], [76.95866115197494, 28.684570678380975], [76.95866283122443, 28.684660889344972], [76.95876513152943, 28.684659408498877], [76.95877184895474, 28.68502025231994], [76.95836264628733, 28.68502617532901]]]}}, {"type": "Feature", "properties": {"id": "delhi-1200", "status": "alive", "area_ha": 0.23, "water_left": 1.0, "baseline_years_with_water": 3, "recent_years_seen": [2024, 2025], "lat": 28.66742, "lon": 77.14984, "district": "Central Delhi"}, "geometry": {"type": "MultiPolygon", "coordinates": [[[[77.15027303555115, 28.66749536028205], [77.15017076423227, 28.667496984963673], [77.15016892217685, 28.6674067846298], [77.15006665093695, 28.667408409228223], [77.15006480897743, 28.66731820888699], [77.14975799546937, 28.66732308220121], [77.14975615378066, 28.667232881840523], [77.14965388268185, 28.66723450611824], [77.1496557242831, 28.667324706484973], [77.14955345308837, 28.667326330691587], [77.14955529461064, 28.667416531063058], [77.14945302332, 28.66741815519856], [77.14945486476327, 28.667508355574764], [77.14925032198173, 28.667511603626394], [77.14925216325855, 28.66760180401338], [77.14955897768053, 28.66759693180207], [77.14955713614135, 28.667506731433214], [77.14965940751098, 28.66750510721452], [77.14966124913761, 28.66759530757732], [77.1502748777025, 28.667585560608565], [77.15027303555115, 28.66749536028205]]], [[[77.1502767198623, 28.667675760933786], [77.15037899134762, 28.667674136162898], [77.15037714910036, 28.667583935843734], [77.1502748777025, 28.667585560608565], [77.1502767198623, 28.667675760933786]]]]}}, {"type": "Feature", "properties": {"id": "delhi-1268", "status": "alive", "area_ha": 0.23, "water_left": 1.0, "baseline_years_with_water": 3, "recent_years_seen": [2024, 2025], "lat": 28.66114, "lon": 77.1951, "district": "Central Delhi"}, "geometry": {"type": "MultiPolygon", "coordinates": [[[[77.19505838534602, 28.661453010406397], [77.19505650532435, 28.6613628126836], [77.19515876763694, 28.661361154426356], [77.19515688753651, 28.66127095670842], [77.19525914975304, 28.661269298380223], [77.19525538940324, 28.661088902952745], [77.19535765143632, 28.661087244559766], [77.19535201071415, 28.660816651427208], [77.1952497489433, 28.66081830980167], [77.19525162908798, 28.660908507520006], [77.19514936722109, 28.660910165823513], [77.19514748716382, 28.660819968098995], [77.19504522537571, 28.660821626319205], [77.19504710534557, 28.660911824049887], [77.19494484346141, 28.66091348219914], [77.19495048316055, 28.661184075401827], [77.19484822100553, 28.661185733492474], [77.19485386052011, 28.66145632670185], [77.19505838534602, 28.661453010406397]]], [[[77.19475159809421, 28.661457984733886], [77.19475347786226, 28.66154818247388], [77.19485574037559, 28.661546524435675], [77.19485386052011, 28.66145632670185], [77.19475159809421, 28.661457984733886]]]]}}, {"type": "Feature", "properties": {"id": "delhi-1693", "status": "alive", "area_ha": 0.23, "water_left": 1.0, "baseline_years_with_water": 2, "recent_years_seen": [2024, 2025], "lat": 28.62382, "lon": 76.91576, "district": "South West Delhi"}, "geometry": {"type": "Polygon", "coordinates": [[[76.91591333704895, 28.62409234631028], [76.91591169855336, 28.624002132253743], [76.91560496640378, 28.624006469030135], [76.91560332817764, 28.62391625495615], [76.9153988402149, 28.623919145744356], [76.91539392610551, 28.623648503482364], [76.91549616982871, 28.62364705814295], [76.91549780794496, 28.62373727222618], [76.91611127064998, 28.6237285985392], [76.91611454795276, 28.623909026637158], [76.91621679188519, 28.62390758074219], [76.91621843063518, 28.623997794783847], [76.91611618661543, 28.6239992406842], [76.91611782528565, 28.624089454729965], [76.91591333704895, 28.62409234631028]]]}}, {"type": "Feature", "properties": {"id": "delhi-461", "status": "alive", "area_ha": 0.22, "water_left": 0.95, "baseline_years_with_water": 3, "recent_years_seen": [2024, 2025], "lat": 28.75782, "lon": 76.96361, "district": "Outer North Delhi"}, "geometry": {"type": "Polygon", "coordinates": [[[76.96330819168485, 28.75804461573104], [76.96330650333692, 28.757954405997257], [76.96320413194445, 28.757955893728383], [76.96320244369218, 28.75786568398778], [76.96330481499677, 28.757864196262176], [76.96330312666436, 28.7577739865258], [76.96340549787331, 28.757772498728258], [76.96340380946074, 28.75768228899612], [76.96381329386746, 28.757676337053287], [76.96381498263162, 28.757766546763317], [76.96391735380182, 28.75776505857839], [76.96392073152916, 28.757945477983505], [76.96381836018315, 28.757946966179485], [76.96382004897055, 28.75803717588562], [76.96330819168485, 28.75804461573104]]]}}, {"type": "Feature", "properties": {"id": "delhi-1407", "status": "alive", "area_ha": 0.22, "water_left": 1.0, "baseline_years_with_water": 3, "recent_years_seen": [2024, 2025], "lat": 28.64661, "lon": 77.17823, "district": "Central Delhi"}, "geometry": {"type": "MultiPolygon", "coordinates": [[[[77.1784870305146, 28.646652491987318], [77.17838478133181, 28.646654136886838], [77.17837918754437, 28.64638354010454], [77.17827693861506, 28.646385184908606], [77.17827507412372, 28.64629498597242], [77.17796832754648, 28.64629991990372], [77.17797019177577, 28.646390118858275], [77.17786794281221, 28.646391763353996], [77.1778698069627, 28.646481962313366], [77.17797205601362, 28.646480317811516], [77.17797392026002, 28.646570516763443], [77.17807616938973, 28.646568872178396], [77.17807803373204, 28.64665907112288], [77.17818028294053, 28.64665742645462], [77.17818214737876, 28.646747625391672], [77.17828439666603, 28.6467459806402], [77.17828626120018, 28.646836179569814], [77.17838851056626, 28.646834534735135], [77.17839037519633, 28.64692473365731], [77.17849262464118, 28.646923088739417], [77.1784870305146, 28.646652491987318]]], [[[77.17849448936717, 28.64701328765416], [77.1785967388908, 28.647011642653055], [77.17859487407746, 28.64692144374444], [77.17849262464118, 28.646923088739417], [77.17849448936717, 28.64701328765416]]]]}}, {"type": "Feature", "properties": {"id": "delhi-341", "status": "alive", "area_ha": 0.21, "water_left": 0.95, "baseline_years_with_water": 2, "recent_years_seen": [2024, 2025], "lat": 28.78161, "lon": 77.10903, "district": "Outer North Delhi"}, "geometry": {"type": "Polygon", "coordinates": [[[77.10888850409731, 28.78210728045424], [77.10887579724317, 28.781475871804965], [77.10897818230164, 28.781474272543516], [77.10897455167087, 28.781293870072382], [77.10917932141095, 28.781290671340663], [77.1091811368981, 28.78138087256502], [77.10928352184362, 28.781379273076926], [77.10928533742708, 28.78146947429402], [77.10918295239358, 28.781471073788047], [77.10918839893, 28.781741677449297], [77.10908601362428, 28.781743276883606], [77.10909145997171, 28.78201388055088], [77.10898907439375, 28.78201547992548], [77.10899088977158, 28.78210568115123], [77.10888850409731, 28.78210728045424]]]}}, {"type": "Feature", "properties": {"id": "delhi-1236", "status": "alive", "area_ha": 0.21, "water_left": 0.9, "baseline_years_with_water": 2, "recent_years_seen": [2024, 2025], "lat": 28.66758, "lon": 76.97579, "district": "Outer North Delhi"}, "geometry": {"type": "Polygon", "coordinates": [[[76.97563989901107, 28.66781086277762], [76.97563820639344, 28.66772065251084], [76.97553592358224, 28.667722145305138], [76.97553084603844, 28.667451514480383], [76.97563312858718, 28.66745002170275], [76.97563143600063, 28.667359811430803], [76.97593828333768, 28.667355332651482], [76.9759399761867, 28.667445542906755], [76.97604225870431, 28.667444049820386], [76.97604733756047, 28.667714680561783], [76.97594505478038, 28.667716173664825], [76.97594674766049, 28.667806383914925], [76.97563989901107, 28.66781086277762]]]}}, {"type": "Feature", "properties": {"id": "delhi-1923", "status": "alive", "area_ha": 0.21, "water_left": 1.0, "baseline_years_with_water": 3, "recent_years_seen": [2024, 2025], "lat": 28.59076, "lon": 77.29811, "district": "East Delhi"}, "geometry": {"type": "MultiPolygon", "coordinates": [[[[77.29795203990295, 28.59036228822608], [77.29784985359576, 28.5903640201782], [77.29784592915726, 28.5901836355858], [77.29764155686416, 28.59018709923356], [77.297647443013, 28.590457676158916], [77.29774962942528, 28.5904559443541], [77.29775159158001, 28.590546136653455], [77.29795596455168, 28.590542672800265], [77.29795203990295, 28.59036228822608]]], [[[77.29795792688957, 28.590632865085375], [77.29806011344894, 28.590631133037004], [77.29806207588291, 28.590721325314338], [77.29795988923647, 28.59072305736916], [77.29796185159239, 28.59081324965162], [77.29806403832592, 28.590811517590332], [77.29806600077794, 28.59090170986502], [77.29816818758952, 28.590899977720387], [77.29817015013764, 28.590990169987286], [77.29837452390791, 28.590986705454444], [77.2983705984724, 28.59080632094516], [77.29826841176592, 28.5908080532371], [77.29826448654065, 28.590627668709597], [77.29816229999929, 28.59062940091174], [77.29816033748726, 28.590539208639548], [77.29795596455168, 28.590542672800265], [77.29795792688957, 28.590632865085375]]]]}}, {"type": "Feature", "properties": {"id": "delhi-392", "status": "alive", "area_ha": 0.2, "water_left": 0.7, "baseline_years_with_water": 2, "recent_years_seen": [2024, 2025], "lat": 28.77168, "lon": 77.10612, "district": "Outer North Delhi"}, "geometry": {"type": "Polygon", "coordinates": [[[77.10591746903285, 28.771867465217635], [77.10591565706598, 28.771777263676434], [77.10581328127302, 28.771778860126776], [77.10580965754005, 28.77159845702859], [77.10591203315717, 28.771596860590094], [77.10591022121523, 28.77150665904496], [77.10631972324884, 28.771500272539754], [77.10632153554249, 28.771590474061167], [77.10642391111804, 28.771588877235203], [77.10642753590612, 28.771769280262237], [77.10632516015471, 28.771770877100067], [77.1063269724733, 28.771861078617558], [77.10591746903285, 28.771867465217635]]]}}, {"type": "Feature", "properties": {"id": "delhi-111", "status": "alive", "area_ha": 0.19, "water_left": 1.0, "baseline_years_with_water": 3, "recent_years_seen": [2024, 2025], "lat": 28.84955, "lon": 77.11209, "district": "Outer North Delhi"}, "geometry": {"type": "Polygon", "coordinates": [[[77.11210191839395, 28.849999555882274], [77.11210009523707, 28.849909355745062], [77.11199764343539, 28.849910960837846], [77.11199582037516, 28.849820760693373], [77.11209827208857, 28.849819155606536], [77.11209462581662, 28.84963875532553], [77.11199217427976, 28.849640360400464], [77.11198852821781, 28.849459960102315], [77.1120909795781, 28.849458355039282], [77.11208733337301, 28.849277954747773], [77.11218978454842, 28.84927634961889], [77.11220072379362, 28.84981755044196], [77.11291788549497, 28.849806312113074], [77.11291970934967, 28.84989651220399], [77.11230499881538, 28.84990614532626], [77.1123068221488, 28.849996345451572], [77.11210191839395, 28.849999555882274]]]}}, {"type": "Feature", "properties": {"id": "delhi-239", "status": "alive", "area_ha": 0.19, "water_left": 1.0, "baseline_years_with_water": 3, "recent_years_seen": [2024, 2025], "lat": 28.81281, "lon": 77.01285, "district": "Outer North Delhi"}, "geometry": {"type": "Polygon", "coordinates": [[[77.01269721393686, 28.813081490504107], [77.01269027501579, 28.812720665341043], [77.01258785320016, 28.812722193122813], [77.0125861185779, 28.812631986823124], [77.01268854030542, 28.812630459047014], [77.01268680560298, 28.812540252751695], [77.01289164885786, 28.812537196977917], [77.01289338373655, 28.8126274032619], [77.0129958054402, 28.812625875252866], [77.01300101038838, 28.812896494080007], [77.01310343234846, 28.812894965976334], [77.01310516743523, 28.81298517224377], [77.01300274538703, 28.812986700353118], [77.01300448039363, 28.813076906624918], [77.01269721393686, 28.813081490504107]]]}}, {"type": "Feature", "properties": {"id": "delhi-540", "status": "alive", "area_ha": 0.19, "water_left": 1.0, "baseline_years_with_water": 2, "recent_years_seen": [2024, 2025], "lat": 28.74206, "lon": 77.01354, "district": "Outer North Delhi"}, "geometry": {"type": "Polygon", "coordinates": [[[77.01338494721111, 28.742238669987433], [77.01338148669261, 28.742058255592855], [77.01317678113651, 28.742061305304155], [77.01317332100102, 28.741880890881717], [77.01348037879637, 28.74187631623263], [77.01348210912359, 28.741966523427497], [77.01358446179397, 28.741964998383974], [77.01358273137895, 28.741874791194768], [77.01378743652026, 28.741871740886804], [77.01378916711091, 28.74196194806467], [77.0136868144564, 28.741963473263027], [77.0136885449672, 28.742053680445267], [77.01389325044389, 28.742050629959795], [77.01389498113825, 28.74214083712939], [77.01379262831605, 28.742142362416505], [77.01379435893054, 28.742232569590477], [77.01338494721111, 28.742238669987433]]]}}, {"type": "Feature", "properties": {"id": "delhi-966", "status": "alive", "area_ha": 0.19, "water_left": 1.0, "baseline_years_with_water": 2, "recent_years_seen": [2024, 2025], "lat": 28.69333, "lon": 77.2539, "district": "North East Delhi"}, "geometry": {"type": "Polygon", "coordinates": [[[77.25385274573735, 28.69369006267804], [77.25384887988456, 28.693509675309], [77.2537465904303, 28.693511379619736], [77.2537369263913, 28.693060411142312], [77.25383921540784, 28.69305870686328], [77.25384114828543, 28.693148900555073], [77.25394343738066, 28.69314719619248], [77.25394537035467, 28.693237389876614], [77.25404765952855, 28.693235685430462], [77.25405152567828, 28.693416072782068], [77.25415381501837, 28.693414368246025], [77.25415961457215, 28.6936849492445], [77.25385274573735, 28.69369006267804]]]}}, {"type": "Feature", "properties": {"id": "delhi-1210", "status": "alive", "area_ha": 0.19, "water_left": 1.0, "baseline_years_with_water": 2, "recent_years_seen": [2024, 2025], "lat": 28.66705, "lon": 77.14121, "district": "Central Delhi"}, "geometry": {"type": "Polygon", "coordinates": [[[77.14075076282846, 28.66710492024685], [77.14074709491841, 28.66692451845175], [77.1417698084972, 28.666908339628954], [77.14177164332251, 28.666998540466935], [77.1416693719151, 28.66700015870244], [77.1416712066614, 28.667090359545135], [77.14075076282846, 28.66710492024685]]]}}, {"type": "Feature", "properties": {"id": "delhi-2025", "status": "alive", "area_ha": 0.19, "water_left": 0.89, "baseline_years_with_water": 2, "recent_years_seen": [2024, 2025], "lat": 28.58088, "lon": 77.2796, "district": "South East Delhi"}, "geometry": {"type": "Polygon", "coordinates": [[[77.27976272671602, 28.58119561134432], [77.27976078066992, 28.581105417784364], [77.2795564233413, 28.581108853190134], [77.27955447747821, 28.581018659616046], [77.27945229888755, 28.581020377197245], [77.27944451587277, 28.580659602862063], [77.2793423376213, 28.580661320340777], [77.27933844634163, 28.580480933152458], [77.27944062441904, 28.580479215686548], [77.27944257014143, 28.58056940927497], [77.27954474829693, 28.5805676917258], [77.27954863994262, 28.580748078885858], [77.27965081826324, 28.580746361247023], [77.27965276418654, 28.580836554818674], [77.27975494258526, 28.580834837096578], [77.27975688860452, 28.58092503066049], [77.27985906708133, 28.580923312855138], [77.2798610131966, 28.58101350641133], [77.2799631917515, 28.581011788522712], [77.27996708418291, 28.581192175618316], [77.27976272671602, 28.58119561134432]]]}}, {"type": "Feature", "properties": {"id": "delhi-2088", "status": "alive", "area_ha": 0.19, "water_left": 1.0, "baseline_years_with_water": 3, "recent_years_seen": [2024, 2025], "lat": 28.576, "lon": 77.10681, "district": "New Delhi"}, "geometry": {"type": "Polygon", "coordinates": [[[77.10660696821094, 28.576236109968207], [77.10660337234782, 28.57605570175239], [77.10650118669474, 28.57605728882596], [77.10649759103877, 28.575876880593096], [77.10711070378852, 28.575867357069658], [77.10710890545062, 28.575777152986795], [77.10721109079292, 28.57577556546976], [77.10721288921788, 28.5758657695467], [77.10731507463898, 28.57586418194688], [77.10731687315926, 28.575954386016594], [77.10711250213471, 28.575957561151213], [77.10711430048914, 28.576047765231472], [77.10690992925741, 28.576050940070456], [77.106911727446, 28.576141144161255], [77.1067073560071, 28.576144318704593], [77.10670915402986, 28.576234522805922], [77.10660696821094, 28.576236109968207]]]}}, {"type": "Feature", "properties": {"id": "delhi-2117", "status": "alive", "area_ha": 0.19, "water_left": 1.0, "baseline_years_with_water": 3, "recent_years_seen": [2024, 2025], "lat": 28.57688, "lon": 76.86231, "district": "South West Delhi"}, "geometry": {"type": "Polygon", "coordinates": [[[76.86210806321085, 28.577106016224327], [76.86210488442455, 28.576925581249085], [76.86200268276119, 28.576926984225025], [76.86199950417833, 28.576746549234183], [76.86251051155095, 28.576739533637692], [76.86251210127428, 28.57682975110757], [76.862614302814, 28.576828347752294], [76.8626174824568, 28.577008782677755], [76.86241307902162, 28.57701158933234], [76.86241466867976, 28.577101806803608], [76.86210806321085, 28.577106016224327]]]}}, {"type": "Feature", "properties": {"id": "delhi-2348", "status": "alive", "area_ha": 0.19, "water_left": 0.89, "baseline_years_with_water": 3, "recent_years_seen": [2024, 2025], "lat": 28.5543, "lon": 77.11005, "district": "New Delhi"}, "geometry": {"type": "Polygon", "coordinates": [[[77.10995759694238, 28.55461856745482], [77.10995219943058, 28.554347954852222], [77.10985003496502, 28.55434954334694], [77.10984463778854, 28.554078930714827], [77.10994680199323, 28.554077342237896], [77.10994500286398, 28.553987138030514], [77.1102514951675, 28.553982372156696], [77.11025869277758, 28.55434318890726], [77.11015652833686, 28.554344777632384], [77.11016012701761, 28.554525186011702], [77.11005796239469, 28.554526774671885], [77.11005976166052, 28.55461697886552], [77.10995759694238, 28.55461856745482]], [[77.10995040027652, 28.554257750648752], [77.11005256464684, 28.55425616208316], [77.11005076541409, 28.55416595788431], [77.10994860113074, 28.554167546443978], [77.10995040027652, 28.554257750648752]]]}}, {"type": "Feature", "properties": {"id": "delhi-2737", "status": "alive", "area_ha": 0.19, "water_left": 1.0, "baseline_years_with_water": 2, "recent_years_seen": [2024, 2025], "lat": 28.51631, "lon": 76.91544, "district": "South West Delhi"}, "geometry": {"type": "Polygon", "coordinates": [[[76.91539718139404, 28.51662633572616], [76.91539555062995, 28.516536120213686], [76.91529341039366, 28.516537560546833], [76.91528362648766, 28.515996267412774], [76.91548790591074, 28.51599338673433], [76.91548953671665, 28.516083602249125], [76.91559167650377, 28.516082161789445], [76.91560146201776, 28.51662345481895], [76.91539718139404, 28.51662633572616]]]}}, {"type": "Feature", "properties": {"id": "delhi-885", "status": "alive", "area_ha": 0.18, "water_left": 0.89, "baseline_years_with_water": 2, "recent_years_seen": [2024, 2025], "lat": 28.70619, "lon": 77.03777, "district": "North West Delhi"}, "geometry": {"type": "Polygon", "coordinates": [[[77.03767278215483, 28.70650350362007], [77.03767103361419, 28.70641329730458], [77.03756871709132, 28.70641483884543], [77.03756172335963, 28.70605401354751], [77.03766403953189, 28.7060524720296], [77.03766229103138, 28.705962265707605], [77.03776460710799, 28.705960724118125], [77.03776635569614, 28.70605093043439], [77.03797098800052, 28.70604784701207], [77.03797623433906, 28.706318465918656], [77.03787391792793, 28.70632000768567], [77.03787741535177, 28.706500420295008], [77.03767278215483, 28.70650350362007]]]}}, {"type": "Feature", "properties": {"id": "delhi-2667", "status": "alive", "area_ha": 0.18, "water_left": 0.94, "baseline_years_with_water": 2, "recent_years_seen": [2024, 2025], "lat": 28.51801, "lon": 77.31068, "district": "South East Delhi"}, "geometry": {"type": "Polygon", "coordinates": [[[77.31048693461629, 28.518419964401833], [77.31048103327038, 28.518149387055402], [77.3105831489661, 28.51814764959839], [77.31057528028455, 28.517786879810593], [77.31067739562424, 28.517785142302884], [77.31067346116424, 28.517604757414038], [77.31077557632138, 28.517603019842653], [77.31077360901821, 28.517512827402733], [77.31087572407954, 28.517511089761193], [77.31088359369353, 28.51787185948699], [77.3107814782852, 28.517873597154484], [77.31078738033042, 28.518144174454413], [77.31068526465279, 28.518145912064725], [77.31068723193255, 28.518236104501877], [77.3105851161591, 28.518237842042033], [77.31058905057226, 28.51841822692535], [77.31048693461629, 28.518419964401833]]]}}, {"type": "Feature", "properties": {"id": "delhi-1277", "status": "alive", "area_ha": 0.17, "water_left": 1.0, "baseline_years_with_water": 3, "recent_years_seen": [2024, 2025], "lat": 28.66098, "lon": 77.19633, "district": "Central Delhi"}, "geometry": {"type": "Polygon", "coordinates": [[[77.19627989039013, 28.661162513204907], [77.19627800934542, 28.661072315552264], [77.19586896147219, 28.66107895143798], [77.19586708078576, 28.660988753759316], [77.19596934267962, 28.660987094909757], [77.19596558115785, 28.660806699560837], [77.19617010457, 28.660803381655036], [77.1961719855014, 28.6608935793178], [77.19647877081705, 28.66088860186213], [77.19648065201932, 28.66097879950505], [77.19658291386133, 28.66097714019273], [77.19658103257167, 28.66088694255599], [77.19668329431765, 28.66088528317272], [77.19668705708045, 28.661065678432532], [77.19638027129213, 28.661070656388027], [77.19638215242425, 28.661160854034495], [77.19627989039013, 28.661162513204907]]]}}, {"type": "Feature", "properties": {"id": "delhi-1499", "status": "alive", "area_ha": 0.17, "water_left": 0.65, "baseline_years_with_water": 2, "recent_years_seen": [2024, 2025], "lat": 28.64318, "lon": 77.01497, "district": "West Delhi"}, "geometry": {"type": "Polygon", "coordinates": [[[77.01476555479502, 28.643322164017377], [77.01476383042046, 28.643231955579036], [77.01466157381563, 28.64323347674087], [77.01465812526502, 28.643053059848988], [77.01476038169508, 28.643051538698483], [77.01475865734429, 28.642961330256256], [77.01496317000593, 28.642958287735294], [77.01496489453147, 28.643048496166184], [77.01516940733617, 28.643045453325477], [77.01517113204439, 28.643135661743738], [77.01527338852223, 28.64313414020206], [77.01527683813717, 28.643314557023363], [77.01517458148459, 28.643316078576365], [77.01517285676051, 28.643225870160702], [77.01507060018739, 28.643227391630937], [77.01507232482406, 28.643317600052267], [77.01476555479502, 28.643322164017377]]]}}, {"type": "Feature", "properties": {"id": "delhi-2191", "status": "alive", "area_ha": 0.17, "water_left": 1.0, "baseline_years_with_water": 3, "recent_years_seen": [2024, 2025], "lat": 28.5716, "lon": 76.90397, "district": "South West Delhi"}, "geometry": {"type": "Polygon", "coordinates": [[[76.90371968744746, 28.571745766351004], [76.90371481384965, 28.571475120160258], [76.90402139564333, 28.571470817499176], [76.90401977086442, 28.57138060211574], [76.90422415851536, 28.57137773330127], [76.90422578346842, 28.571467948674], [76.90432797736976, 28.57146651414607], [76.90432960241736, 28.57155672951216], [76.90422740842895, 28.571558164045438], [76.90422903339694, 28.5716483794156], [76.90412683931399, 28.571649813877336], [76.90412846420236, 28.571740029251565], [76.90371968744746, 28.571745766351004]]]}}, {"type": "Feature", "properties": {"id": "delhi-2749", "status": "alive", "area_ha": 0.17, "water_left": 0.88, "baseline_years_with_water": 2, "recent_years_seen": [2024, 2025], "lat": 28.5156, "lon": 76.90516, "district": "South West Delhi"}, "geometry": {"type": "Polygon", "coordinates": [[[76.90496098929827, 28.51578047836581], [76.90495450204314, 28.515419614062335], [76.90505664181939, 28.515418181552384], [76.90505501993742, 28.515327965478658], [76.90515715961939, 28.515326532897348], [76.90515878158817, 28.515416748965716], [76.90536306110337, 28.51541388356226], [76.90536954974779, 28.515774747780103], [76.90496098929827, 28.51578047836581]]]}}, {"type": "Feature", "properties": {"id": "delhi-2869", "status": "alive", "area_ha": 0.17, "water_left": 1.0, "baseline_years_with_water": 2, "recent_years_seen": [2024, 2025], "lat": 28.50774, "lon": 76.92183, "district": "South West Delhi"}, "geometry": {"type": "Polygon", "coordinates": [[[76.9217787295338, 28.50796354784583], [76.92177709392746, 28.507873332556294], [76.92167496241917, 28.50787477728626], [76.9216700559057, 28.507604131393762], [76.92187431839396, 28.507601241889535], [76.92187104707543, 28.507420811309704], [76.9219731781347, 28.507419366453362], [76.92197481387699, 28.50750958173852], [76.92228120727002, 28.50750524669319], [76.92228447929793, 28.507685677227254], [76.92197808538417, 28.507690012304987], [76.92197972114903, 28.507780227586288], [76.9218775897426, 28.507781672464226], [76.92188086112132, 28.507962103033783], [76.9217787295338, 28.50796354784583]]]}}, {"type": "Feature", "properties": {"id": "delhi-1211", "status": "alive", "area_ha": 0.16, "water_left": 1.0, "baseline_years_with_water": 3, "recent_years_seen": [2024, 2025], "lat": 28.66691, "lon": 77.14453, "district": "Central Delhi"}, "geometry": {"type": "Polygon", "coordinates": [[[77.14443253406439, 28.667046639942484], [77.1444306969569, 28.66695643926253], [77.14422615457202, 28.666959679668427], [77.14422431764788, 28.66686947897511], [77.14432658875708, 28.66686785881676], [77.14432475175393, 28.66677765812816], [77.14463156476859, 28.666772797208303], [77.1446334020341, 28.66686299787881], [77.1448379441766, 28.666859756867737], [77.14483978162545, 28.66694995752488], [77.14514659503824, 28.666945095411506], [77.14514843275789, 28.66703529604924], [77.14443253406439, 28.667046639942484]]]}}, {"type": "Feature", "properties": {"id": "delhi-2004", "status": "alive", "area_ha": 0.16, "water_left": 0.81, "baseline_years_with_water": 3, "recent_years_seen": [2024, 2025], "lat": 28.58743, "lon": 77.00808, "district": "South West Delhi"}, "geometry": {"type": "Polygon", "coordinates": [[[77.00797803299137, 28.58765797290895], [77.00797631838564, 28.587567763353153], [77.00787411525936, 28.587569276707463], [77.00786897175082, 28.587298648015356], [77.00797117461573, 28.587297134677975], [77.00796946004152, 28.587206925117], [77.00817386557345, 28.587203898222754], [77.00817558032192, 28.587294107772436], [77.00827778316318, 28.587292594204282], [77.00828292771723, 28.58756322282865], [77.00818072461459, 28.587564736413743], [77.00818243939457, 28.58765494595826], [77.00797803299137, 28.58765797290895]]]}}, {"type": "Feature", "properties": {"id": "delhi-2019", "status": "alive", "area_ha": 0.16, "water_left": 0.81, "baseline_years_with_water": 3, "recent_years_seen": [2024, 2025], "lat": 28.58543, "lon": 77.02414, "district": "South West Delhi"}, "geometry": {"type": "Polygon", "coordinates": [[[77.02378487484798, 28.585618298301554], [77.0237831468966, 28.585528089598117], [77.023680946739, 28.585529614761835], [77.02367921888268, 28.585439406051417], [77.0238836190157, 28.58543635565845], [77.0238818909931, 28.585346146958116], [77.02418849087171, 28.585341570808858], [77.02419021915567, 28.585431779492133], [77.02429241918644, 28.585430253949518], [77.02429069081536, 28.58534004527194], [77.02439289075107, 28.585338519658112], [77.02439116230083, 28.585248310984927], [77.02449336214148, 28.58524678529987], [77.02449681922413, 28.58542720263356], [77.02439461920925, 28.58542872833], [77.02439634767538, 28.58551893700059], [77.02419194744756, 28.585521988174104], [77.02419367574741, 28.58561219685477], [77.02409147553446, 28.585613722331846], [77.02408974732174, 28.585523513645484], [77.02398754718797, 28.585525039039943], [77.02398927531358, 28.58561524773199], [77.02378487484798, 28.585618298301554]]]}}, {"type": "Feature", "properties": {"id": "delhi-2093", "status": "alive", "area_ha": 0.16, "water_left": 0.88, "baseline_years_with_water": 2, "recent_years_seen": [2024, 2025], "lat": 28.57239, "lon": 77.29097, "district": "South East Delhi"}, "geometry": {"type": "Polygon", "coordinates": [[[77.29082049996391, 28.57261824885499], [77.29081268088056, 28.572257476941054], [77.29101701949409, 28.57225402555574], [77.29101506457172, 28.572163832586828], [77.29121940297532, 28.57216038090709], [77.29122331317701, 28.572340766817845], [77.29112114380573, 28.572342492709005], [77.29112309883305, 28.572432685668836], [77.29122526829134, 28.57243095977124], [77.29122722341467, 28.572521152723315], [77.29112505386937, 28.57252287862735], [77.29112700891467, 28.572613071584534], [77.29082049996391, 28.57261824885499]]]}}, {"type": "Feature", "properties": {"id": "delhi-331", "status": "alive", "area_ha": 0.15, "water_left": 1.0, "baseline_years_with_water": 3, "recent_years_seen": [2024, 2025], "lat": 28.78587, "lon": 77.07557, "district": "Outer North Delhi"}, "geometry": {"type": "Polygon", "coordinates": [[[77.07517044971057, 28.786148738936877], [77.07516687656499, 28.785968332686576], [77.07537165986793, 28.785965184741656], [77.07536987313144, 28.785874981626225], [77.07547226468262, 28.785873407543296], [77.07547047786632, 28.785783204432406], [77.07557286932132, 28.785781630277768], [77.07557108242521, 28.785691427171415], [77.07567347378402, 28.785689852945072], [77.07567168680812, 28.785599649843267], [77.07577407807074, 28.785598075545224], [77.07577586513463, 28.78568827864119], [77.07587825647703, 28.785686704259764], [77.07588004363711, 28.785776907348588], [77.07577765220671, 28.785778481735857], [77.07577943928699, 28.785868684829218], [77.0756770477604, 28.785870259144783], [77.0756788347609, 28.785960462242684], [77.07547405150711, 28.785963610652882], [77.0754758383398, 28.78605381376115], [77.07537344661263, 28.78605538785577], [77.0753752333655, 28.78614559096858], [77.07517044971057, 28.786148738936877]]]}}, {"type": "Feature", "properties": {"id": "delhi-356", "status": "alive", "area_ha": 0.15, "water_left": 0.93, "baseline_years_with_water": 3, "recent_years_seen": [2024, 2025], "lat": 28.77936, "lon": 77.15722, "district": "North Delhi"}, "geometry": {"type": "Polygon", "coordinates": [[[77.15718018854086, 28.779720220778525], [77.15717833188477, 28.779630022357832], [77.15707595184796, 28.7796316580586], [77.15707223873719, 28.779451261201135], [77.1571746185981, 28.77944962551251], [77.15717090534551, 28.779269228661928], [77.15706852566049, 28.779270864338397], [77.1570629561093, 28.77900026903445], [77.15737009434727, 28.778995361827157], [77.15737380790056, 28.77917575866133], [77.15727142832053, 28.779177394486755], [77.15728256865712, 28.77971858499417], [77.15718018854086, 28.779720220778525]]]}}, {"type": "Feature", "properties": {"id": "delhi-559", "status": "alive", "area_ha": 0.15, "water_left": 1.0, "baseline_years_with_water": 2, "recent_years_seen": [2024, 2025], "lat": 28.73876, "lon": 77.10827, "district": "North West Delhi"}, "geometry": {"type": "Polygon", "coordinates": [[[77.10832696358406, 28.7388959509321], [77.10832515201551, 28.73880574909099], [77.1078134345462, 28.73881373136084], [77.10780981231183, 28.738633327615357], [77.10791215564676, 28.738631731328027], [77.10791396684758, 28.7387219331955], [77.10873271392997, 28.738709160063408], [77.10873452584133, 28.73879936188209], [77.108836869277, 28.738797764886385], [77.10883868128444, 28.738887966697828], [77.10832696358406, 28.7388959509321]]]}}, {"type": "Feature", "properties": {"id": "delhi-729", "status": "alive", "area_ha": 0.15, "water_left": 0.93, "baseline_years_with_water": 2, "recent_years_seen": [2024, 2025], "lat": 28.72245, "lon": 77.03634, "district": "Outer North Delhi"}, "geometry": {"type": "Polygon", "coordinates": [[[77.03593750438719, 28.722591043697765], [77.03593575617181, 28.722500837499258], [77.03583342388029, 28.72250237851381], [77.03583167576066, 28.722412172308264], [77.03644566886314, 28.722402925095047], [77.0364439202252, 28.72231271892258], [77.0368532484488, 28.722306552589696], [77.03685674643445, 28.722486964887473], [77.03603808845533, 28.72249929640735], [77.03603983675842, 28.722589502600133], [77.03593750438719, 28.722591043697765]]]}}, {"type": "Feature", "properties": {"id": "delhi-1230", "status": "alive", "area_ha": 0.15, "water_left": 1.0, "baseline_years_with_water": 3, "recent_years_seen": [2024, 2025], "lat": 28.66762, "lon": 77.01313, "district": "Outer North Delhi"}, "geometry": {"type": "Polygon", "coordinates": [[[77.01277669647668, 28.667714918351123], [77.01277324765518, 28.667534501901795], [77.01338692936714, 28.66752537527697], [77.0133852044434, 28.667435167084328], [77.01348748461349, 28.667433645715736], [77.01349265967099, 28.667704270272758], [77.01277669647668, 28.667714918351123]]]}}, {"type": "Feature", "properties": {"id": "delhi-1214", "status": "alive", "area_ha": 0.14, "water_left": 1.0, "baseline_years_with_water": 2, "recent_years_seen": [2024, 2025], "lat": 28.6669, "lon": 77.14254, "district": "Central Delhi"}, "geometry": {"type": "Polygon", "coordinates": [[[77.14207845749422, 28.666993685297506], [77.14207662240655, 28.6669034844776], [77.14217889369282, 28.6669018659395], [77.14217705852612, 28.666811665124307], [77.14279068554201, 28.66680195231164], [77.14279252123342, 28.66689215309068], [77.14289479246068, 28.666890534012495], [77.14289662824797, 28.6669807347842], [77.14207845749422, 28.666993685297506]]]}}, {"type": "Feature", "properties": {"id": "delhi-1571", "status": "alive", "area_ha": 0.14, "water_left": 1.0, "baseline_years_with_water": 3, "recent_years_seen": [2024, 2025], "lat": 28.63188, "lon": 77.22696, "district": "New Delhi"}, "geometry": {"type": "Polygon", "coordinates": [[[77.22686700978917, 28.63215096642765], [77.2268631999231, 28.63197057408258], [77.22676096830747, 28.631972254707016], [77.22675525383585, 28.63170166616077], [77.22706194787102, 28.63169662411272], [77.22706385294796, 28.631786820277338], [77.22716608436279, 28.631785139434342], [77.2271698947175, 28.631965531747102], [77.22706766312812, 28.631967212602625], [77.22706956823133, 28.632057408763284], [77.22696733654593, 28.632059089548047], [77.2269692415706, 28.632149285713655], [77.22686700978917, 28.63215096642765]]]}}, {"type": "Feature", "properties": {"id": "delhi-2586", "status": "alive", "area_ha": 0.14, "water_left": 1.0, "baseline_years_with_water": 3, "recent_years_seen": [2024, 2025], "lat": 28.53323, "lon": 76.92806, "district": "South West Delhi"}, "geometry": {"type": "Polygon", "coordinates": [[[76.92796264229759, 28.53341330988693], [76.92796099969401, 28.533323095263892], [76.92785884402988, 28.53332454582084], [76.92785555901918, 28.533144116560074], [76.92795771450949, 28.533142666013962], [76.92795607192858, 28.533052451387068], [76.92826253809348, 28.533048099304388], [76.92826910950534, 28.533408957739237], [76.92796264229759, 28.53341330988693]]]}}, {"type": "Feature", "properties": {"id": "delhi-2669", "status": "alive", "area_ha": 0.14, "water_left": 0.57, "baseline_years_with_water": 3, "recent_years_seen": [2024, 2025], "lat": 28.51845, "lon": 77.27407, "district": "South East Delhi"}, "geometry": {"type": "Polygon", "coordinates": [[[77.27402709095563, 28.518854955566486], [77.2740212825802, 28.51858437131743], [77.27391916384482, 28.518586081319167], [77.27391335580982, 28.518315497039083], [77.27401547428491, 28.5183137870565], [77.27401353820429, 28.518223592300217], [77.27421777495424, 28.518220172117854], [77.27422552002423, 28.51858095108397], [77.27412340130667, 28.518582661239023], [77.27412920994237, 28.51885324546893], [77.27402709095563, 28.518854955566486]]]}}, {"type": "Feature", "properties": {"id": "delhi-2759", "status": "alive", "area_ha": 0.14, "water_left": 1.0, "baseline_years_with_water": 2, "recent_years_seen": [2024, 2025], "lat": 28.51506, "lon": 76.90127, "district": "South West Delhi"}, "geometry": {"type": "Polygon", "coordinates": [[[76.90096618975006, 28.515204773247778], [76.90096457136363, 28.515114556956355], [76.90086243163658, 28.515115986376422], [76.9008591950597, 28.51493555377905], [76.90116561369751, 28.51493126532076], [76.90116723224273, 28.515021481604055], [76.90167793025766, 28.515014332612623], [76.90167954924445, 28.515104548867935], [76.9012709905001, 28.51511026823588], [76.90127260914701, 28.51520048451127], [76.90096618975006, 28.515204773247778]]]}}, {"type": "Feature", "properties": {"id": "delhi-232", "status": "alive", "area_ha": 0.13, "water_left": 1.0, "baseline_years_with_water": 2, "recent_years_seen": [2024, 2025], "lat": 28.81602, "lon": 76.96972, "district": "Outer North Delhi"}, "geometry": {"type": "Polygon", "coordinates": [[[76.96962431987872, 28.816243673101823], [76.96962092417867, 28.816063255873352], [76.96951849640566, 28.81606475113214], [76.96951510091304, 28.81588433388738], [76.96961752850974, 28.81588283863969], [76.96961583068695, 28.815792630020916], [76.96971825818771, 28.815791134701126], [76.96971995609864, 28.815881343314345], [76.96982238367977, 28.815879847911347], [76.96982408168664, 28.815970056517727], [76.96992650934814, 28.815968561031514], [76.96992990556156, 28.816148978229283], [76.96982747772377, 28.816150473726598], [76.969829175754, 28.816240682329084], [76.96962431987872, 28.816243673101823]]]}}, {"type": "Feature", "properties": {"id": "delhi-366", "status": "alive", "area_ha": 0.13, "water_left": 1.0, "baseline_years_with_water": 2, "recent_years_seen": [2024, 2025], "lat": 28.77809, "lon": 77.10911, "district": "Outer North Delhi"}, "geometry": {"type": "Polygon", "coordinates": [[[77.10891283604332, 28.778227027261288], [77.10890739100883, 28.777956423411133], [77.10911215423975, 28.77795322511882], [77.10911033906899, 28.77786302384469], [77.10921272058401, 28.777861424588206], [77.10921453584272, 28.777951625856396], [77.10931691743738, 28.777950026516457], [77.10932236352733, 28.778220630295362], [77.10891283604332, 28.778227027261288]]]}}, {"type": "Feature", "properties": {"id": "delhi-597", "status": "alive", "area_ha": 0.13, "water_left": 1.0, "baseline_years_with_water": 2, "recent_years_seen": [2024, 2025], "lat": 28.73112, "lon": 77.12347, "district": "North West Delhi"}, "geometry": {"type": "Polygon", "coordinates": [[[77.12312128668061, 28.731355731771767], [77.1231194629746, 28.731265530693943], [77.12322179811713, 28.731263923193126], [77.12321997433172, 28.731173722119962], [77.12332230937815, 28.731172114547764], [77.12332048551339, 28.73108191347926], [77.12342282046369, 28.731080305835672], [77.12342099651954, 28.730990104771838], [77.12352333137375, 28.730988497056863], [77.12352150735025, 28.7308982959977], [77.12382851159938, 28.730893472406528], [77.12383033588613, 28.73098367344776], [77.12372800105705, 28.730985281394826], [77.1237298252644, 28.731075482440733], [77.1236274903392, 28.731077090316408], [77.12362931446721, 28.731167291366972], [77.1234246444162, 28.731170506898195], [77.12342646837709, 28.731260707959407], [77.1233241332513, 28.73126231561495], [77.1233259571328, 28.731352516680825], [77.12312128668061, 28.731355731771767]]]}}, {"type": "Feature", "properties": {"id": "delhi-1077", "status": "alive", "area_ha": 0.13, "water_left": 1.0, "baseline_years_with_water": 2, "recent_years_seen": [2024, 2025], "lat": 28.68052, "lon": 77.25362, "district": "North East Delhi"}, "geometry": {"type": "Polygon", "coordinates": [[[77.25357449503659, 28.680702158592393], [77.25357256338312, 28.680611964718196], [77.25347028644342, 28.68061366812243], [77.25346835488631, 28.680523474240566], [77.25336607802524, 28.68052517756129], [77.25336414656446, 28.68043498367177], [77.25346642333805, 28.68043328035738], [77.25346449179867, 28.68034308647288], [77.2535667684759, 28.68034138308766], [77.25356870010278, 28.680431576965827], [77.25377325360562, 28.680428169951174], [77.25377518541632, 28.680518363815338], [77.25387746224192, 28.680516660185912], [77.25387939414898, 28.68060685404241], [77.2539816710532, 28.680605150329463], [77.25398360305661, 28.680695344178304], [77.25357449503659, 28.680702158592393]]]}}, {"type": "Feature", "properties": {"id": "delhi-1244", "status": "alive", "area_ha": 0.13, "water_left": 0.54, "baseline_years_with_water": 3, "recent_years_seen": [2024, 2025], "lat": 28.66633, "lon": 76.9995, "district": "Outer North Delhi"}, "geometry": {"type": "Polygon", "coordinates": [[[76.99924819882067, 28.66647165897328], [76.99924306062172, 28.666201032000572], [76.99965218001361, 28.666194989026543], [76.99965389308865, 28.666285197996242], [76.99975617300443, 28.666283687054168], [76.9997578861748, 28.666373896016943], [76.99965560617154, 28.66637540696464], [76.99965731926231, 28.66646561593175], [76.99924819882067, 28.66647165897328]]]}}, {"type": "Feature", "properties": {"id": "delhi-1421", "status": "alive", "area_ha": 0.13, "water_left": 1.0, "baseline_years_with_water": 3, "recent_years_seen": [2024, 2025], "lat": 28.64928, "lon": 76.94655, "district": "South West Delhi"}, "geometry": {"type": "Polygon", "coordinates": [[[76.94644904761411, 28.649464687172856], [76.94644738126283, 28.649374475081743], [76.94634511446671, 28.649375944969883], [76.94634178196195, 28.649195520772825], [76.94644404858323, 28.649194050895638], [76.94644238225492, 28.649103838800645], [76.94674918181063, 28.649099428722696], [76.9467541816053, 28.649370064954525], [76.94665191483213, 28.649371535074064], [76.94665358135825, 28.64946174715422], [76.94644904761411, 28.649464687172856]]]}}, {"type": "Feature", "properties": {"id": "delhi-1524", "status": "alive", "area_ha": 0.13, "water_left": 0.54, "baseline_years_with_water": 3, "recent_years_seen": [2024, 2025], "lat": 28.64121, "lon": 77.01084, "district": "West Delhi"}, "geometry": {"type": "Polygon", "coordinates": [[[77.0106374234083, 28.64139835965381], [77.01063054063299, 28.641037524872953], [77.01093730479683, 28.641032970601184], [77.01093902574088, 28.641123179281376], [77.01104128053372, 28.64112166103094], [77.01104472262028, 28.641302078376132], [77.01084021267727, 28.641305114822526], [77.01084193355767, 28.641395323504483], [77.0106374234083, 28.64139835965381]]]}}, {"type": "Feature", "properties": {"id": "delhi-1698", "status": "alive", "area_ha": 0.13, "water_left": 1.0, "baseline_years_with_water": 3, "recent_years_seen": [2024, 2025], "lat": 28.62324, "lon": 76.92163, "district": "South West Delhi"}, "geometry": {"type": "Polygon", "coordinates": [[[76.92142300654604, 28.62338266907143], [76.92141807709652, 28.623112027744956], [76.9216225627728, 28.62310912795065], [76.92162091946344, 28.623018914183397], [76.92172316220297, 28.623017464176073], [76.92172480559961, 28.623107677937927], [76.92182704841888, 28.623106227848144], [76.92183197891606, 28.623376869109773], [76.92142300654604, 28.62338266907143]]]}}, {"type": "Feature", "properties": {"id": "delhi-1997", "status": "alive", "area_ha": 0.13, "water_left": 1.0, "baseline_years_with_water": 3, "recent_years_seen": [2024, 2025], "lat": 28.58398, "lon": 77.25381, "district": "South East Delhi"}, "geometry": {"type": "Polygon", "coordinates": [[[77.2536585456801, 28.584158310886508], [77.25365662166907, 28.58406811573287], [77.25355443829537, 28.58406981397543], [77.25355059047392, 28.583889423651517], [77.25375495686424, 28.583886027114858], [77.25375303279266, 28.583795831963595], [77.25385521588751, 28.583794133586288], [77.25385714004614, 28.58388432873122], [77.2540615063834, 28.58388093173334], [77.2540653550754, 28.58406132199391], [77.25396317173708, 28.584063020543958], [77.2539650960093, 28.584153215678597], [77.25386291257507, 28.584154914158102], [77.25386098838992, 28.58406471901713], [77.25375880503391, 28.584066417413435], [77.25376072913201, 28.584156612560744], [77.2536585456801, 28.584158310886508]]]}}, {"type": "Feature", "properties": {"id": "delhi-2090", "status": "alive", "area_ha": 0.13, "water_left": 0.85, "baseline_years_with_water": 3, "recent_years_seen": [2024, 2025], "lat": 28.57698, "lon": 77.01314, "district": "South West Delhi"}, "geometry": {"type": "Polygon", "coordinates": [[[77.01299102940123, 28.577116405872], [77.01298415691716, 28.576755568193096], [77.0133929262728, 28.57674950100752], [77.01339636319567, 28.576929919804307], [77.01329417069445, 28.576931436727346], [77.01329588908067, 28.577021646129452], [77.01319369648446, 28.57702316298127], [77.01319541479148, 28.577113372387736], [77.01299102940123, 28.577116405872]]]}}, {"type": "Feature", "properties": {"id": "delhi-2168", "status": "alive", "area_ha": 0.13, "water_left": 1.0, "baseline_years_with_water": 3, "recent_years_seen": [2024, 2025], "lat": 28.5674, "lon": 77.29275, "district": "South East Delhi"}, "geometry": {"type": "Polygon", "coordinates": [[[77.29255001068769, 28.567536372631185], [77.2925421873546, 28.567175600884703], [77.29284868016279, 28.567170420625153], [77.29285259233319, 28.567350806462386], [77.29295475675855, 28.567349079542694], [77.29295671294422, 28.567439272452884], [77.29285454843189, 28.567440999379016], [77.29285650453957, 28.567531192294332], [77.29255001068769, 28.567536372631185]]]}}, {"type": "Feature", "properties": {"id": "delhi-2708", "status": "alive", "area_ha": 0.13, "water_left": 0.92, "baseline_years_with_water": 2, "recent_years_seen": [2024, 2025], "lat": 28.51884, "lon": 76.89603, "district": "South West Delhi"}, "geometry": {"type": "Polygon", "coordinates": [[[76.89592698653787, 28.519065244826127], [76.89592537218105, 28.51897502832191], [76.89572108468161, 28.51897787986143], [76.89571947050591, 28.518887663345282], [76.89582161417249, 28.51888623761921], [76.89581999991735, 28.518796021107097], [76.89592214348967, 28.518794595309625], [76.89592052915512, 28.518704378801566], [76.89612481610376, 28.518701526987105], [76.896126430612, 28.51879174348451], [76.89622857416204, 28.51879031745687], [76.89623180337449, 28.51897075043719], [76.89612965965077, 28.518972176475494], [76.8961312741813, 28.51906239296905], [76.89592698653787, 28.519065244826127]]]}}, {"type": "Feature", "properties": {"id": "delhi-2732", "status": "alive", "area_ha": 0.13, "water_left": 1.0, "baseline_years_with_water": 2, "recent_years_seen": [2024, 2025], "lat": 28.51021, "lon": 77.31317, "district": "South East Delhi"}, "geometry": {"type": "Polygon", "coordinates": [[[77.31297261296002, 28.51061822430078], [77.31296670718383, 28.51034764711954], [77.31306881518519, 28.510345908228263], [77.31306487787292, 28.51016552344715], [77.31316698569178, 28.51016378449223], [77.31316107953114, 28.509893207330126], [77.3132631870808, 28.50989146831808], [77.31326121829198, 28.509801275934564], [77.31336332574588, 28.50979953685238], [77.31336726350601, 28.509979921605105], [77.31326515587868, 28.509981660700273], [77.31327106232663, 28.51025223783892], [77.31316895443013, 28.510253976876953], [77.31317486069942, 28.5105245540232], [77.31307275253369, 28.51052629300409], [77.31307472122151, 28.510616485390017], [77.31297261296002, 28.51061822430078]]]}}, {"type": "Feature", "properties": {"id": "delhi-434", "status": "alive", "area_ha": 0.12, "water_left": 1.0, "baseline_years_with_water": 2, "recent_years_seen": [2024, 2025], "lat": 28.76175, "lon": 77.20837, "district": "North Delhi"}, "geometry": {"type": "Polygon", "coordinates": [[[77.20821483056415, 28.761842368453404], [77.20820913312151, 28.76157178169421], [77.20831149203595, 28.761570108195542], [77.20830959281798, 28.761479912612725], [77.208514310445, 28.761476565395473], [77.20851620983869, 28.761566760965856], [77.20861856872698, 28.761565087234846], [77.20862046821725, 28.7616552827977], [77.20851810924108, 28.761656956534924], [77.20852190807203, 28.7618373476691], [77.20821483056415, 28.761842368453404]]]}}, {"type": "Feature", "properties": {"id": "delhi-552", "status": "alive", "area_ha": 0.12, "water_left": 1.0, "baseline_years_with_water": 3, "recent_years_seen": [2024, 2025], "lat": 28.74013, "lon": 77.06039, "district": "Outer North Delhi"}, "geometry": {"type": "Polygon", "coordinates": [[[77.06034108969737, 28.740357906241314], [77.06033931923564, 28.740267701659274], [77.06023697120177, 28.74026926201598], [77.06023166012872, 28.739998648244647], [77.06033400789919, 28.739997087905348], [77.06033223746995, 28.73990688331809], [77.0604345851445, 28.739905322907187], [77.06043635566154, 28.739995527488638], [77.06053870341576, 28.739993966994525], [77.0605457859163, 28.74035478528411], [77.06034108969737, 28.740357906241314]]]}}, {"type": "Feature", "properties": {"id": "delhi-1004", "status": "alive", "area_ha": 0.12, "water_left": 1.0, "baseline_years_with_water": 2, "recent_years_seen": [2024, 2025], "lat": 28.69335, "lon": 77.03639, "district": "North West Delhi"}, "geometry": {"type": "Polygon", "coordinates": [[[77.03639803463862, 28.693529184529414], [77.03639628812942, 28.693438977969304], [77.03629398414384, 28.693440517912045], [77.03628525215609, 28.69298948506332], [77.03648985924333, 28.69298640515786], [77.03649335236474, 28.693166818278335], [77.03659565607151, 28.69316527819826], [77.03659740273184, 28.693255484750818], [77.03649509893748, 28.69325702483662], [77.03650033870379, 28.693527644503682], [77.03639803463862, 28.693529184529414]]]}}, {"type": "Feature", "properties": {"id": "delhi-1106", "status": "alive", "area_ha": 0.12, "water_left": 1.0, "baseline_years_with_water": 2, "recent_years_seen": [2024, 2025], "lat": 28.67735, "lon": 77.25192, "district": "North East Delhi"}, "geometry": {"type": "Polygon", "coordinates": [[[77.25176630396784, 28.67748412189455], [77.25176437412061, 28.67739392786507], [77.25166210017949, 28.677395629729276], [77.2516601704286, 28.67730543569214], [77.25176244428225, 28.67730373383427], [77.25176051445277, 28.67721353980214], [77.2520673356982, 28.67720843378451], [77.2520692657901, 28.677298627797633], [77.25217153960834, 28.677296925631083], [77.25217539999369, 28.677477313640708], [77.25176630396784, 28.67748412189455]]]}}, {"type": "Feature", "properties": {"id": "delhi-1107", "status": "alive", "area_ha": 0.12, "water_left": 1.0, "baseline_years_with_water": 3, "recent_years_seen": [2024, 2025], "lat": 28.68129, "lon": 76.96991, "district": "Outer North Delhi"}, "geometry": {"type": "Polygon", "coordinates": [[[76.96975610433779, 28.681431869453462], [76.96975441580699, 28.681341659047824], [76.96965211940169, 28.681343148042036], [76.96964874253844, 28.68116272721579], [76.97005792741267, 28.681156770819875], [76.97005961619062, 28.681246981211476], [76.97016191247735, 28.681245491913884], [76.97016360135062, 28.68133570229865], [76.97006130497634, 28.681337191601788], [76.9700629937698, 28.681427401990806], [76.96975610433779, 28.681431869453462]]]}}, {"type": "Feature", "properties": {"id": "delhi-1943", "status": "alive", "area_ha": 0.12, "water_left": 1.0, "baseline_years_with_water": 3, "recent_years_seen": [2024, 2025], "lat": 28.58911, "lon": 77.30258, "district": "East Delhi"}, "geometry": {"type": "Polygon", "coordinates": [[[77.30232245051216, 28.589205437333575], [77.30232048456561, 28.58911524530656], [77.30211611498228, 28.58911871557755], [77.30211414921888, 28.589028523536275], [77.30262507267415, 28.58901984731456], [77.30262703887287, 28.589110039323494], [77.3030357778227, 28.58910309693645], [77.30303774437874, 28.589193288918175], [77.30232245051216, 28.589205437333575]]]}}, {"type": "Feature", "properties": {"id": "delhi-701", "status": "alive", "area_ha": 0.11, "water_left": 1.0, "baseline_years_with_water": 2, "recent_years_seen": [2024, 2025], "lat": 28.72392, "lon": 77.10552, "district": "North West Delhi"}, "geometry": {"type": "Polygon", "coordinates": [[[77.10526527896066, 28.724055684460918], [77.10526347113154, 28.723965482243834], [77.10536580034655, 28.723963888624926], [77.10536218453777, 28.72378348419868], [77.10525985549819, 28.723785077805744], [77.10525804769397, 28.723694875584727], [77.10546270558942, 28.723691688305113], [77.10546451356906, 28.72378189051427], [77.10556684259205, 28.72378029675253], [77.10556865066772, 28.723870498954458], [77.10567097977012, 28.72386890510945], [77.10567459612176, 28.724049309497516], [77.10526527896066, 28.724055684460918]]]}}, {"type": "Feature", "properties": {"id": "delhi-894", "status": "alive", "area_ha": 0.11, "water_left": 0.91, "baseline_years_with_water": 3, "recent_years_seen": [2024, 2025], "lat": 28.70284, "lon": 77.19372, "district": "Central North Delhi"}, "geometry": {"type": "Polygon", "coordinates": [[[77.19336654207355, 28.702985325910923], [77.19336466026722, 28.702895128638982], [77.19346696304873, 28.702893469472432], [77.19346508116345, 28.702803272205347], [77.19377198919337, 28.702798294260653], [77.19377010705392, 28.702708097010763], [77.19407701474329, 28.70270311838925], [77.19407889714552, 28.702793315620617], [77.19397659450344, 28.702794975244558], [77.19397847682671, 28.70288517248078], [77.19367156858584, 28.702890150907546], [77.19367345065497, 28.702980348160974], [77.19336654207355, 28.702985325910923]]]}}, {"type": "Feature", "properties": {"id": "delhi-1204", "status": "alive", "area_ha": 0.11, "water_left": 1.0, "baseline_years_with_water": 3, "recent_years_seen": [2024, 2025], "lat": 28.66719, "lon": 77.14648, "district": "Central Delhi"}, "geometry": {"type": "Polygon", "coordinates": [[[77.14638120305672, 28.667286442267525], [77.14637936426234, 28.66719624170615], [77.14607255036634, 28.667201106651394], [77.14607071184275, 28.667110906070597], [77.14668433903407, 28.667101175521935], [77.14668617808235, 28.667191376066505], [77.1468907205868, 28.667188131920973], [77.14689255981843, 28.66727833245216], [77.14638120305672, 28.667286442267525]]]}}, {"type": "Feature", "properties": {"id": "delhi-1265", "status": "alive", "area_ha": 0.11, "water_left": 1.0, "baseline_years_with_water": 2, "recent_years_seen": [2024, 2025], "lat": 28.66436, "lon": 76.99859, "district": "Outer North Delhi"}, "geometry": {"type": "Polygon", "coordinates": [[[76.99860027509693, 28.66467654050715], [76.99859856303824, 28.66458633145789], [76.99849628469798, 28.6645878414442], [76.99848772495974, 28.664136796150338], [76.9986922807577, 28.664133776156756], [76.99870255351681, 28.664675030438048], [76.99860027509693, 28.66467654050715]]]}}, {"type": "Feature", "properties": {"id": "delhi-1454", "status": "alive", "area_ha": 0.11, "water_left": 1.0, "baseline_years_with_water": 3, "recent_years_seen": [2024, 2025], "lat": 28.64183, "lon": 77.29575, "district": "East Delhi"}, "geometry": {"type": "Polygon", "coordinates": [[[77.29590859951469, 28.64209602158771], [77.2959066347379, 28.6420058298572], [77.29580439827913, 28.642007563116394], [77.29580243359868, 28.64191737137811], [77.2957001972182, 28.6419191045538], [77.29569823263405, 28.641828912807732], [77.29559599633185, 28.641830645899915], [77.29559403184405, 28.64174045414607], [77.29549179562012, 28.641742187154758], [77.29548786684617, 28.641561803630182], [77.2955901028955, 28.6415600706344], [77.29559206736526, 28.6416502623909], [77.29569430349287, 28.64164852931162], [77.29569626805895, 28.641738721060335], [77.29579850426482, 28.641736987897552], [77.29580046892724, 28.64182717963849], [77.29590270521139, 28.64182544639221], [77.29590466997013, 28.641915638125365], [77.29600690633258, 28.641913904795583], [77.29600887118764, 28.64200409652096], [77.29611110762836, 28.64200236310767], [77.29611307257974, 28.642092554825272], [77.29590859951469, 28.64209602158771]]]}}, {"type": "Feature", "properties": {"id": "delhi-2742", "status": "alive", "area_ha": 0.11, "water_left": 1.0, "baseline_years_with_water": 2, "recent_years_seen": [2024, 2025], "lat": 28.51593, "lon": 76.91978, "district": "South West Delhi"}, "geometry": {"type": "Polygon", "coordinates": [[[76.91988317533047, 28.516111808493456], [76.9198815407834, 28.5160215932116], [76.91957512234579, 28.51602592402627], [76.91957185379515, 28.51584549342635], [76.9196739931082, 28.51584404990896], [76.91967235875732, 28.515753834612465], [76.91977449797604, 28.515752391023753], [76.91977613241374, 28.51584260631486], [76.91998041100227, 28.515839718896515], [76.91998368024755, 28.51602014945329], [76.92008581970418, 28.516018705618265], [76.92008745442494, 28.516108920889334], [76.91988317533047, 28.516111808493456]]]}}, {"type": "Feature", "properties": {"id": "delhi-2832", "status": "alive", "area_ha": 0.11, "water_left": 1.0, "baseline_years_with_water": 3, "recent_years_seen": [2024, 2025], "lat": 28.51046, "lon": 76.92085, "district": "South West Delhi"}, "geometry": {"type": "Polygon", "coordinates": [[[76.92070595950456, 28.510776110895904], [76.9207043246198, 28.510685895586818], [76.92060219033802, 28.51068733964049], [76.92059892076468, 28.510506909007677], [76.92080318897351, 28.510504020845225], [76.92079991908304, 28.510323590228854], [76.92090205300256, 28.510322146043382], [76.92090041798181, 28.510231930738662], [76.92100255180702, 28.5102304864819], [76.92100582202967, 28.510410917079245], [76.92090368803085, 28.51041236134681], [76.92090859316082, 28.510683007249394], [76.92080645889408, 28.510684451456456], [76.92080809386563, 28.510774666760145], [76.92070595950456, 28.510776110895904]]]}}, {"type": "Feature", "properties": {"id": "delhi-3003", "status": "alive", "area_ha": 0.11, "water_left": 0.91, "baseline_years_with_water": 3, "recent_years_seen": [2024, 2025], "lat": 28.49236, "lon": 77.22566, "district": "South Delhi"}, "geometry": {"type": "MultiPolygon", "coordinates": [[[[77.22554703570448, 28.491777386278514], [77.225444939372, 28.491779058411854], [77.22545440280292, 28.492230049013347], [77.2255564995687, 28.492228376848754], [77.22554703570448, 28.491777386278514]]], [[[77.22576447902738, 28.49240542848375], [77.22576258604639, 28.492315230387455], [77.22566048921138, 28.492316902711462], [77.22565859632576, 28.492226704607592], [77.2255564995687, 28.492228376848754], [77.22556028517533, 28.49240877306767], [77.22566238210571, 28.492407100814003], [77.22566427500874, 28.492497298915243], [77.22586846901669, 28.49249395416566], [77.22586657594033, 28.492403756076914], [77.22576447902738, 28.49240542848375]]], [[[77.2259724591793, 28.492582479757154], [77.22597056600759, 28.492492281675982], [77.22586846901669, 28.49249395416566], [77.22587036210174, 28.492584152253073], [77.2259724591793, 28.492582479757154]]]]}}, {"type": "Feature", "properties": {"id": "delhi-134", "status": "alive", "area_ha": 0.1, "water_left": 1.0, "baseline_years_with_water": 3, "recent_years_seen": [2024, 2025], "lat": 28.84895, "lon": 77.07498, "district": "Outer North Delhi"}, "geometry": {"type": "Polygon", "coordinates": [[[77.07478201716754, 28.84922564097302], [77.07477843537703, 28.84904523636425], [77.07488088877274, 28.849043659587647], [77.07487730683849, 28.848863254985318], [77.07508221325217, 28.848860101222254], [77.07508937785971, 28.8492209103749], [77.07478201716754, 28.84922564097302]]]}}, {"type": "Feature", "properties": {"id": "delhi-157", "status": "alive", "area_ha": 0.1, "water_left": 1.0, "baseline_years_with_water": 2, "recent_years_seen": [2024, 2025], "lat": 28.83925, "lon": 77.17229, "district": "Outer North Delhi"}, "geometry": {"type": "Polygon", "coordinates": [[[77.17214158655796, 28.839391253472044], [77.17213971241965, 28.83930105674241], [77.17203727504231, 28.839302706889963], [77.17203540100081, 28.839212510152894], [77.17213783828993, 28.839210860011463], [77.17213596416879, 28.839120663279196], [77.17244327571997, 28.839115712407047], [77.17244515010574, 28.83920590912096], [77.1725475873605, 28.839204258668726], [77.17254946184306, 28.8392944553752], [77.17234458714854, 28.839297756214204], [77.17234646146328, 28.83938795293159], [77.17214158655796, 28.839391253472044]]]}}, {"type": "Feature", "properties": {"id": "delhi-433", "status": "alive", "area_ha": 0.1, "water_left": 0.5, "baseline_years_with_water": 3, "recent_years_seen": [2024, 2025], "lat": 28.76396, "lon": 77.06275, "district": "Outer North Delhi"}, "geometry": {"type": "Polygon", "coordinates": [[[77.06265145812944, 28.76414374293226], [77.06264968393965, 28.764053538799107], [77.06254731285995, 28.76405510208169], [77.06254376468061, 28.763874693799856], [77.06295324824737, 28.763868440251127], [77.06295679712991, 28.764048848486496], [77.06285442607464, 28.76405041200151], [77.06285620044022, 28.764140616123047], [77.06265145812944, 28.76414374293226]]]}}, {"type": "Feature", "properties": {"id": "delhi-694", "status": "alive", "area_ha": 0.1, "water_left": 1.0, "baseline_years_with_water": 3, "recent_years_seen": [2024, 2025], "lat": 28.72395, "lon": 77.11478, "district": "North West Delhi"}, "geometry": {"type": "Polygon", "coordinates": [[[77.1146868037067, 28.724269553889428], [77.11467772413009, 28.723818545548415], [77.11478005258007, 28.72381694481403], [77.11477642063234, 28.72363654148036], [77.11487874889858, 28.723634940680533], [77.11488782926897, 28.72408594897513], [77.11478550056418, 28.724087549804718], [77.11478913259526, 28.724267953125292], [77.1146868037067, 28.724269553889428]]]}}, {"type": "Feature", "properties": {"id": "delhi-953", "status": "alive", "area_ha": 0.1, "water_left": 0.8, "baseline_years_with_water": 3, "recent_years_seen": [2024, 2025], "lat": 28.69831, "lon": 77.11596, "district": "North West Delhi"}, "geometry": {"type": "Polygon", "coordinates": [[[77.11600925415755, 28.69844302925046], [77.11600743903105, 28.69835282731774], [77.11570052823623, 28.698357628196], [77.11569689853384, 28.698177224290937], [77.1161061122095, 28.698170823013026], [77.11610792740692, 28.6982610249424], [77.11621023089258, 28.69825942442382], [77.11621204618594, 28.698349626345934], [77.11610974261266, 28.698351226870468], [77.11611155782676, 28.69844142879723], [77.11600925415755, 28.69844302925046]]]}}, {"type": "Feature", "properties": {"id": "delhi-1690", "status": "alive", "area_ha": 0.1, "water_left": 1.0, "baseline_years_with_water": 2, "recent_years_seen": [2024, 2025], "lat": 28.62292, "lon": 77.02164, "district": "South West Delhi"}, "geometry": {"type": "Polygon", "coordinates": [[[77.0215378008334, 28.62309906543794], [77.02152742864011, 28.622557815436704], [77.0216296647712, 28.62255629009696], [77.02163312231177, 28.622736706757852], [77.02173535860948, 28.622735181329695], [77.02174227413505, 28.623096014613193], [77.0215378008334, 28.62309906543794]]]}}, {"type": "Feature", "properties": {"id": "delhi-1989", "status": "alive", "area_ha": 0.1, "water_left": 1.0, "baseline_years_with_water": 3, "recent_years_seen": [2024, 2025], "lat": 28.58474, "lon": 77.27263, "district": "South East Delhi"}, "geometry": {"type": "Polygon", "coordinates": [[[77.27227712687605, 28.584840083349633], [77.27227518692312, 28.584749889367902], [77.27237736962961, 28.584748176988143], [77.27237542959854, 28.584657983011482], [77.27278415998711, 28.584651132749325], [77.27278610036639, 28.58474132670045], [77.27288828302828, 28.58473961393635], [77.27289022350355, 28.584829807879764], [77.27227712687605, 28.584840083349633]]]}}, {"type": "Feature", "properties": {"id": "delhi-2863", "status": "alive", "area_ha": 0.1, "water_left": 0.8, "baseline_years_with_water": 2, "recent_years_seen": [2024, 2025], "lat": 28.50873, "lon": 76.89273, "district": "South West Delhi"}, "geometry": {"type": "Polygon", "coordinates": [[[76.8926805873255, 28.508913494722307], [76.89267897641172, 28.50882327791356], [76.89257684225437, 28.508824700819076], [76.89257362062266, 28.50864426718709], [76.8926757546064, 28.508642844292215], [76.89267414371487, 28.50855262747962], [76.89287841148652, 28.50854978147042], [76.89288485579159, 28.508910648670575], [76.8926805873255, 28.508913494722307]]]}}, {"type": "Feature", "properties": {"id": "delhi-3029", "status": "alive", "area_ha": 0.1, "water_left": 0.9, "baseline_years_with_water": 3, "recent_years_seen": [2024, 2025], "lat": 28.49129, "lon": 77.2335, "district": "South Delhi"}, "geometry": {"type": "Polygon", "coordinates": [[[77.23340462829776, 28.491468006761973], [77.23340272889621, 28.49137780912339], [77.23330063349532, 28.49137948713472], [77.23329683489175, 28.49119909184108], [77.23370521574967, 28.491192379386455], [77.23370901504644, 28.491372774629923], [77.23360691967177, 28.491374452870993], [77.23360881924663, 28.491464650497036], [77.23340462829776, 28.491468006761973]]]}}, {"type": "Feature", "properties": {"id": "delhi-115", "status": "alive", "area_ha": 0.09, "water_left": 1.0, "baseline_years_with_water": 3, "recent_years_seen": [2024, 2025], "lat": 28.84983, "lon": 77.11151, "district": "Outer North Delhi"}, "geometry": {"type": "Polygon", "coordinates": [[[77.11138293244986, 28.84992058976193], [77.11137928739706, 28.849740189400258], [77.11189154568982, 28.84973216555071], [77.11189519162536, 28.849912565852886], [77.11169028798022, 28.849915775649738], [77.11168846518481, 28.8498255754874], [77.111586013438, 28.84982718026327], [77.11158783614512, 28.849917380431556], [77.11138293244986, 28.84992058976193]]]}}, {"type": "Feature", "properties": {"id": "delhi-192", "status": "alive", "area_ha": 0.09, "water_left": 1.0, "baseline_years_with_water": 2, "recent_years_seen": [2024, 2025], "lat": 28.8268, "lon": 77.21102, "district": "Outer North Delhi"}, "geometry": {"type": "Polygon", "coordinates": [[[77.21102602784718, 28.827120126208914], [77.21102030775519, 28.82684954257946], [77.21091788523977, 28.826851221590637], [77.21091216549088, 28.826580637930597], [77.21101458774184, 28.826578958938107], [77.21101840107534, 28.826759348033654], [77.21112082349387, 28.826757668951082], [77.21112463703861, 28.826938058028887], [77.21122705962472, 28.82693637885619], [77.21123087338071, 28.827116767916262], [77.21102602784718, 28.827120126208914]]]}}, {"type": "Feature", "properties": {"id": "delhi-295", "status": "alive", "area_ha": 0.09, "water_left": 1.0, "baseline_years_with_water": 3, "recent_years_seen": [2024, 2025], "lat": 28.80436, "lon": 76.95844, "district": "Outer North Delhi"}, "geometry": {"type": "Polygon", "coordinates": [[[76.95833926342893, 28.80449708644273], [76.95833757611763, 28.804406877060455], [76.95823515905147, 28.804408363209188], [76.95823347183601, 28.804318153820105], [76.95833588881406, 28.804316667676886], [76.95833420151824, 28.80422645829202], [76.95864145214169, 28.804221999413173], [76.95864482726972, 28.804402418148513], [76.95854241022676, 28.804403904530115], [76.95854409771427, 28.804494113901363], [76.95833926342893, 28.80449708644273]]]}}, {"type": "Feature", "properties": {"id": "delhi-304", "status": "alive", "area_ha": 0.09, "water_left": 0.89, "baseline_years_with_water": 2, "recent_years_seen": [2024, 2025], "lat": 28.79948, "lon": 76.97126, "district": "Outer North Delhi"}, "geometry": {"type": "Polygon", "coordinates": [[[76.97115545570671, 28.79961835659433], [76.97115375769931, 28.799528147841837], [76.97105134619203, 28.799529643482455], [76.97104795037677, 28.799349225962466], [76.97135518434678, 28.799344738841114], [76.97135688251474, 28.79943494758509], [76.97145929391058, 28.79943345171721], [76.97146099217441, 28.799523660454348], [76.9713585806905, 28.79952515632779], [76.97136027887406, 28.799615365069176], [76.97115545570671, 28.79961835659433]]]}}, {"type": "Feature", "properties": {"id": "delhi-609", "status": "alive", "area_ha": 0.09, "water_left": 0.56, "baseline_years_with_water": 2, "recent_years_seen": [2024, 2025], "lat": 28.73137, "lon": 77.01917, "district": "Outer North Delhi"}, "geometry": {"type": "Polygon", "coordinates": [[[77.01891026908739, 28.731418524002308], [77.0189068006283, 28.731238109933916], [77.01921382622635, 28.731233523809344], [77.01921556071522, 28.73132373082714], [77.01931790265307, 28.7313222019585], [77.01931616807644, 28.73123199494639], [77.0194185099186, 28.73123046600606], [77.01942197925534, 28.73141088001761], [77.01891026908739, 28.731418524002308]]]}}, {"type": "Feature", "properties": {"id": "delhi-745", "status": "alive", "area_ha": 0.09, "water_left": 0.78, "baseline_years_with_water": 3, "recent_years_seen": [2024, 2025], "lat": 28.7189, "lon": 77.12359, "district": "North West Delhi"}, "geometry": {"type": "Polygon", "coordinates": [[[77.12338495589607, 28.719080338918058], [77.12338130989129, 28.718899936464567], [77.12348363297511, 28.718898329395635], [77.12347998682841, 28.718717926948862], [77.12368463262018, 28.718714712602925], [77.12368645586473, 28.718804913815024], [77.12378877883575, 28.718803306520094], [77.12379060217634, 28.71889350772489], [77.12368827911763, 28.7188951150258], [77.1236901023789, 28.718985316235276], [77.12348545606099, 28.718988530617057], [77.12348727915527, 28.719078731837172], [77.12338495589607, 28.719080338918058]]]}}, {"type": "Feature", "properties": {"id": "delhi-783", "status": "alive", "area_ha": 0.09, "water_left": 1.0, "baseline_years_with_water": 3, "recent_years_seen": [2024, 2025], "lat": 28.71452, "lon": 77.12943, "district": "North West Delhi"}, "geometry": {"type": "Polygon", "coordinates": [[[77.12923377981194, 28.714747557678507], [77.12923195211386, 28.714657356737877], [77.1291296335407, 28.71465896793863], [77.12912780593865, 28.714568766990702], [77.12933244290124, 28.714565544523868], [77.12933061513225, 28.714475343586614], [77.12943293351329, 28.714473732243224], [77.12943110566502, 28.71438353131064], [77.12953342395001, 28.714381919895942], [77.12953890778299, 28.71465252267176], [77.12943658923498, 28.71465413410444], [77.12943841710842, 28.714744335033092], [77.12923377981194, 28.714747557678507]]]}}, {"type": "Feature", "properties": {"id": "delhi-1220", "status": "alive", "area_ha": 0.09, "water_left": 0.89, "baseline_years_with_water": 3, "recent_years_seen": [2024, 2025], "lat": 28.66837, "lon": 77.01765, "district": "Outer North Delhi"}, "geometry": {"type": "Polygon", "coordinates": [[[77.01760115617373, 28.668545431066704], [77.01759942756799, 28.668455223122084], [77.01749714666525, 28.668456747645916], [77.01749368965254, 28.668276331741428], [77.0175959703803, 28.66827480722895], [77.01759424179836, 28.66818459928043], [77.0176965224307, 28.66818307469644], [77.01769825110011, 28.668273282639287], [77.017800531812, 28.668271757972445], [77.01780571813035, 28.668542381776135], [77.01760115617373, 28.668545431066704]]]}}, {"type": "Feature", "properties": {"id": "delhi-1259", "status": "alive", "area_ha": 0.09, "water_left": 1.0, "baseline_years_with_water": 3, "recent_years_seen": [2024, 2025], "lat": 28.66192, "lon": 77.19696, "district": "Central Delhi"}, "geometry": {"type": "Polygon", "coordinates": [[[77.19701454148883, 28.662052873413995], [77.19701265974582, 28.66196267581774], [77.19680813419915, 28.66196599511819], [77.19680625263962, 28.661875797508262], [77.19670398994072, 28.661877457036613], [77.19670210847724, 28.661787259419203], [77.19690663369154, 28.661783940297724], [77.19690851532985, 28.661874137902785], [77.19711304068443, 28.66187081846044], [77.1971149225062, 28.661961016051826], [77.19742171073548, 28.661956036291304], [77.19742359282816, 28.662046233862835], [77.19701454148883, 28.662052873413995]]]}}, {"type": "Feature", "properties": {"id": "delhi-1616", "status": "alive", "area_ha": 0.09, "water_left": 1.0, "baseline_years_with_water": 3, "recent_years_seen": [2024, 2025], "lat": 28.62906, "lon": 77.22537, "district": "New Delhi"}, "geometry": {"type": "Polygon", "coordinates": [[[77.22527262025064, 28.62928988673663], [77.22526120029106, 28.628748708869484], [77.22536342888748, 28.628747029548666], [77.22536723568021, 28.628927422163805], [77.22546946444241, 28.628925742753466], [77.22547517495889, 28.62919633164753], [77.22537294593491, 28.62919801107664], [77.22537484937064, 28.629288207378288], [77.22527262025064, 28.62928988673663]]]}}, {"type": "Feature", "properties": {"id": "delhi-1743", "status": "alive", "area_ha": 0.09, "water_left": 0.89, "baseline_years_with_water": 3, "recent_years_seen": [2024, 2025], "lat": 28.61545, "lon": 77.02293, "district": "South West Delhi"}, "geometry": {"type": "MultiPolygon", "coordinates": [[[[77.02291913778346, 28.615137846216143], [77.0228169089192, 28.615139372167974], [77.0228186381685, 28.615229580531498], [77.02292086712, 28.615228054573976], [77.02291913778346, 28.615137846216143]]], [[[77.02292432581694, 28.615408471285765], [77.02282209669094, 28.61540999725466], [77.0228272845342, 28.615680622329673], [77.02292951392195, 28.61567909634372], [77.02292778454567, 28.615588887992363], [77.02313224312282, 28.615585835800786], [77.02313051358, 28.615495627459516], [77.02302828438263, 28.61549715358812], [77.02302309606357, 28.615226528539445], [77.02292086712, 28.615228054573976], [77.02292432581694, 28.615408471285765]]]]}}, {"type": "Feature", "properties": {"id": "delhi-2021", "status": "alive", "area_ha": 0.09, "water_left": 1.0, "baseline_years_with_water": 3, "recent_years_seen": [2024, 2025], "lat": 28.58629, "lon": 76.96307, "district": "South West Delhi"}, "geometry": {"type": "Polygon", "coordinates": [[[76.96287045883459, 28.586423448386643], [76.96286710680681, 28.58624302429715], [76.96307151607525, 28.5862400654529], [76.96306983989867, 28.586149853417258], [76.96327424896202, 28.586146894276315], [76.96327760167142, 28.58632731832424], [76.96317539696933, 28.586328797944205], [76.96317707324847, 28.586419009971756], [76.96287045883459, 28.586423448386643]]]}}, {"type": "Feature", "properties": {"id": "delhi-2699", "status": "alive", "area_ha": 0.09, "water_left": 1.0, "baseline_years_with_water": 2, "recent_years_seen": [2024, 2025], "lat": 28.51594, "lon": 77.1712, "district": "South Delhi"}, "geometry": {"type": "Polygon", "coordinates": [[[77.17130248833298, 28.516114995210124], [77.17130063982805, 28.516024794123656], [77.17109639301223, 28.516028059368317], [77.17109454468934, 28.51593785826834], [77.17099242135545, 28.515939490769565], [77.17098872490871, 28.515759088553498], [77.17119297122089, 28.51575582349877], [77.17119481961356, 28.515846024595263], [77.17129694284367, 28.515844391946796], [77.1712987913316, 28.51593459303588], [77.17140091463999, 28.515932960304646], [77.17140461181492, 28.516113362466694], [77.17130248833298, 28.516114995210124]]]}}, {"type": "Feature", "properties": {"id": "delhi-361", "status": "alive", "area_ha": 0.08, "water_left": 1.0, "baseline_years_with_water": 2, "recent_years_seen": [2024, 2025], "lat": 28.77952, "lon": 77.10976, "district": "Outer North Delhi"}, "geometry": {"type": "Polygon", "coordinates": [[[77.1096603761307, 28.779749252645157], [77.10965311307234, 28.77938844776436], [77.109755496041, 28.77938684801932], [77.10975368020927, 28.779296646801793], [77.10985606308162, 28.77929504698518], [77.10986332681037, 28.7796558518237], [77.10976094358615, 28.779657451664065], [77.1097627594512, 28.779747652876367], [77.1096603761307, 28.779749252645157]]]}}, {"type": "Feature", "properties": {"id": "delhi-564", "status": "alive", "area_ha": 0.08, "water_left": 1.0, "baseline_years_with_water": 2, "recent_years_seen": [2024, 2025], "lat": 28.73844, "lon": 77.10571, "district": "North West Delhi"}, "geometry": {"type": "Polygon", "coordinates": [[[77.1057611345195, 28.738575035116714], [77.10575932517864, 28.738484833122104], [77.10555463850272, 28.738488022345294], [77.10555282934574, 28.73839782033752], [77.10524579953295, 28.7384026035741], [77.1052439906476, 28.738312401547258], [77.1056533633636, 28.738306023767414], [77.10565517260007, 28.738396225770554], [77.10585985908382, 28.73839303640445], [77.10586347793277, 28.738573440383107], [77.1057611345195, 28.738575035116714]]]}}, {"type": "Feature", "properties": {"id": "delhi-804", "status": "alive", "area_ha": 0.08, "water_left": 1.0, "baseline_years_with_water": 2, "recent_years_seen": [2024, 2025], "lat": 28.71387, "lon": 77.03956, "district": "North West Delhi"}, "geometry": {"type": "Polygon", "coordinates": [[[77.0394568707273, 28.714056146508838], [77.03945512010938, 28.713965940394438], [77.039352796351, 28.713967483654088], [77.0393510458288, 28.713877277532646], [77.03945336949951, 28.71387573427872], [77.03944986830386, 28.7136953220434], [77.03955219179116, 28.713693778723634], [77.03955394247265, 28.713783984836205], [77.03965626603961, 28.713782441433377], [77.03965451527044, 28.713692235326544], [77.03975683874168, 28.713690691852136], [77.03976034046343, 28.713871104053027], [77.03955569316219, 28.71387419094748], [77.03955919456534, 28.714054603166115], [77.0394568707273, 28.714056146508838]]]}}, {"type": "Feature", "properties": {"id": "delhi-1078", "status": "alive", "area_ha": 0.08, "water_left": 1.0, "baseline_years_with_water": 2, "recent_years_seen": [2024, 2025], "lat": 28.68046, "lon": 77.25449, "district": "North East Delhi"}, "geometry": {"type": "Polygon", "coordinates": [[[77.25439077858135, 28.680598334705884], [77.25438884623686, 28.68050814088108], [77.25428656945562, 28.68050984489639], [77.25428463720749, 28.680419651063932], [77.25448919058613, 28.68041624296879], [77.2544872581719, 28.68032604914768], [77.2546918113401, 28.680322640756522], [77.25469567652738, 28.68050302837205], [77.25459339977274, 28.6805047326189], [77.2545953322922, 28.680594926431024], [77.25439077858135, 28.680598334705884]]]}}, {"type": "Feature", "properties": {"id": "delhi-1129", "status": "alive", "area_ha": 0.08, "water_left": 1.0, "baseline_years_with_water": 2, "recent_years_seen": [2024, 2025], "lat": 28.67525, "lon": 77.24752, "district": "North East Delhi"}, "geometry": {"type": "Polygon", "coordinates": [[[77.24742456142232, 28.675390870564964], [77.24741878356545, 28.67512028758022], [77.24752105559536, 28.67511858904428], [77.24751912957329, 28.675028394719718], [77.24772367343164, 28.67502499742899], [77.24772752583446, 28.675205386051523], [77.24762525373478, 28.675207084748113], [77.247627179862, 28.675297279063706], [77.24752490766602, 28.675298977689454], [77.2475268337146, 28.67538917201006], [77.24742456142232, 28.675390870564964]]]}}, {"type": "Feature", "properties": {"id": "delhi-1212", "status": "alive", "area_ha": 0.08, "water_left": 1.0, "baseline_years_with_water": 2, "recent_years_seen": [2024, 2025], "lat": 28.66683, "lon": 77.14954, "district": "Central Delhi"}, "geometry": {"type": "Polygon", "coordinates": [[[77.1494438162305, 28.666967153297872], [77.14943829207826, 28.666696552141723], [77.14984737439168, 28.66669005533026], [77.14985105785097, 28.66687045605396], [77.1497487871104, 28.666872080384646], [77.14974694546397, 28.666781880017407], [77.1496446748024, 28.66678350426489], [77.14964651636139, 28.66687370463819], [77.14954424560389, 28.666875328814566], [77.14954608708389, 28.6669655291926], [77.1494438162305, 28.666967153297872]]]}}, {"type": "Feature", "properties": {"id": "delhi-1261", "status": "alive", "area_ha": 0.08, "water_left": 1.0, "baseline_years_with_water": 3, "recent_years_seen": [2024, 2025], "lat": 28.66166, "lon": 77.19583, "district": "Central Delhi"}, "geometry": {"type": "Polygon", "coordinates": [[[77.19578174458528, 28.661802191647954], [77.19577986391717, 28.661711993973636], [77.19567760130674, 28.66171365271835], [77.19567384017128, 28.661533257353415], [77.19577610260689, 28.661531598621053], [77.1957779832577, 28.661621796298004], [77.19598250827784, 28.66161847858955], [77.19598438911213, 28.66170867625283], [77.19618891427254, 28.661705358223518], [77.1961907952903, 28.661795555873134], [77.19578174458528, 28.661802191647954]]]}}, {"type": "Feature", "properties": {"id": "delhi-1269", "status": "alive", "area_ha": 0.08, "water_left": 1.0, "baseline_years_with_water": 3, "recent_years_seen": [2024, 2025], "lat": 28.6613, "lon": 77.19598, "district": "Central Delhi"}, "geometry": {"type": "Polygon", "coordinates": [[[77.19597874663515, 28.66143808325904], [77.19597686582678, 28.661347885591812], [77.19577234133114, 28.66135120326321], [77.19576858008993, 28.661170807900117], [77.19587084216724, 28.661169149115327], [77.19587272287094, 28.661259346791354], [77.1961795093133, 28.661254369955717], [77.19618139028788, 28.661344567611902], [77.19628365250547, 28.661342908506253], [77.19628553357609, 28.661433106154952], [77.19597874663515, 28.66143808325904]]]}}, {"type": "Feature", "properties": {"id": "delhi-1338", "status": "alive", "area_ha": 0.08, "water_left": 0.88, "baseline_years_with_water": 2, "recent_years_seen": [2024, 2025], "lat": 28.65686, "lon": 76.95277, "district": "South West Delhi"}, "geometry": {"type": "Polygon", "coordinates": [[[76.95262321433025, 28.65695561079502], [76.9526198700303, 28.656775187475468], [76.95272214362319, 28.65677371250359], [76.9527204713973, 28.65668350084737], [76.95292501838516, 28.656680550683145], [76.95293003561056, 28.65695118561498], [76.95262321433025, 28.65695561079502]]]}}, {"type": "Feature", "properties": {"id": "delhi-1356", "status": "alive", "area_ha": 0.08, "water_left": 0.75, "baseline_years_with_water": 2, "recent_years_seen": [2024, 2025], "lat": 28.65271, "lon": 77.08312, "district": "West Delhi"}, "geometry": {"type": "Polygon", "coordinates": [[[77.08297308710992, 28.65284744494521], [77.0829677368446, 28.652576831577992], [77.08306999813362, 28.65257525839791], [77.08306821464083, 28.65248505394543], [77.08317047583428, 28.652483480694087], [77.08317404300287, 28.652663889586037], [77.08327630436293, 28.652662316245856], [77.08327808804691, 28.652752520684025], [77.08317582659946, 28.65275409403006], [77.08317761020423, 28.652844298472772], [77.08297308710992, 28.65284744494521]]]}}, {"type": "Feature", "properties": {"id": "delhi-1609", "status": "alive", "area_ha": 0.08, "water_left": 1.0, "baseline_years_with_water": 3, "recent_years_seen": [2024, 2025], "lat": 28.62958, "lon": 77.22426, "district": "New Delhi"}, "geometry": {"type": "Polygon", "coordinates": [[[77.22405347942143, 28.629670818547858], [77.22404967475771, 28.629490425791168], [77.22445859230291, 28.6294837115426], [77.22446239766478, 28.629664104249265], [77.22405347942143, 28.629670818547858]]]}}, {"type": "Feature", "properties": {"id": "delhi-1840", "status": "alive", "area_ha": 0.08, "water_left": 0.88, "baseline_years_with_water": 3, "recent_years_seen": [2024, 2025], "lat": 28.60174, "lon": 77.02875, "district": "South West Delhi"}, "geometry": {"type": "Polygon", "coordinates": [[[77.02869921084852, 28.601967501861147], [77.02869574421486, 28.601787085437522], [77.02859352864085, 28.601788615094513], [77.02859179542317, 28.60169840687506], [77.02869401090999, 28.60169687722377], [77.02869227761308, 28.601606669008714], [77.02879449300474, 28.601605139286164], [77.02879622638883, 28.601695347495514], [77.02889844185971, 28.601693817690286], [77.02890364232137, 28.601964442293443], [77.02869921084852, 28.601967501861147]]]}}, {"type": "Feature", "properties": {"id": "delhi-2045", "status": "alive", "area_ha": 0.08, "water_left": 0.5, "baseline_years_with_water": 2, "recent_years_seen": [2024, 2025], "lat": 28.57795, "lon": 77.26865, "district": "South East Delhi"}, "geometry": {"type": "Polygon", "coordinates": [[[77.26855548024002, 28.57813539939456], [77.26854967155137, 28.57786481647845], [77.26865184786749, 28.577863107280034], [77.26864991156872, 28.5777729129784], [77.26875208778893, 28.577771203709506], [77.26875015141202, 28.577681009412924], [77.2688523275363, 28.577679300073566], [77.26885620047307, 28.57785968865265], [77.26875402417474, 28.577861398004767], [77.26875789697304, 28.578041786591328], [77.26865572049175, 28.578043495879342], [77.26865765681724, 28.578133690177015], [77.26855548024002, 28.57813539939456]]]}}, {"type": "Feature", "properties": {"id": "delhi-2298", "status": "alive", "area_ha": 0.08, "water_left": 1.0, "baseline_years_with_water": 3, "recent_years_seen": [2024, 2025], "lat": 28.55795, "lon": 77.10486, "district": "New Delhi"}, "geometry": {"type": "MultiPolygon", "coordinates": [[[[77.10480103151139, 28.557405618108476], [77.1046988637546, 28.557407202881407], [77.10470604345517, 28.557768020741886], [77.10480821155983, 28.557766435945297], [77.10480103151139, 28.557405618108476]]], [[[77.10481539174032, 28.558127253761285], [77.10491756018463, 28.558125668864225], [77.10491037965625, 28.5577648510719], [77.10480821155983, 28.557766435945297], [77.10481539174032, 28.558127253761285]]]]}}, {"type": "Feature", "properties": {"id": "delhi-2484", "status": "alive", "area_ha": 0.08, "water_left": 0.88, "baseline_years_with_water": 3, "recent_years_seen": [2024, 2025], "lat": 28.53894, "lon": 77.30526, "district": "South East Delhi"}, "geometry": {"type": "MultiPolygon", "coordinates": [[[[77.3049960735115, 28.538362995885034], [77.30489393792695, 28.538364730263133], [77.3048978659376, 28.53854511533708], [77.30500000169586, 28.538543380946024], [77.3049960735115, 28.538362995885034]]], [[[77.30500000169586, 28.538543380946024], [77.30500196580158, 28.538633573474538], [77.30510410163764, 28.538631839000296], [77.30510999426951, 28.53890241655848], [77.30521213035706, 28.538900681988096], [77.30520427318528, 28.538539911933775], [77.30500000169586, 28.538543380946024]]], [[[77.30531623083799, 28.538989139844787], [77.3053142664356, 28.538898947340993], [77.30521213035706, 28.538900681988096], [77.3052140946726, 28.538990874498367], [77.30531623083799, 28.538989139844787]]]]}}, {"type": "Feature", "properties": {"id": "delhi-2736", "status": "alive", "area_ha": 0.08, "water_left": 0.62, "baseline_years_with_water": 3, "recent_years_seen": [2024, 2025], "lat": 28.51655, "lon": 76.91473, "district": "South West Delhi"}, "geometry": {"type": "Polygon", "coordinates": [[[76.91458005859909, 28.516637856286376], [76.91457679846773, 28.516457425174085], [76.91467893866968, 28.51645598538331], [76.91467730852843, 28.516365769830617], [76.91488158873616, 28.51636289002969], [76.91488647970345, 28.516633536651657], [76.91458005859909, 28.516637856286376]]]}}]}